timeStamp,elapsed,label,responseCode,responseMessage,threadName,dataType,success,failureMessage,bytes,sentBytes,grpThreads,allThreads,URL,Latency,IdleTime,Connect
1781062204201,885,Config 2,200,OK,Stress Test 1-1,text,true,,231,158,3,3,http://localhost:8080/?token=494370254&user=-1356109124&config=2,877,0,90
1781062204419,777,Config 2,200,OK,Stress Test 1-2,text,true,,231,158,3,3,http://localhost:8080/?token=494370254&user=-1356109124&config=2,777,0,1
1781062205010,808,Config 2,200,OK,Stress Test 1-3,text,true,,231,158,4,4,http://localhost:8080/?token=494370254&user=-1356109124&config=2,808,0,1
1781062205608,789,Config 2,200,OK,Stress Test 1-4,text,true,,231,158,5,5,http://localhost:8080/?token=494370254&user=-1356109124&config=2,789,0,5
1781062206223,817,Config 2,200,OK,Stress Test 1-5,text,true,,231,158,6,6,http://localhost:8080/?token=494370254&user=-1356109124&config=2,817,0,2
1781062206337,742,Config 2,200,OK,Stress Test 1-2,text,true,,231,158,6,6,http://localhost:8080/?token=494370254&user=-1356109124&config=2,742,0,0
1781062206338,741,Config 2,200,OK,Stress Test 1-1,text,true,,231,158,6,6,http://localhost:8080/?token=494370254&user=-1356109124&config=2,741,0,0
1781062206547,754,Config 2,200,OK,Stress Test 1-3,text,true,,231,158,6,6,http://localhost:8080/?token=494370254&user=-1356109124&config=2,754,0,0
1781062206812,809,Config 2,200,OK,Stress Test 1-6,text,true,,231,158,7,7,http://localhost:8080/?token=494370254&user=-1356109124&config=2,809,0,2
1781062207119,739,Config 2,200,OK,Stress Test 1-4,text,true,,231,158,7,7,http://localhost:8080/?token=494370254&user=-1356109124&config=2,739,0,0
1781062207416,799,Config 2,200,OK,Stress Test 1-7,text,true,,231,158,8,8,http://localhost:8080/?token=494370254&user=-1356109124&config=2,799,0,3
1781062207729,731,Config 2,200,OK,Stress Test 1-5,text,true,,231,158,8,8,http://localhost:8080/?token=494370254&user=-1356109124&config=2,731,0,0
1781062207838,739,Config 2,200,OK,Stress Test 1-2,text,true,,231,158,8,8,http://localhost:8080/?token=494370254&user=-1356109124&config=2,739,0,0
1781062207838,739,Config 2,200,OK,Stress Test 1-1,text,true,,231,158,8,8,http://localhost:8080/?token=494370254&user=-1356109124&config=2,739,0,0
1781062208024,737,Config 2,200,OK,Stress Test 1-3,text,true,,231,158,9,9,http://localhost:8080/?token=494370254&user=-1356109124&config=2,737,0,0
1781062208008,782,Config 2,200,OK,Stress Test 1-8,text,true,,231,158,9,9,http://localhost:8080/?token=494370254&user=-1356109124&config=2,782,0,1
1781062208312,757,Config 2,200,OK,Stress Test 1-6,text,true,,231,158,9,9,http://localhost:8080/?token=494370254&user=-1356109124&config=2,757,0,0
1781062208608,750,Config 2,200,OK,Stress Test 1-4,text,true,,231,158,10,10,http://localhost:8080/?token=494370254&user=-1356109124&config=2,750,0,0
1781062208607,773,Config 2,200,OK,Stress Test 1-9,text,true,,231,158,10,10,http://localhost:8080/?token=494370254&user=-1356109124&config=2,773,0,1
1781062208916,744,Config 2,200,OK,Stress Test 1-7,text,true,,231,158,10,10,http://localhost:8080/?token=494370254&user=-1356109124&config=2,744,0,0
1781062209224,754,Config 2,200,OK,Stress Test 1-5,text,true,,231,158,11,11,http://localhost:8080/?token=494370254&user=-1356109124&config=2,754,0,0
1781062209206,802,Config 2,200,OK,Stress Test 1-10,text,true,,231,158,11,11,http://localhost:8080/?token=494370254&user=-1356109124&config=2,802,0,1
1781062209338,775,Config 2,200,OK,Stress Test 1-2,text,true,,231,158,11,11,http://localhost:8080/?token=494370254&user=-1356109124&config=2,775,0,0
1781062209338,777,Config 2,200,OK,Stress Test 1-1,text,true,,231,158,11,11,http://localhost:8080/?token=494370254&user=-1356109124&config=2,777,0,0
1781062209509,753,Config 2,200,OK,Stress Test 1-8,text,true,,231,158,11,11,http://localhost:8080/?token=494370254&user=-1356109124&config=2,753,0,0
1781062209510,775,Config 2,200,OK,Stress Test 1-3,text,true,,231,158,11,11,http://localhost:8080/?token=494370254&user=-1356109124&config=2,775,0,0
1781062209814,766,Config 2,200,OK,Stress Test 1-6,text,true,,231,158,12,12,http://localhost:8080/?token=494370254&user=-1356109124&config=2,766,0,0
1781062209806,795,Config 2,200,OK,Stress Test 1-11,text,true,,231,158,12,12,http://localhost:8080/?token=494370254&user=-1356109124&config=2,795,0,1
1781062210108,747,Config 2,200,OK,Stress Test 1-9,text,true,,231,158,12,12,http://localhost:8080/?token=494370254&user=-1356109124&config=2,747,0,0
1781062210109,746,Config 2,200,OK,Stress Test 1-4,text,true,,231,158,12,12,http://localhost:8080/?token=494370254&user=-1356109124&config=2,746,0,0
1781062210417,758,Config 2,200,OK,Stress Test 1-7,text,true,,231,158,13,13,http://localhost:8080/?token=494370254&user=-1356109124&config=2,758,0,0
1781062210415,815,Config 2,200,OK,Stress Test 1-12,text,true,,231,158,13,13,http://localhost:8080/?token=494370254&user=-1356109124&config=2,815,0,1
1781062210707,770,Config 2,200,OK,Stress Test 1-10,text,true,,231,158,13,13,http://localhost:8080/?token=494370254&user=-1356109124&config=2,770,0,0
1781062210723,754,Config 2,200,OK,Stress Test 1-5,text,true,,231,158,13,13,http://localhost:8080/?token=494370254&user=-1356109124&config=2,754,0,0
1781062210839,788,Config 2,200,OK,Stress Test 1-2,text,true,,231,158,14,14,http://localhost:8080/?token=494370254&user=-1356109124&config=2,788,0,0
1781062210839,788,Config 2,200,OK,Stress Test 1-1,text,true,,231,158,14,14,http://localhost:8080/?token=494370254&user=-1356109124&config=2,788,0,0
1781062211011,777,Config 2,200,OK,Stress Test 1-8,text,true,,231,158,14,14,http://localhost:8080/?token=494370254&user=-1356109124&config=2,777,0,0
1781062211011,777,Config 2,200,OK,Stress Test 1-3,text,true,,231,158,14,14,http://localhost:8080/?token=494370254&user=-1356109124&config=2,777,0,0
1781062211013,792,Config 2,200,OK,Stress Test 1-13,text,true,,231,158,14,14,http://localhost:8080/?token=494370254&user=-1356109124&config=2,792,0,1
1781062211308,764,Config 2,200,OK,Stress Test 1-11,text,true,,231,158,14,14,http://localhost:8080/?token=494370254&user=-1356109124&config=2,764,0,0
1781062211312,760,Config 2,200,OK,Stress Test 1-6,text,true,,231,158,14,14,http://localhost:8080/?token=494370254&user=-1356109124&config=2,760,0,0
1781062211609,770,Config 2,200,OK,Stress Test 1-9,text,true,,231,158,15,15,http://localhost:8080/?token=494370254&user=-1356109124&config=2,770,0,0
1781062211611,800,Config 2,200,OK,Stress Test 1-4,text,true,,231,158,15,15,http://localhost:8080/?token=494370254&user=-1356109124&config=2,800,0,0
1781062211607,825,Config 2,200,OK,Stress Test 1-14,text,true,,231,158,15,15,http://localhost:8080/?token=494370254&user=-1356109124&config=2,825,0,2
1781062211916,758,Config 2,200,OK,Stress Test 1-12,text,true,,231,158,15,15,http://localhost:8080/?token=494370254&user=-1356109124&config=2,758,0,0
1781062211919,790,Config 2,200,OK,Stress Test 1-7,text,true,,231,158,15,15,http://localhost:8080/?token=494370254&user=-1356109124&config=2,790,0,0
1781062212206,764,Config 2,200,OK,Stress Test 1-10,text,true,,231,158,16,16,http://localhost:8080/?token=494370254&user=-1356109124&config=2,764,0,0
1781062212223,822,Config 2,200,OK,Stress Test 1-5,text,true,,231,158,16,16,http://localhost:8080/?token=494370254&user=-1356109124&config=2,822,0,0
1781062212210,860,Config 2,200,OK,Stress Test 1-15,text,true,,231,158,16,16,http://localhost:8080/?token=494370254&user=-1356109124&config=2,860,0,2
1781062212338,769,Config 2,200,OK,Stress Test 1-2,text,true,,231,158,16,16,http://localhost:8080/?token=494370254&user=-1356109124&config=2,769,0,0
1781062212338,769,Config 2,200,OK,Stress Test 1-1,text,true,,231,158,16,16,http://localhost:8080/?token=494370254&user=-1356109124&config=2,769,0,0
1781062212510,765,Config 2,200,OK,Stress Test 1-3,text,true,,231,158,16,16,http://localhost:8080/?token=494370254&user=-1356109124&config=2,765,0,0
1781062212510,765,Config 2,200,OK,Stress Test 1-8,text,true,,231,158,16,16,http://localhost:8080/?token=494370254&user=-1356109124&config=2,765,0,0
1781062212512,780,Config 2,200,OK,Stress Test 1-13,text,true,,231,158,16,16,http://localhost:8080/?token=494370254&user=-1356109124&config=2,780,0,0
1781062212807,776,Config 2,200,OK,Stress Test 1-11,text,true,,231,158,17,17,http://localhost:8080/?token=494370254&user=-1356109124&config=2,776,0,0
1781062212813,770,Config 2,200,OK,Stress Test 1-6,text,true,,231,158,17,17,http://localhost:8080/?token=494370254&user=-1356109124&config=2,770,0,0
1781062212814,815,Config 2,200,OK,Stress Test 1-16,text,true,,231,158,17,17,http://localhost:8080/?token=494370254&user=-1356109124&config=2,815,0,2
1781062213115,775,Config 2,200,OK,Stress Test 1-14,text,true,,231,158,17,17,http://localhost:8080/?token=494370254&user=-1356109124&config=2,775,0,0
1781062213115,776,Config 2,200,OK,Stress Test 1-4,text,true,,231,158,17,17,http://localhost:8080/?token=494370254&user=-1356109124&config=2,776,0,0
1781062213115,777,Config 2,200,OK,Stress Test 1-9,text,true,,231,158,17,17,http://localhost:8080/?token=494370254&user=-1356109124&config=2,777,0,0
1781062213428,775,Config 2,200,OK,Stress Test 1-12,text,true,,231,158,18,18,http://localhost:8080/?token=494370254&user=-1356109124&config=2,775,0,0
1781062213428,776,Config 2,200,OK,Stress Test 1-7,text,true,,231,158,18,18,http://localhost:8080/?token=494370254&user=-1356109124&config=2,776,0,0
1781062213430,824,Config 2,200,OK,Stress Test 1-17,text,true,,231,158,18,18,http://localhost:8080/?token=494370254&user=-1356109124&config=2,824,0,1
1781062213709,780,Config 2,200,OK,Stress Test 1-15,text,true,,231,158,18,18,http://localhost:8080/?token=494370254&user=-1356109124&config=2,780,0,0
1781062213709,780,Config 2,200,OK,Stress Test 1-10,text,true,,231,158,18,18,http://localhost:8080/?token=494370254&user=-1356109124&config=2,780,0,0
1781062213724,781,Config 2,200,OK,Stress Test 1-5,text,true,,231,158,18,18,http://localhost:8080/?token=494370254&user=-1356109124&config=2,781,0,0
1781062213850,798,Config 2,200,OK,Stress Test 1-1,text,true,,231,158,19,19,http://localhost:8080/?token=494370254&user=-1356109124&config=2,798,0,0
1781062213850,799,Config 2,200,OK,Stress Test 1-2,text,true,,231,158,19,19,http://localhost:8080/?token=494370254&user=-1356109124&config=2,799,0,0
1781062214021,787,Config 2,200,OK,Stress Test 1-3,text,true,,231,158,19,19,http://localhost:8080/?token=494370254&user=-1356109124&config=2,787,0,0
1781062214021,788,Config 2,200,OK,Stress Test 1-13,text,true,,231,158,19,19,http://localhost:8080/?token=494370254&user=-1356109124&config=2,788,0,0
1781062214021,788,Config 2,200,OK,Stress Test 1-8,text,true,,231,158,19,19,http://localhost:8080/?token=494370254&user=-1356109124&config=2,788,0,0
1781062214022,833,Config 2,200,OK,Stress Test 1-18,text,true,,231,158,19,19,http://localhost:8080/?token=494370254&user=-1356109124&config=2,833,0,1
1781062214316,796,Config 2,200,OK,Stress Test 1-11,text,true,,231,158,19,19,http://localhost:8080/?token=494370254&user=-1356109124&config=2,796,0,0
1781062214316,796,Config 2,200,OK,Stress Test 1-6,text,true,,231,158,19,19,http://localhost:8080/?token=494370254&user=-1356109124&config=2,796,0,0
1781062214316,797,Config 2,200,OK,Stress Test 1-16,text,true,,231,158,19,19,http://localhost:8080/?token=494370254&user=-1356109124&config=2,797,0,0
1781062214614,795,Config 2,200,OK,Stress Test 1-4,text,true,,231,158,20,20,http://localhost:8080/?token=494370254&user=-1356109124&config=2,795,0,0
1781062214614,795,Config 2,200,OK,Stress Test 1-14,text,true,,231,158,20,20,http://localhost:8080/?token=494370254&user=-1356109124&config=2,795,0,0
1781062214614,795,Config 2,200,OK,Stress Test 1-9,text,true,,231,158,20,20,http://localhost:8080/?token=494370254&user=-1356109124&config=2,795,0,0
1781062214616,873,Config 2,200,OK,Stress Test 1-19,text,true,,231,158,20,20,http://localhost:8080/?token=494370254&user=-1356109124&config=2,873,0,1
1781062214926,792,Config 2,200,OK,Stress Test 1-12,text,true,,231,158,20,20,http://localhost:8080/?token=494370254&user=-1356109124&config=2,792,0,0
1781062214926,794,Config 2,200,OK,Stress Test 1-7,text,true,,231,158,20,20,http://localhost:8080/?token=494370254&user=-1356109124&config=2,794,0,0
1781062214942,845,Config 2,200,OK,Stress Test 1-17,text,true,,231,158,20,20,http://localhost:8080/?token=494370254&user=-1356109124&config=2,845,0,0
1781062215222,803,Config 2,200,OK,Stress Test 1-15,text,true,,231,158,21,21,http://localhost:8080/?token=494370254&user=-1356109124&config=2,803,0,0
1781062215206,819,Config 2,200,OK,Stress Test 1-10,text,true,,231,158,21,21,http://localhost:8080/?token=494370254&user=-1356109124&config=2,819,0,0
1781062215238,816,Config 2,200,OK,Stress Test 1-5,text,true,,231,158,21,21,http://localhost:8080/?token=494370254&user=-1356109124&config=2,816,0,0
1781062215223,863,Config 2,200,OK,Stress Test 1-20,text,true,,231,158,21,21,http://localhost:8080/?token=494370254&user=-1356109124&config=2,863,0,1
1781062215346,826,Config 2,200,OK,Stress Test 1-2,text,true,,231,158,21,21,http://localhost:8080/?token=494370254&user=-1356109124&config=2,826,0,0
1781062215346,826,Config 2,200,OK,Stress Test 1-1,text,true,,231,158,21,21,http://localhost:8080/?token=494370254&user=-1356109124&config=2,826,0,0
1781062215518,802,Config 2,200,OK,Stress Test 1-13,text,true,,231,158,21,21,http://localhost:8080/?token=494370254&user=-1356109124&config=2,802,0,0
1781062215518,803,Config 2,200,OK,Stress Test 1-8,text,true,,231,158,21,21,http://localhost:8080/?token=494370254&user=-1356109124&config=2,803,0,0
1781062215518,804,Config 2,200,OK,Stress Test 1-3,text,true,,231,158,21,21,http://localhost:8080/?token=494370254&user=-1356109124&config=2,804,0,0
1781062215533,812,Config 2,200,OK,Stress Test 1-18,text,true,,231,158,21,21,http://localhost:8080/?token=494370254&user=-1356109124&config=2,811,0,0
1781062215809,828,Config 2,200,OK,Stress Test 1-11,text,true,,231,158,22,22,http://localhost:8080/?token=494370254&user=-1356109124&config=2,828,0,0
1781062215826,811,Config 2,200,OK,Stress Test 1-16,text,true,,231,158,22,22,http://localhost:8080/?token=494370254&user=-1356109124&config=2,811,0,0
1781062215826,812,Config 2,200,OK,Stress Test 1-6,text,true,,231,158,22,22,http://localhost:8080/?token=494370254&user=-1356109124&config=2,812,0,0
1781062215811,848,Config 2,200,OK,Stress Test 1-21,text,true,,231,158,22,22,http://localhost:8080/?token=494370254&user=-1356109124&config=2,848,0,2
1781062216115,813,Config 2,200,OK,Stress Test 1-14,text,true,,231,158,22,22,http://localhost:8080/?token=494370254&user=-1356109124&config=2,813,0,0
1781062216114,815,Config 2,200,OK,Stress Test 1-4,text,true,,231,158,22,22,http://localhost:8080/?token=494370254&user=-1356109124&config=2,815,0,0
1781062216114,815,Config 2,200,OK,Stress Test 1-9,text,true,,231,158,22,22,http://localhost:8080/?token=494370254&user=-1356109124&config=2,815,0,0
1781062216129,831,Config 2,200,OK,Stress Test 1-19,text,true,,231,158,22,22,http://localhost:8080/?token=494370254&user=-1356109124&config=2,831,0,0
1781062216416,825,Config 2,200,OK,Stress Test 1-12,text,true,,231,158,23,23,http://localhost:8080/?token=494370254&user=-1356109124&config=2,825,0,0
1781062216432,814,Config 2,200,OK,Stress Test 1-17,text,true,,231,158,23,23,http://localhost:8080/?token=494370254&user=-1356109124&config=2,814,0,0
1781062216432,819,Config 2,200,OK,Stress Test 1-7,text,true,,231,158,23,23,http://localhost:8080/?token=494370254&user=-1356109124&config=2,819,0,0
1781062216417,851,Config 2,200,OK,Stress Test 1-22,text,true,,231,158,23,23,http://localhost:8080/?token=494370254&user=-1356109124&config=2,851,0,1
1781062216721,824,Config 2,200,OK,Stress Test 1-10,text,true,,231,158,23,23,http://localhost:8080/?token=494370254&user=-1356109124&config=2,824,0,0
1781062216721,826,Config 2,200,OK,Stress Test 1-15,text,true,,231,158,23,23,http://localhost:8080/?token=494370254&user=-1356109124&config=2,826,0,0
1781062216737,822,Config 2,200,OK,Stress Test 1-5,text,true,,231,158,23,23,http://localhost:8080/?token=494370254&user=-1356109124&config=2,822,0,0
1781062216737,822,Config 2,200,OK,Stress Test 1-20,text,true,,231,158,23,23,http://localhost:8080/?token=494370254&user=-1356109124&config=2,822,0,0
1781062216849,830,Config 2,200,OK,Stress Test 1-1,text,true,,231,158,24,24,http://localhost:8080/?token=494370254&user=-1356109124&config=2,830,0,0
1781062216849,832,Config 2,200,OK,Stress Test 1-2,text,true,,231,158,24,24,http://localhost:8080/?token=494370254&user=-1356109124&config=2,832,0,0
1781062217014,827,Config 2,200,OK,Stress Test 1-3,text,true,,231,158,24,24,http://localhost:8080/?token=494370254&user=-1356109124&config=2,827,0,0
1781062217014,827,Config 2,200,OK,Stress Test 1-13,text,true,,231,158,24,24,http://localhost:8080/?token=494370254&user=-1356109124&config=2,827,0,0
1781062217014,827,Config 2,200,OK,Stress Test 1-8,text,true,,231,158,24,24,http://localhost:8080/?token=494370254&user=-1356109124&config=2,827,0,0
1781062217039,830,Config 2,200,OK,Stress Test 1-18,text,true,,231,158,24,24,http://localhost:8080/?token=494370254&user=-1356109124&config=2,830,0,0
1781062217016,879,Config 2,200,OK,Stress Test 1-23,text,true,,231,158,24,24,http://localhost:8080/?token=494370254&user=-1356109124&config=2,879,0,1
1781062217319,837,Config 2,200,OK,Stress Test 1-11,text,true,,231,158,24,24,http://localhost:8080/?token=494370254&user=-1356109124&config=2,837,0,0
1781062217319,837,Config 2,200,OK,Stress Test 1-21,text,true,,231,158,24,24,http://localhost:8080/?token=494370254&user=-1356109124&config=2,837,0,0
1781062217336,833,Config 2,200,OK,Stress Test 1-16,text,true,,231,158,24,24,http://localhost:8080/?token=494370254&user=-1356109124&config=2,833,0,0
1781062217336,864,Config 2,200,OK,Stress Test 1-6,text,true,,231,158,24,24,http://localhost:8080/?token=494370254&user=-1356109124&config=2,864,0,0
1781062217609,834,Config 2,200,OK,Stress Test 1-4,text,true,,231,158,25,25,http://localhost:8080/?token=494370254&user=-1356109124&config=2,834,0,0
1781062217609,835,Config 2,200,OK,Stress Test 1-14,text,true,,231,158,25,25,http://localhost:8080/?token=494370254&user=-1356109124&config=2,835,0,0
1781062217609,836,Config 2,200,OK,Stress Test 1-9,text,true,,231,158,25,25,http://localhost:8080/?token=494370254&user=-1356109124&config=2,836,0,0
1781062217625,856,Config 2,200,OK,Stress Test 1-19,text,true,,231,158,25,25,http://localhost:8080/?token=494370254&user=-1356109124&config=2,856,0,0
1781062217611,888,Config 2,200,OK,Stress Test 1-24,text,true,,231,158,25,25,http://localhost:8080/?token=494370254&user=-1356109124&config=2,888,0,1
1781062217931,846,Config 2,200,OK,Stress Test 1-7,text,true,,231,158,25,25,http://localhost:8080/?token=494370254&user=-1356109124&config=2,846,0,0
1781062217931,847,Config 2,200,OK,Stress Test 1-12,text,true,,231,158,25,25,http://localhost:8080/?token=494370254&user=-1356109124&config=2,847,0,0
1781062217946,843,Config 2,200,OK,Stress Test 1-17,text,true,,231,158,25,25,http://localhost:8080/?token=494370254&user=-1356109124&config=2,843,0,0
1781062217946,843,Config 2,200,OK,Stress Test 1-22,text,true,,231,158,25,25,http://localhost:8080/?token=494370254&user=-1356109124&config=2,843,0,0
1781062218222,839,Config 2,200,OK,Stress Test 1-15,text,true,,231,158,26,26,http://localhost:8080/?token=494370254&user=-1356109124&config=2,839,0,0
1781062218222,841,Config 2,200,OK,Stress Test 1-10,text,true,,231,158,26,26,http://localhost:8080/?token=494370254&user=-1356109124&config=2,841,0,0
1781062218238,848,Config 2,200,OK,Stress Test 1-20,text,true,,231,158,26,26,http://localhost:8080/?token=494370254&user=-1356109124&config=2,848,0,0
1781062218238,848,Config 2,200,OK,Stress Test 1-5,text,true,,231,158,26,26,http://localhost:8080/?token=494370254&user=-1356109124&config=2,848,0,0
1781062218224,881,Config 2,200,OK,Stress Test 1-25,text,true,,231,158,26,26,http://localhost:8080/?token=494370254&user=-1356109124&config=2,881,0,1
1781062218352,849,Config 2,200,OK,Stress Test 1-1,text,true,,231,158,26,26,http://localhost:8080/?token=494370254&user=-1356109124&config=2,849,0,0
1781062218351,850,Config 2,200,OK,Stress Test 1-2,text,true,,231,158,26,26,http://localhost:8080/?token=494370254&user=-1356109124&config=2,850,0,0
1781062218530,856,Config 2,200,OK,Stress Test 1-8,text,true,,231,158,26,26,http://localhost:8080/?token=494370254&user=-1356109124&config=2,856,0,0
1781062218529,857,Config 2,200,OK,Stress Test 1-13,text,true,,231,158,26,26,http://localhost:8080/?token=494370254&user=-1356109124&config=2,857,0,0
1781062218530,856,Config 2,200,OK,Stress Test 1-18,text,true,,231,158,26,26,http://localhost:8080/?token=494370254&user=-1356109124&config=2,856,0,0
1781062218531,855,Config 2,200,OK,Stress Test 1-3,text,true,,231,158,26,26,http://localhost:8080/?token=494370254&user=-1356109124&config=2,855,0,0
1781062218530,861,Config 2,200,OK,Stress Test 1-23,text,true,,231,158,26,26,http://localhost:8080/?token=494370254&user=-1356109124&config=2,861,0,0
1781062218821,854,Config 2,200,OK,Stress Test 1-21,text,true,,231,158,27,27,http://localhost:8080/?token=494370254&user=-1356109124&config=2,854,0,0
1781062218821,855,Config 2,200,OK,Stress Test 1-11,text,true,,231,158,27,27,http://localhost:8080/?token=494370254&user=-1356109124&config=2,855,0,0
1781062218837,865,Config 2,200,OK,Stress Test 1-16,text,true,,231,158,27,27,http://localhost:8080/?token=494370254&user=-1356109124&config=2,865,0,0
1781062218837,866,Config 2,200,OK,Stress Test 1-6,text,true,,231,158,27,27,http://localhost:8080/?token=494370254&user=-1356109124&config=2,866,0,0
1781062218823,954,Config 2,200,OK,Stress Test 1-26,text,true,,231,158,27,27,http://localhost:8080/?token=494370254&user=-1356109124&config=2,954,0,1
1781062219124,864,Config 2,200,OK,Stress Test 1-14,text,true,,231,158,27,27,http://localhost:8080/?token=494370254&user=-1356109124&config=2,864,0,0
1781062219125,863,Config 2,200,OK,Stress Test 1-19,text,true,,231,158,27,27,http://localhost:8080/?token=494370254&user=-1356109124&config=2,863,0,0
1781062219124,864,Config 2,200,OK,Stress Test 1-9,text,true,,231,158,27,27,http://localhost:8080/?token=494370254&user=-1356109124&config=2,864,0,0
1781062219125,865,Config 2,200,OK,Stress Test 1-24,text,true,,231,158,27,27,http://localhost:8080/?token=494370254&user=-1356109124&config=2,865,0,0
1781062219124,871,Config 2,200,OK,Stress Test 1-4,text,true,,231,158,27,27,http://localhost:8080/?token=494370254&user=-1356109124&config=2,871,0,0
1781062219431,876,Config 2,200,OK,Stress Test 1-17,text,true,,231,158,28,28,http://localhost:8080/?token=494370254&user=-1356109124&config=2,876,0,0
1781062219431,876,Config 2,200,OK,Stress Test 1-7,text,true,,231,158,28,28,http://localhost:8080/?token=494370254&user=-1356109124&config=2,876,0,0
1781062219431,878,Config 2,200,OK,Stress Test 1-12,text,true,,231,158,28,28,http://localhost:8080/?token=494370254&user=-1356109124&config=2,878,0,0
1781062219431,881,Config 2,200,OK,Stress Test 1-22,text,true,,231,158,28,28,http://localhost:8080/?token=494370254&user=-1356109124&config=2,881,0,0
1781062219416,921,Config 2,200,OK,Stress Test 1-27,text,true,,231,158,28,28,http://localhost:8080/?token=494370254&user=-1356109124&config=2,920,0,1
1781062219723,872,Config 2,200,OK,Stress Test 1-10,text,true,,231,158,28,28,http://localhost:8080/?token=494370254&user=-1356109124&config=2,872,0,0
1781062219723,872,Config 2,200,OK,Stress Test 1-15,text,true,,231,158,28,28,http://localhost:8080/?token=494370254&user=-1356109124&config=2,872,0,0
1781062219739,876,Config 2,200,OK,Stress Test 1-20,text,true,,231,158,28,28,http://localhost:8080/?token=494370254&user=-1356109124&config=2,876,0,0
1781062219739,879,Config 2,200,OK,Stress Test 1-5,text,true,,231,158,29,29,http://localhost:8080/?token=494370254&user=-1356109124&config=2,879,0,0
1781062219739,879,Config 2,200,OK,Stress Test 1-25,text,true,,231,158,29,29,http://localhost:8080/?token=494370254&user=-1356109124&config=2,879,0,0
1781062219852,888,Config 2,200,OK,Stress Test 1-2,text,true,,231,158,29,29,http://localhost:8080/?token=494370254&user=-1356109124&config=2,888,0,0
1781062219852,888,Config 2,200,OK,Stress Test 1-1,text,true,,231,158,29,29,http://localhost:8080/?token=494370254&user=-1356109124&config=2,888,0,0
1781062220013,876,Config 2,200,OK,Stress Test 1-13,text,true,,231,158,29,29,http://localhost:8080/?token=494370254&user=-1356109124&config=2,875,0,0
1781062220012,882,Config 2,200,OK,Stress Test 1-3,text,true,,231,158,29,29,http://localhost:8080/?token=494370254&user=-1356109124&config=2,882,0,0
1781062220013,881,Config 2,200,OK,Stress Test 1-8,text,true,,231,158,29,29,http://localhost:8080/?token=494370254&user=-1356109124&config=2,881,0,0
1781062220028,878,Config 2,200,OK,Stress Test 1-18,text,true,,231,158,29,29,http://localhost:8080/?token=494370254&user=-1356109124&config=2,878,0,0
1781062220028,881,Config 2,200,OK,Stress Test 1-23,text,true,,231,158,29,29,http://localhost:8080/?token=494370254&user=-1356109124&config=2,881,0,0
1781062220014,925,Config 2,200,OK,Stress Test 1-28,text,true,,231,158,29,29,http://localhost:8080/?token=494370254&user=-1356109124&config=2,925,0,1
1781062220320,884,Config 2,200,OK,Stress Test 1-21,text,true,,231,158,29,29,http://localhost:8080/?token=494370254&user=-1356109124&config=2,884,0,0
1781062220320,884,Config 2,200,OK,Stress Test 1-11,text,true,,231,158,29,29,http://localhost:8080/?token=494370254&user=-1356109124&config=2,884,0,0
1781062220336,899,Config 2,200,OK,Stress Test 1-16,text,true,,231,158,30,30,http://localhost:8080/?token=494370254&user=-1356109124&config=2,899,0,0
1781062220336,899,Config 2,200,OK,Stress Test 1-6,text,true,,231,158,30,30,http://localhost:8080/?token=494370254&user=-1356109124&config=2,899,0,0
1781062220337,898,Config 2,200,OK,Stress Test 1-26,text,true,,231,158,30,30,http://localhost:8080/?token=494370254&user=-1356109124&config=2,898,0,0
1781062220614,889,Config 2,200,OK,Stress Test 1-9,text,true,,231,158,30,30,http://localhost:8080/?token=494370254&user=-1356109124&config=2,889,0,0
1781062220614,889,Config 2,200,OK,Stress Test 1-4,text,true,,231,158,30,30,http://localhost:8080/?token=494370254&user=-1356109124&config=2,889,0,0
1781062220614,895,Config 2,200,OK,Stress Test 1-14,text,true,,231,158,30,30,http://localhost:8080/?token=494370254&user=-1356109124&config=2,895,0,0
1781062220614,895,Config 2,200,OK,Stress Test 1-24,text,true,,231,158,30,30,http://localhost:8080/?token=494370254&user=-1356109124&config=2,895,0,0
1781062220628,896,Config 2,200,OK,Stress Test 1-19,text,true,,231,158,30,30,http://localhost:8080/?token=494370254&user=-1356109124&config=2,896,0,0
1781062220616,942,Config 2,200,OK,Stress Test 1-29,text,true,,231,158,30,30,http://localhost:8080/?token=494370254&user=-1356109124&config=2,942,0,2
1781062220915,893,Config 2,200,OK,Stress Test 1-7,text,true,,231,158,30,30,http://localhost:8080/?token=494370254&user=-1356109124&config=2,893,0,0
1781062220915,895,Config 2,200,OK,Stress Test 1-22,text,true,,231,158,30,30,http://localhost:8080/?token=494370254&user=-1356109124&config=2,895,0,0
1781062220915,895,Config 2,200,OK,Stress Test 1-12,text,true,,231,158,30,30,http://localhost:8080/?token=494370254&user=-1356109124&config=2,895,0,0
1781062220931,894,Config 2,200,OK,Stress Test 1-17,text,true,,231,158,31,31,http://localhost:8080/?token=494370254&user=-1356109124&config=2,893,0,0
1781062220931,894,Config 2,200,OK,Stress Test 1-27,text,true,,231,158,31,31,http://localhost:8080/?token=494370254&user=-1356109124&config=2,894,0,0
1781062221223,899,Config 2,200,OK,Stress Test 1-15,text,true,,231,158,31,31,http://localhost:8080/?token=494370254&user=-1356109124&config=2,899,0,0
1781062221223,899,Config 2,200,OK,Stress Test 1-20,text,true,,231,158,31,31,http://localhost:8080/?token=494370254&user=-1356109124&config=2,899,0,0
1781062221223,901,Config 2,200,OK,Stress Test 1-5,text,true,,231,158,31,31,http://localhost:8080/?token=494370254&user=-1356109124&config=2,901,0,0
1781062221224,916,Config 2,200,OK,Stress Test 1-10,text,true,,231,158,31,31,http://localhost:8080/?token=494370254&user=-1356109124&config=2,916,0,0
1781062221239,921,Config 2,200,OK,Stress Test 1-25,text,true,,231,158,31,31,http://localhost:8080/?token=494370254&user=-1356109124&config=2,921,0,0
1781062221227,955,Config 2,200,OK,Stress Test 1-30,text,true,,231,158,31,31,http://localhost:8080/?token=494370254&user=-1356109124&config=2,955,0,2
1781062221352,908,Config 2,200,OK,Stress Test 1-2,text,true,,231,158,31,31,http://localhost:8080/?token=494370254&user=-1356109124&config=2,908,0,0
1781062221352,909,Config 2,200,OK,Stress Test 1-1,text,true,,231,158,31,31,http://localhost:8080/?token=494370254&user=-1356109124&config=2,909,0,0
1781062221529,908,Config 2,200,OK,Stress Test 1-3,text,true,,231,158,32,32,http://localhost:8080/?token=494370254&user=-1356109124&config=2,908,0,0
1781062221530,908,Config 2,200,OK,Stress Test 1-8,text,true,,231,158,32,32,http://localhost:8080/?token=494370254&user=-1356109124&config=2,908,0,0
1781062221530,910,Config 2,200,OK,Stress Test 1-23,text,true,,231,158,32,32,http://localhost:8080/?token=494370254&user=-1356109124&config=2,910,0,0
1781062221530,912,Config 2,200,OK,Stress Test 1-18,text,true,,231,158,32,32,http://localhost:8080/?token=494370254&user=-1356109124&config=2,912,0,0
1781062221529,915,Config 2,200,OK,Stress Test 1-28,text,true,,231,158,32,32,http://localhost:8080/?token=494370254&user=-1356109124&config=2,915,0,0
1781062221530,917,Config 2,200,OK,Stress Test 1-13,text,true,,231,158,32,32,http://localhost:8080/?token=494370254&user=-1356109124&config=2,917,0,0
1781062221823,914,Config 2,200,OK,Stress Test 1-11,text,true,,231,158,32,32,http://localhost:8080/?token=494370254&user=-1356109124&config=2,914,0,0
1781062221823,915,Config 2,200,OK,Stress Test 1-21,text,true,,231,158,32,32,http://localhost:8080/?token=494370254&user=-1356109124&config=2,915,0,0
1781062221823,917,Config 2,200,OK,Stress Test 1-6,text,true,,231,158,32,32,http://localhost:8080/?token=494370254&user=-1356109124&config=2,917,0,0
1781062221839,925,Config 2,200,OK,Stress Test 1-26,text,true,,231,158,32,32,http://localhost:8080/?token=494370254&user=-1356109124&config=2,925,0,0
1781062221839,930,Config 2,200,OK,Stress Test 1-16,text,true,,231,158,32,32,http://localhost:8080/?token=494370254&user=-1356109124&config=2,930,0,0
1781062221825,997,Config 2,200,OK,Stress Test 1-31,text,true,,231,158,32,32,http://localhost:8080/?token=494370254&user=-1356109124&config=2,997,0,1
1781062222115,928,Config 2,200,OK,Stress Test 1-9,text,true,,231,158,33,33,http://localhost:8080/?token=494370254&user=-1356109124&config=2,928,0,0
1781062222114,929,Config 2,200,OK,Stress Test 1-14,text,true,,231,158,33,33,http://localhost:8080/?token=494370254&user=-1356109124&config=2,929,0,0
1781062222114,929,Config 2,200,OK,Stress Test 1-4,text,true,,231,158,33,33,http://localhost:8080/?token=494370254&user=-1356109124&config=2,929,0,0
1781062222130,924,Config 2,200,OK,Stress Test 1-24,text,true,,231,158,33,33,http://localhost:8080/?token=494370254&user=-1356109124&config=2,924,0,0
1781062222130,926,Config 2,200,OK,Stress Test 1-19,text,true,,231,158,33,33,http://localhost:8080/?token=494370254&user=-1356109124&config=2,926,0,0
1781062222130,928,Config 2,200,OK,Stress Test 1-29,text,true,,231,158,33,33,http://localhost:8080/?token=494370254&user=-1356109124&config=2,928,0,0
1781062222419,920,Config 2,200,OK,Stress Test 1-12,text,true,,231,158,33,33,http://localhost:8080/?token=494370254&user=-1356109124&config=2,920,0,0
1781062222419,921,Config 2,200,OK,Stress Test 1-27,text,true,,231,158,33,33,http://localhost:8080/?token=494370254&user=-1356109124&config=2,921,0,0
1781062222421,930,Config 2,200,OK,Stress Test 1-7,text,true,,231,158,33,33,http://localhost:8080/?token=494370254&user=-1356109124&config=2,930,0,0
1781062222436,939,Config 2,200,OK,Stress Test 1-17,text,true,,231,158,33,33,http://localhost:8080/?token=494370254&user=-1356109124&config=2,939,0,0
1781062222435,942,Config 2,200,OK,Stress Test 1-22,text,true,,231,158,33,33,http://localhost:8080/?token=494370254&user=-1356109124&config=2,942,0,0
1781062222423,1012,Config 2,200,OK,Stress Test 1-32,text,true,,231,158,33,33,http://localhost:8080/?token=494370254&user=-1356109124&config=2,1012,0,1
1781062222704,953,Config 2,200,OK,Stress Test 1-10,text,true,,231,158,34,34,http://localhost:8080/?token=494370254&user=-1356109124&config=2,953,0,0
1781062222737,930,Config 2,200,OK,Stress Test 1-20,text,true,,231,158,34,34,http://localhost:8080/?token=494370254&user=-1356109124&config=2,930,0,0
1781062222720,949,Config 2,200,OK,Stress Test 1-15,text,true,,231,158,34,34,http://localhost:8080/?token=494370254&user=-1356109124&config=2,948,0,0
1781062222736,934,Config 2,200,OK,Stress Test 1-25,text,true,,231,158,34,34,http://localhost:8080/?token=494370254&user=-1356109124&config=2,934,0,0
1781062222736,937,Config 2,200,OK,Stress Test 1-5,text,true,,231,158,34,34,http://localhost:8080/?token=494370254&user=-1356109124&config=2,937,0,0
1781062222736,939,Config 2,200,OK,Stress Test 1-30,text,true,,231,158,34,34,http://localhost:8080/?token=494370254&user=-1356109124&config=2,939,0,0
1781062222846,942,Config 2,200,OK,Stress Test 1-2,text,true,,231,158,34,34,http://localhost:8080/?token=494370254&user=-1356109124&config=2,942,0,0
1781062222846,948,Config 2,200,OK,Stress Test 1-1,text,true,,231,158,34,34,http://localhost:8080/?token=494370254&user=-1356109124&config=2,948,0,0
1781062223020,951,Config 2,200,OK,Stress Test 1-23,text,true,,231,158,34,34,http://localhost:8080/?token=494370254&user=-1356109124&config=2,951,0,0
1781062223020,953,Config 2,200,OK,Stress Test 1-28,text,true,,231,158,34,34,http://localhost:8080/?token=494370254&user=-1356109124&config=2,953,0,0
1781062223020,961,Config 2,200,OK,Stress Test 1-13,text,true,,231,158,34,34,http://localhost:8080/?token=494370254&user=-1356109124&config=2,961,0,0
1781062223021,977,Config 2,200,OK,Stress Test 1-8,text,true,,231,158,34,34,http://localhost:8080/?token=494370254&user=-1356109124&config=2,977,0,0
1781062223021,979,Config 2,200,OK,Stress Test 1-3,text,true,,231,158,34,34,http://localhost:8080/?token=494370254&user=-1356109124&config=2,979,0,0
1781062223036,988,Config 2,200,OK,Stress Test 1-18,text,true,,231,158,34,34,http://localhost:8080/?token=494370254&user=-1356109124&config=2,988,0,0
1781062223006,1021,Config 2,200,OK,Stress Test 1-33,text,true,,231,158,34,34,http://localhost:8080/?token=494370254&user=-1356109124&config=2,1021,0,1
1781062223321,951,Config 2,200,OK,Stress Test 1-6,text,true,,231,158,35,35,http://localhost:8080/?token=494370254&user=-1356109124&config=2,951,0,0
1781062223321,951,Config 2,200,OK,Stress Test 1-26,text,true,,231,158,35,35,http://localhost:8080/?token=494370254&user=-1356109124&config=2,951,0,0
1781062223321,953,Config 2,200,OK,Stress Test 1-16,text,true,,231,158,35,35,http://localhost:8080/?token=494370254&user=-1356109124&config=2,952,0,0
1781062223305,972,Config 2,200,OK,Stress Test 1-11,text,true,,231,158,35,35,http://localhost:8080/?token=494370254&user=-1356109124&config=2,972,0,0
1781062223321,975,Config 2,200,OK,Stress Test 1-21,text,true,,231,158,35,35,http://localhost:8080/?token=494370254&user=-1356109124&config=2,975,0,0
1781062223336,961,Config 2,200,OK,Stress Test 1-31,text,true,,231,158,35,35,http://localhost:8080/?token=494370254&user=-1356109124&config=2,961,0,0
1781062223606,956,Config 2,200,OK,Stress Test 1-14,text,true,,231,158,35,35,http://localhost:8080/?token=494370254&user=-1356109124&config=2,956,0,0
1781062223622,968,Config 2,200,OK,Stress Test 1-9,text,true,,231,158,35,35,http://localhost:8080/?token=494370254&user=-1356109124&config=2,968,0,0
1781062223622,969,Config 2,200,OK,Stress Test 1-4,text,true,,231,158,35,35,http://localhost:8080/?token=494370254&user=-1356109124&config=2,969,0,0
1781062223622,971,Config 2,200,OK,Stress Test 1-19,text,true,,231,158,35,35,http://localhost:8080/?token=494370254&user=-1356109124&config=2,971,0,0
1781062223622,973,Config 2,200,OK,Stress Test 1-24,text,true,,231,158,35,35,http://localhost:8080/?token=494370254&user=-1356109124&config=2,973,0,0
1781062223638,966,Config 2,200,OK,Stress Test 1-29,text,true,,231,158,35,35,http://localhost:8080/?token=494370254&user=-1356109124&config=2,966,0,0
1781062223608,1025,Config 2,200,OK,Stress Test 1-34,text,true,,231,158,35,35,http://localhost:8080/?token=494370254&user=-1356109124&config=2,1024,0,2
1781062223924,963,Config 2,200,OK,Stress Test 1-27,text,true,,231,158,36,36,http://localhost:8080/?token=494370254&user=-1356109124&config=2,963,0,0
1781062223924,963,Config 2,200,OK,Stress Test 1-12,text,true,,231,158,36,36,http://localhost:8080/?token=494370254&user=-1356109124&config=2,963,0,0
1781062223924,963,Config 2,200,OK,Stress Test 1-32,text,true,,231,158,36,36,http://localhost:8080/?token=494370254&user=-1356109124&config=2,963,0,0
1781062223940,967,Config 2,200,OK,Stress Test 1-7,text,true,,231,158,36,36,http://localhost:8080/?token=494370254&user=-1356109124&config=2,967,0,0
1781062223940,968,Config 2,200,OK,Stress Test 1-17,text,true,,231,158,36,36,http://localhost:8080/?token=494370254&user=-1356109124&config=2,968,0,0
1781062223940,970,Config 2,200,OK,Stress Test 1-22,text,true,,231,158,36,36,http://localhost:8080/?token=494370254&user=-1356109124&config=2,970,0,0
1781062224216,963,Config 2,200,OK,Stress Test 1-10,text,true,,231,158,36,36,http://localhost:8080/?token=494370254&user=-1356109124&config=2,963,0,0
1781062224231,974,Config 2,200,OK,Stress Test 1-25,text,true,,231,158,36,36,http://localhost:8080/?token=494370254&user=-1356109124&config=2,974,0,0
1781062224231,976,Config 2,200,OK,Stress Test 1-15,text,true,,231,158,36,36,http://localhost:8080/?token=494370254&user=-1356109124&config=2,976,0,0
1781062224231,978,Config 2,200,OK,Stress Test 1-5,text,true,,231,158,36,36,http://localhost:8080/?token=494370254&user=-1356109124&config=2,978,0,0
1781062224232,989,Config 2,200,OK,Stress Test 1-30,text,true,,231,158,36,36,http://localhost:8080/?token=494370254&user=-1356109124&config=2,989,0,0
1781062224247,976,Config 2,200,OK,Stress Test 1-20,text,true,,231,158,36,36,http://localhost:8080/?token=494370254&user=-1356109124&config=2,976,0,0
1781062224218,1024,Config 2,200,OK,Stress Test 1-35,text,true,,231,158,36,36,http://localhost:8080/?token=494370254&user=-1356109124&config=2,1024,0,2
1781062224361,973,Config 2,200,OK,Stress Test 1-2,text,true,,231,158,36,36,http://localhost:8080/?token=494370254&user=-1356109124&config=2,973,0,0
1781062224361,975,Config 2,200,OK,Stress Test 1-1,text,true,,231,158,36,36,http://localhost:8080/?token=494370254&user=-1356109124&config=2,975,0,0
1781062224522,976,Config 2,200,OK,Stress Test 1-23,text,true,,231,158,37,37,http://localhost:8080/?token=494370254&user=-1356109124&config=2,976,0,0
1781062224522,981,Config 2,200,OK,Stress Test 1-33,text,true,,231,158,37,37,http://localhost:8080/?token=494370254&user=-1356109124&config=2,981,0,0
1781062224522,981,Config 2,200,OK,Stress Test 1-8,text,true,,231,158,37,37,http://localhost:8080/?token=494370254&user=-1356109124&config=2,981,0,0
1781062224522,984,Config 2,200,OK,Stress Test 1-28,text,true,,231,158,37,37,http://localhost:8080/?token=494370254&user=-1356109124&config=2,984,0,0
1781062224539,989,Config 2,200,OK,Stress Test 1-18,text,true,,231,158,37,37,http://localhost:8080/?token=494370254&user=-1356109124&config=2,989,0,0
1781062224539,991,Config 2,200,OK,Stress Test 1-3,text,true,,231,158,37,37,http://localhost:8080/?token=494370254&user=-1356109124&config=2,991,0,0
1781062224539,995,Config 2,200,OK,Stress Test 1-13,text,true,,231,158,37,37,http://localhost:8080/?token=494370254&user=-1356109124&config=2,995,0,0
1781062224817,987,Config 2,200,OK,Stress Test 1-21,text,true,,231,158,37,37,http://localhost:8080/?token=494370254&user=-1356109124&config=2,987,0,0
1781062224816,988,Config 2,200,OK,Stress Test 1-11,text,true,,231,158,37,37,http://localhost:8080/?token=494370254&user=-1356109124&config=2,988,0,0
1781062224816,996,Config 2,200,OK,Stress Test 1-16,text,true,,231,158,37,37,http://localhost:8080/?token=494370254&user=-1356109124&config=2,996,0,0
1781062224817,995,Config 2,200,OK,Stress Test 1-6,text,true,,231,158,37,37,http://localhost:8080/?token=494370254&user=-1356109124&config=2,994,0,0
1781062224832,1000,Config 2,200,OK,Stress Test 1-31,text,true,,231,158,37,37,http://localhost:8080/?token=494370254&user=-1356109124&config=2,1000,0,0
1781062224832,1003,Config 2,200,OK,Stress Test 1-26,text,true,,231,158,37,37,http://localhost:8080/?token=494370254&user=-1356109124&config=2,1003,0,0
1781062224822,1035,Config 2,200,OK,Stress Test 1-36,text,true,,231,158,37,37,http://localhost:8080/?token=494370254&user=-1356109124&config=2,1035,0,3
1781062225121,998,Config 2,200,OK,Stress Test 1-29,text,true,,231,158,38,38,http://localhost:8080/?token=494370254&user=-1356109124&config=2,998,0,0
1781062225121,998,Config 2,200,OK,Stress Test 1-14,text,true,,231,158,38,38,http://localhost:8080/?token=494370254&user=-1356109124&config=2,998,0,0
1781062225122,998,Config 2,200,OK,Stress Test 1-9,text,true,,231,158,38,38,http://localhost:8080/?token=494370254&user=-1356109124&config=2,998,0,0
1781062225121,1000,Config 2,200,OK,Stress Test 1-34,text,true,,231,158,38,38,http://localhost:8080/?token=494370254&user=-1356109124&config=2,999,0,0
1781062225122,1002,Config 2,200,OK,Stress Test 1-4,text,true,,231,158,38,38,http://localhost:8080/?token=494370254&user=-1356109124&config=2,1002,0,0
1781062225137,1011,Config 2,200,OK,Stress Test 1-24,text,true,,231,158,38,38,http://localhost:8080/?token=494370254&user=-1356109124&config=2,1011,0,0
1781062225139,1048,Config 2,200,OK,Stress Test 1-19,text,true,,231,158,38,38,http://localhost:8080/?token=494370254&user=-1356109124&config=2,1048,0,0
1781062225423,995,Config 2,200,OK,Stress Test 1-12,text,true,,231,158,38,38,http://localhost:8080/?token=494370254&user=-1356109124&config=2,995,0,0
1781062225423,1003,Config 2,200,OK,Stress Test 1-22,text,true,,231,158,38,38,http://localhost:8080/?token=494370254&user=-1356109124&config=2,1002,0,0
1781062225423,1003,Config 2,200,OK,Stress Test 1-27,text,true,,231,158,38,38,http://localhost:8080/?token=494370254&user=-1356109124&config=2,1002,0,0
1781062225439,1013,Config 2,200,OK,Stress Test 1-32,text,true,,231,158,38,38,http://localhost:8080/?token=494370254&user=-1356109124&config=2,1013,0,0
1781062225438,1014,Config 2,200,OK,Stress Test 1-17,text,true,,231,158,38,38,http://localhost:8080/?token=494370254&user=-1356109124&config=2,1014,0,0
1781062225438,1014,Config 2,200,OK,Stress Test 1-7,text,true,,231,158,38,38,http://localhost:8080/?token=494370254&user=-1356109124&config=2,1014,0,0
1781062225425,1052,Config 2,200,OK,Stress Test 1-37,text,true,,231,158,38,38,http://localhost:8080/?token=494370254&user=-1356109124&config=2,1052,0,1
1781062225728,1009,Config 2,200,OK,Stress Test 1-20,text,true,,231,158,39,39,http://localhost:8080/?token=494370254&user=-1356109124&config=2,1009,0,0
1781062225712,1025,Config 2,200,OK,Stress Test 1-10,text,true,,231,158,39,39,http://localhost:8080/?token=494370254&user=-1356109124&config=2,1025,0,0
1781062225728,1009,Config 2,200,OK,Stress Test 1-25,text,true,,231,158,39,39,http://localhost:8080/?token=494370254&user=-1356109124&config=2,1009,0,0
1781062225728,1016,Config 2,200,OK,Stress Test 1-15,text,true,,231,158,39,39,http://localhost:8080/?token=494370254&user=-1356109124&config=2,1016,0,0
1781062225744,1015,Config 2,200,OK,Stress Test 1-30,text,true,,231,158,39,39,http://localhost:8080/?token=494370254&user=-1356109124&config=2,1015,0,0
1781062225744,1021,Config 2,200,OK,Stress Test 1-5,text,true,,231,158,39,39,http://localhost:8080/?token=494370254&user=-1356109124&config=2,1021,0,0
1781062225744,1021,Config 2,200,OK,Stress Test 1-35,text,true,,231,158,39,39,http://localhost:8080/?token=494370254&user=-1356109124&config=2,1021,0,0
1781062225857,1022,Config 2,200,OK,Stress Test 1-1,text,true,,231,158,39,39,http://localhost:8080/?token=494370254&user=-1356109124&config=2,1022,0,0
1781062225857,1022,Config 2,200,OK,Stress Test 1-2,text,true,,231,158,39,39,http://localhost:8080/?token=494370254&user=-1356109124&config=2,1022,0,0
1781062226020,1020,Config 2,200,OK,Stress Test 1-13,text,true,,231,158,39,39,http://localhost:8080/?token=494370254&user=-1356109124&config=2,1020,0,0
1781062226020,1022,Config 2,200,OK,Stress Test 1-8,text,true,,231,158,39,39,http://localhost:8080/?token=494370254&user=-1356109124&config=2,1022,0,0
1781062226020,1027,Config 2,200,OK,Stress Test 1-33,text,true,,231,158,39,39,http://localhost:8080/?token=494370254&user=-1356109124&config=2,1027,0,0
1781062226020,1052,Config 2,200,OK,Stress Test 1-28,text,true,,231,158,39,39,http://localhost:8080/?token=494370254&user=-1356109124&config=2,1052,0,0
1781062226035,1038,Config 2,200,OK,Stress Test 1-23,text,true,,231,158,39,39,http://localhost:8080/?token=494370254&user=-1356109124&config=2,1038,0,0
1781062226035,1043,Config 2,200,OK,Stress Test 1-3,text,true,,231,158,39,39,http://localhost:8080/?token=494370254&user=-1356109124&config=2,1043,0,0
1781062226035,1047,Config 2,200,OK,Stress Test 1-18,text,true,,231,158,39,39,http://localhost:8080/?token=494370254&user=-1356109124&config=2,1047,0,0
1781062226023,1086,Config 2,200,OK,Stress Test 1-38,text,true,,231,158,39,39,http://localhost:8080/?token=494370254&user=-1356109124&config=2,1086,0,2
1781062226327,1030,Config 2,200,OK,Stress Test 1-11,text,true,,231,158,40,40,http://localhost:8080/?token=494370254&user=-1356109124&config=2,1030,0,0
1781062226327,1033,Config 2,200,OK,Stress Test 1-36,text,true,,231,158,40,40,http://localhost:8080/?token=494370254&user=-1356109124&config=2,1033,0,0
1781062226328,1034,Config 2,200,OK,Stress Test 1-6,text,true,,231,158,40,40,http://localhost:8080/?token=494370254&user=-1356109124&config=2,1034,0,0
1781062226327,1039,Config 2,200,OK,Stress Test 1-16,text,true,,231,158,40,40,http://localhost:8080/?token=494370254&user=-1356109124&config=2,1039,0,0
1781062226327,1042,Config 2,200,OK,Stress Test 1-21,text,true,,231,158,40,40,http://localhost:8080/?token=494370254&user=-1356109124&config=2,1042,0,0
1781062226343,1040,Config 2,200,OK,Stress Test 1-31,text,true,,231,158,40,40,http://localhost:8080/?token=494370254&user=-1356109124&config=2,1040,0,0
1781062226344,1075,Config 2,200,OK,Stress Test 1-26,text,true,,231,158,40,40,http://localhost:8080/?token=494370254&user=-1356109124&config=2,1075,0,0
1781062226617,1041,Config 2,200,OK,Stress Test 1-34,text,true,,231,158,40,40,http://localhost:8080/?token=494370254&user=-1356109124&config=2,1041,0,0
1781062226618,1040,Config 2,200,OK,Stress Test 1-14,text,true,,231,158,40,40,http://localhost:8080/?token=494370254&user=-1356109124&config=2,1040,0,0
1781062226617,1043,Config 2,200,OK,Stress Test 1-4,text,true,,231,158,40,40,http://localhost:8080/?token=494370254&user=-1356109124&config=2,1043,0,0
1781062226617,1047,Config 2,200,OK,Stress Test 1-9,text,true,,231,158,40,40,http://localhost:8080/?token=494370254&user=-1356109124&config=2,1047,0,0
1781062226617,1049,Config 2,200,OK,Stress Test 1-24,text,true,,231,158,40,40,http://localhost:8080/?token=494370254&user=-1356109124&config=2,1049,0,0
1781062226633,1066,Config 2,200,OK,Stress Test 1-29,text,true,,231,158,40,40,http://localhost:8080/?token=494370254&user=-1356109124&config=2,1066,0,0
1781062226633,1066,Config 2,200,OK,Stress Test 1-19,text,true,,231,158,40,40,http://localhost:8080/?token=494370254&user=-1356109124&config=2,1066,0,0
1781062226621,1135,Config 2,200,OK,Stress Test 1-39,text,true,,231,158,40,40,http://localhost:8080/?token=494370254&user=-1356109124&config=2,1135,0,2
1781062226924,1062,Config 2,200,OK,Stress Test 1-22,text,true,,231,158,41,41,http://localhost:8080/?token=494370254&user=-1356109124&config=2,1062,0,0
1781062226924,1062,Config 2,200,OK,Stress Test 1-27,text,true,,231,158,41,41,http://localhost:8080/?token=494370254&user=-1356109124&config=2,1062,0,0
1781062226940,1080,Config 2,200,OK,Stress Test 1-7,text,true,,231,158,41,41,http://localhost:8080/?token=494370254&user=-1356109124&config=2,1080,0,0
1781062226940,1080,Config 2,200,OK,Stress Test 1-12,text,true,,231,158,41,41,http://localhost:8080/?token=494370254&user=-1356109124&config=2,1080,0,0
1781062226940,1080,Config 2,200,OK,Stress Test 1-32,text,true,,231,158,41,41,http://localhost:8080/?token=494370254&user=-1356109124&config=2,1080,0,0
1781062226940,1081,Config 2,200,OK,Stress Test 1-37,text,true,,231,158,41,41,http://localhost:8080/?token=494370254&user=-1356109124&config=2,1081,0,0
1781062226956,1076,Config 2,200,OK,Stress Test 1-17,text,true,,231,158,41,41,http://localhost:8080/?token=494370254&user=-1356109124&config=2,1076,0,0
1781062227233,1049,Config 2,200,OK,Stress Test 1-15,text,true,,231,158,41,41,http://localhost:8080/?token=494370254&user=-1356109124&config=2,1049,0,0
1781062227232,1058,Config 2,200,OK,Stress Test 1-5,text,true,,231,158,41,41,http://localhost:8080/?token=494370254&user=-1356109124&config=2,1058,0,0
1781062227232,1058,Config 2,200,OK,Stress Test 1-20,text,true,,231,158,41,41,http://localhost:8080/?token=494370254&user=-1356109124&config=2,1058,0,0
1781062227215,1077,Config 2,200,OK,Stress Test 1-10,text,true,,231,158,41,41,http://localhost:8080/?token=494370254&user=-1356109124&config=2,1077,0,0
1781062227233,1060,Config 2,200,OK,Stress Test 1-35,text,true,,231,158,41,41,http://localhost:8080/?token=494370254&user=-1356109124&config=2,1060,0,0
1781062227231,1067,Config 2,200,OK,Stress Test 1-25,text,true,,231,158,41,41,http://localhost:8080/?token=494370254&user=-1356109124&config=2,1067,0,0
1781062227247,1065,Config 2,200,OK,Stress Test 1-30,text,true,,231,158,41,41,http://localhost:8080/?token=494370254&user=-1356109124&config=2,1065,0,0
1781062227218,1126,Config 2,200,OK,Stress Test 1-40,text,true,,231,158,41,41,http://localhost:8080/?token=494370254&user=-1356109124&config=2,1126,0,2
1781062227345,1070,Config 2,200,OK,Stress Test 1-1,text,true,,231,158,42,42,http://localhost:8080/?token=494370254&user=-1356109124&config=2,1070,0,0
1781062227345,1070,Config 2,200,OK,Stress Test 1-2,text,true,,231,158,42,42,http://localhost:8080/?token=494370254&user=-1356109124&config=2,1070,0,0
1781062227521,1069,Config 2,200,OK,Stress Test 1-13,text,true,,231,158,42,42,http://localhost:8080/?token=494370254&user=-1356109124&config=2,1069,0,0
1781062227522,1068,Config 2,200,OK,Stress Test 1-33,text,true,,231,158,42,42,http://localhost:8080/?token=494370254&user=-1356109124&config=2,1068,0,0
1781062227521,1078,Config 2,200,OK,Stress Test 1-3,text,true,,231,158,42,42,http://localhost:8080/?token=494370254&user=-1356109124&config=2,1078,0,0
1781062227522,1077,Config 2,200,OK,Stress Test 1-8,text,true,,231,158,42,42,http://localhost:8080/?token=494370254&user=-1356109124&config=2,1077,0,0
1781062227522,1092,Config 2,200,OK,Stress Test 1-23,text,true,,231,158,42,42,http://localhost:8080/?token=494370254&user=-1356109124&config=2,1092,0,0
1781062227521,1094,Config 2,200,OK,Stress Test 1-28,text,true,,231,158,42,42,http://localhost:8080/?token=494370254&user=-1356109124&config=2,1093,0,0
1781062227537,1081,Config 2,200,OK,Stress Test 1-18,text,true,,231,158,42,42,http://localhost:8080/?token=494370254&user=-1356109124&config=2,1081,0,0
1781062227537,1180,Config 2,200,OK,Stress Test 1-38,text,true,,231,158,42,42,http://localhost:8080/?token=494370254&user=-1356109124&config=2,1180,0,0
1781062227828,1073,Config 2,200,OK,Stress Test 1-36,text,true,,231,158,42,42,http://localhost:8080/?token=494370254&user=-1356109124&config=2,1073,0,0
1781062227828,1111,Config 2,200,OK,Stress Test 1-11,text,true,,231,158,42,42,http://localhost:8080/?token=494370254&user=-1356109124&config=2,1111,0,0
1781062227829,1110,Config 2,200,OK,Stress Test 1-16,text,true,,231,158,42,42,http://localhost:8080/?token=494370254&user=-1356109124&config=2,1110,0,0
1781062227829,1110,Config 2,200,OK,Stress Test 1-6,text,true,,231,158,42,42,http://localhost:8080/?token=494370254&user=-1356109124&config=2,1110,0,0
1781062227828,1111,Config 2,200,OK,Stress Test 1-21,text,true,,231,158,42,42,http://localhost:8080/?token=494370254&user=-1356109124&config=2,1111,0,0
1781062227844,1095,Config 2,200,OK,Stress Test 1-26,text,true,,231,158,42,42,http://localhost:8080/?token=494370254&user=-1356109124&config=2,1095,0,0
1781062227828,1112,Config 2,200,OK,Stress Test 1-31,text,true,,231,158,42,42,http://localhost:8080/?token=494370254&user=-1356109124&config=2,1111,0,0
1781062227813,1220,Config 2,200,OK,Stress Test 1-41,text,true,,231,158,43,43,http://localhost:8080/?token=494370254&user=-1356109124&config=2,1220,0,1
1781062228119,1089,Config 2,200,OK,Stress Test 1-14,text,true,,231,158,43,43,http://localhost:8080/?token=494370254&user=-1356109124&config=2,1089,0,0
1781062228119,1098,Config 2,200,OK,Stress Test 1-9,text,true,,231,158,43,43,http://localhost:8080/?token=494370254&user=-1356109124&config=2,1098,0,0
1781062228118,1099,Config 2,200,OK,Stress Test 1-24,text,true,,231,158,43,43,http://localhost:8080/?token=494370254&user=-1356109124&config=2,1099,0,0
1781062228118,1099,Config 2,200,OK,Stress Test 1-19,text,true,,231,158,43,43,http://localhost:8080/?token=494370254&user=-1356109124&config=2,1099,0,0
1781062228118,1104,Config 2,200,OK,Stress Test 1-34,text,true,,231,158,43,43,http://localhost:8080/?token=494370254&user=-1356109124&config=2,1104,0,0
1781062228118,1105,Config 2,200,OK,Stress Test 1-4,text,true,,231,158,43,43,http://localhost:8080/?token=494370254&user=-1356109124&config=2,1105,0,0
1781062228134,1219,Config 2,200,OK,Stress Test 1-39,text,true,,231,158,43,43,http://localhost:8080/?token=494370254&user=-1356109124&config=2,1218,0,0
1781062228134,1221,Config 2,200,OK,Stress Test 1-29,text,true,,231,158,43,43,http://localhost:8080/?token=494370254&user=-1356109124&config=2,1221,0,0
1781062228424,1094,Config 2,200,OK,Stress Test 1-22,text,true,,231,158,43,43,http://localhost:8080/?token=494370254&user=-1356109124&config=2,1094,0,0
1781062228424,1102,Config 2,200,OK,Stress Test 1-27,text,true,,231,158,43,43,http://localhost:8080/?token=494370254&user=-1356109124&config=2,1102,0,0
1781062228424,1101,Config 2,200,OK,Stress Test 1-7,text,true,,231,158,43,43,http://localhost:8080/?token=494370254&user=-1356109124&config=2,1101,0,0
1781062228424,1102,Config 2,200,OK,Stress Test 1-32,text,true,,231,158,43,43,http://localhost:8080/?token=494370254&user=-1356109124&config=2,1102,0,0
1781062228425,1118,Config 2,200,OK,Stress Test 1-12,text,true,,231,158,43,43,http://localhost:8080/?token=494370254&user=-1356109124&config=2,1118,0,0
1781062228440,1106,Config 2,200,OK,Stress Test 1-37,text,true,,231,158,43,43,http://localhost:8080/?token=494370254&user=-1356109124&config=2,1106,0,0
1781062228410,1144,Config 2,200,OK,Stress Test 1-42,text,true,,231,158,43,43,http://localhost:8080/?token=494370254&user=-1356109124&config=2,1144,0,1
1781062228457,1135,Config 2,200,OK,Stress Test 1-17,text,true,,231,158,43,43,http://localhost:8080/?token=494370254&user=-1356109124&config=2,1135,0,0
1781062228731,1107,Config 2,200,OK,Stress Test 1-30,text,true,,231,158,44,44,http://localhost:8080/?token=494370254&user=-1356109124&config=2,1107,0,0
1781062228716,1142,Config 2,200,OK,Stress Test 1-15,text,true,,231,158,44,44,http://localhost:8080/?token=494370254&user=-1356109124&config=2,1142,0,0
1781062228732,1126,Config 2,200,OK,Stress Test 1-10,text,true,,231,158,44,44,http://localhost:8080/?token=494370254&user=-1356109124&config=2,1126,0,0
1781062228731,1127,Config 2,200,OK,Stress Test 1-25,text,true,,231,158,44,44,http://localhost:8080/?token=494370254&user=-1356109124&config=2,1127,0,0
1781062228732,1127,Config 2,200,OK,Stress Test 1-40,text,true,,231,158,44,44,http://localhost:8080/?token=494370254&user=-1356109124&config=2,1127,0,0
1781062228732,1127,Config 2,200,OK,Stress Test 1-35,text,true,,231,158,44,44,http://localhost:8080/?token=494370254&user=-1356109124&config=2,1127,0,0
1781062228748,1126,Config 2,200,OK,Stress Test 1-20,text,true,,231,158,44,44,http://localhost:8080/?token=494370254&user=-1356109124&config=2,1126,0,0
1781062228748,1126,Config 2,200,OK,Stress Test 1-5,text,true,,231,158,44,44,http://localhost:8080/?token=494370254&user=-1356109124&config=2,1126,0,0
1781062228851,1161,Config 2,200,OK,Stress Test 1-1,text,true,,231,158,44,44,http://localhost:8080/?token=494370254&user=-1356109124&config=2,1161,0,0
1781062228851,1303,Config 2,200,OK,Stress Test 1-2,text,true,,231,158,44,44,http://localhost:8080/?token=494370254&user=-1356109124&config=2,1303,0,0
1781062229024,1133,Config 2,200,OK,Stress Test 1-38,text,true,,231,158,44,44,http://localhost:8080/?token=494370254&user=-1356109124&config=2,1133,0,0
1781062229024,1133,Config 2,200,OK,Stress Test 1-13,text,true,,231,158,44,44,http://localhost:8080/?token=494370254&user=-1356109124&config=2,1132,0,0
1781062229024,1133,Config 2,200,OK,Stress Test 1-33,text,true,,231,158,44,44,http://localhost:8080/?token=494370254&user=-1356109124&config=2,1133,0,0
1781062229024,1137,Config 2,200,OK,Stress Test 1-18,text,true,,231,158,44,44,http://localhost:8080/?token=494370254&user=-1356109124&config=2,1137,0,0
1781062229024,1139,Config 2,200,OK,Stress Test 1-3,text,true,,231,158,44,44,http://localhost:8080/?token=494370254&user=-1356109124&config=2,1139,0,0
1781062229039,1135,Config 2,200,OK,Stress Test 1-23,text,true,,231,158,44,44,http://localhost:8080/?token=494370254&user=-1356109124&config=2,1134,0,0
1781062229025,1285,Config 2,200,OK,Stress Test 1-8,text,true,,231,158,45,45,http://localhost:8080/?token=494370254&user=-1356109124&config=2,1285,0,0
1781062229039,1271,Config 2,200,OK,Stress Test 1-28,text,true,,231,158,45,45,http://localhost:8080/?token=494370254&user=-1356109124&config=2,1271,0,0
1781062229331,1138,Config 2,200,OK,Stress Test 1-16,text,true,,231,158,45,45,http://localhost:8080/?token=494370254&user=-1356109124&config=2,1138,0,0
1781062229010,1459,Config 2,200,OK,Stress Test 1-43,text,true,,231,158,45,45,http://localhost:8080/?token=494370254&user=-1356109124&config=2,1459,0,1
1781062229332,1139,Config 2,200,OK,Stress Test 1-26,text,true,,231,158,45,45,http://localhost:8080/?token=494370254&user=-1356109124&config=2,1139,0,0
1781062229331,1140,Config 2,200,OK,Stress Test 1-6,text,true,,231,158,45,45,http://localhost:8080/?token=494370254&user=-1356109124&config=2,1140,0,0
1781062229332,1144,Config 2,200,OK,Stress Test 1-41,text,true,,231,158,45,45,http://localhost:8080/?token=494370254&user=-1356109124&config=2,1144,0,0
1781062229332,1144,Config 2,200,OK,Stress Test 1-11,text,true,,231,158,45,45,http://localhost:8080/?token=494370254&user=-1356109124&config=2,1144,0,0
1781062229332,1302,Config 2,200,OK,Stress Test 1-36,text,true,,231,158,45,45,http://localhost:8080/?token=494370254&user=-1356109124&config=2,1302,0,0
1781062229331,1303,Config 2,200,OK,Stress Test 1-31,text,true,,231,158,45,45,http://localhost:8080/?token=494370254&user=-1356109124&config=2,1303,0,0
1781062229622,1326,Config 2,200,OK,Stress Test 1-4,text,true,,231,158,46,46,http://localhost:8080/?token=494370254&user=-1356109124&config=2,1326,0,0
1781062229623,1325,Config 2,200,OK,Stress Test 1-14,text,true,,231,158,46,46,http://localhost:8080/?token=494370254&user=-1356109124&config=2,1325,0,0
1781062229331,1618,Config 2,200,OK,Stress Test 1-21,text,true,,231,158,46,46,http://localhost:8080/?token=494370254&user=-1356109124&config=2,1618,0,0
1781062229622,1326,Config 2,200,OK,Stress Test 1-19,text,true,,231,158,46,46,http://localhost:8080/?token=494370254&user=-1356109124&config=2,1326,0,0
1781062229622,1327,Config 2,200,OK,Stress Test 1-34,text,true,,231,158,46,46,http://localhost:8080/?token=494370254&user=-1356109124&config=2,1327,0,0
1781062229623,1326,Config 2,200,OK,Stress Test 1-24,text,true,,231,158,46,46,http://localhost:8080/?token=494370254&user=-1356109124&config=2,1326,0,0
1781062229623,1327,Config 2,200,OK,Stress Test 1-9,text,true,,231,158,46,46,http://localhost:8080/?token=494370254&user=-1356109124&config=2,1327,0,0
1781062229930,1198,Config 2,200,OK,Stress Test 1-12,text,true,,231,158,46,46,http://localhost:8080/?token=494370254&user=-1356109124&config=2,1198,0,0
1781062229930,1198,Config 2,200,OK,Stress Test 1-7,text,true,,231,158,46,46,http://localhost:8080/?token=494370254&user=-1356109124&config=2,1198,0,0
1781062229930,1199,Config 2,200,OK,Stress Test 1-22,text,true,,231,158,46,46,http://localhost:8080/?token=494370254&user=-1356109124&config=2,1199,0,0
1781062229930,1199,Config 2,200,OK,Stress Test 1-27,text,true,,231,158,46,46,http://localhost:8080/?token=494370254&user=-1356109124&config=2,1199,0,0
1781062229929,1200,Config 2,200,OK,Stress Test 1-32,text,true,,231,158,46,46,http://localhost:8080/?token=494370254&user=-1356109124&config=2,1200,0,0
1781062229638,1491,Config 2,200,OK,Stress Test 1-29,text,true,,231,158,46,46,http://localhost:8080/?token=494370254&user=-1356109124&config=2,1491,0,0
1781062229638,1491,Config 2,200,OK,Stress Test 1-39,text,true,,231,158,46,46,http://localhost:8080/?token=494370254&user=-1356109124&config=2,1491,0,0
1781062229606,1523,Config 2,200,OK,Stress Test 1-44,text,true,,231,158,46,46,http://localhost:8080/?token=494370254&user=-1356109124&config=2,1523,0,1
1781062229929,1210,Config 2,200,OK,Stress Test 1-42,text,true,,231,158,46,46,http://localhost:8080/?token=494370254&user=-1356109124&config=2,1210,0,0
1781062229929,1373,Config 2,200,OK,Stress Test 1-37,text,true,,231,158,46,46,http://localhost:8080/?token=494370254&user=-1356109124&config=2,1373,0,0
1781062229945,1357,Config 2,200,OK,Stress Test 1-17,text,true,,231,158,46,46,http://localhost:8080/?token=494370254&user=-1356109124&config=2,1357,0,0
1781062230219,1245,Config 2,200,OK,Stress Test 1-15,text,true,,231,158,47,47,http://localhost:8080/?token=494370254&user=-1356109124&config=2,1245,0,0
1781062230235,1231,Config 2,200,OK,Stress Test 1-25,text,true,,231,158,47,47,http://localhost:8080/?token=494370254&user=-1356109124&config=2,1231,0,0
1781062230251,1215,Config 2,200,OK,Stress Test 1-20,text,true,,231,158,47,47,http://localhost:8080/?token=494370254&user=-1356109124&config=2,1215,0,0
1781062230219,1247,Config 2,200,OK,Stress Test 1-10,text,true,,231,158,47,47,http://localhost:8080/?token=494370254&user=-1356109124&config=2,1247,0,0
1781062230235,1231,Config 2,200,OK,Stress Test 1-5,text,true,,231,158,47,47,http://localhost:8080/?token=494370254&user=-1356109124&config=2,1231,0,0
1781062230235,1231,Config 2,200,OK,Stress Test 1-35,text,true,,231,158,47,47,http://localhost:8080/?token=494370254&user=-1356109124&config=2,1231,0,0
1781062230235,1231,Config 2,200,OK,Stress Test 1-40,text,true,,231,158,47,47,http://localhost:8080/?token=494370254&user=-1356109124&config=2,1231,0,0
1781062230235,1566,Config 2,200,OK,Stress Test 1-30,text,true,,231,158,47,47,http://localhost:8080/?token=494370254&user=-1356109124&config=2,1566,0,0
1781062230348,1453,Config 2,200,OK,Stress Test 1-1,text,true,,231,158,47,47,http://localhost:8080/?token=494370254&user=-1356109124&config=2,1453,0,0
1781062230348,1453,Config 2,200,OK,Stress Test 1-2,text,true,,231,158,47,47,http://localhost:8080/?token=494370254&user=-1356109124&config=2,1453,0,0
1781062230511,1291,Config 2,200,OK,Stress Test 1-33,text,true,,231,158,47,47,http://localhost:8080/?token=494370254&user=-1356109124&config=2,1291,0,0
1781062230511,1291,Config 2,200,OK,Stress Test 1-8,text,true,,231,158,47,47,http://localhost:8080/?token=494370254&user=-1356109124&config=2,1291,0,0
1781062230528,1275,Config 2,200,OK,Stress Test 1-23,text,true,,231,158,47,47,http://localhost:8080/?token=494370254&user=-1356109124&config=2,1275,0,0
1781062230527,1276,Config 2,200,OK,Stress Test 1-18,text,true,,231,158,47,47,http://localhost:8080/?token=494370254&user=-1356109124&config=2,1276,0,0
1781062230221,1581,Config 2,200,OK,Stress Test 1-45,text,true,,231,158,47,47,http://localhost:8080/?token=494370254&user=-1356109124&config=2,1581,0,1
1781062230529,1592,Config 2,200,OK,Stress Test 1-3,text,true,,231,158,48,48,http://localhost:8080/?token=494370254&user=-1356109124&config=2,1592,0,0
1781062230817,1304,Config 2,200,OK,Stress Test 1-11,text,true,,231,158,48,48,http://localhost:8080/?token=494370254&user=-1356109124&config=2,1304,0,0
1781062230529,1593,Config 2,200,OK,Stress Test 1-13,text,true,,231,158,48,48,http://localhost:8080/?token=494370254&user=-1356109124&config=2,1593,0,0
1781062230527,1594,Config 2,200,OK,Stress Test 1-43,text,true,,231,158,48,48,http://localhost:8080/?token=494370254&user=-1356109124&config=2,1594,0,0
1781062230528,1595,Config 2,200,OK,Stress Test 1-28,text,true,,231,158,48,48,http://localhost:8080/?token=494370254&user=-1356109124&config=2,1594,0,0
1781062230528,1595,Config 2,200,OK,Stress Test 1-38,text,true,,231,158,48,48,http://localhost:8080/?token=494370254&user=-1356109124&config=2,1595,0,0
1781062230818,1305,Config 2,200,OK,Stress Test 1-41,text,true,,231,158,48,48,http://localhost:8080/?token=494370254&user=-1356109124&config=2,1305,0,0
1781062230834,1289,Config 2,200,OK,Stress Test 1-36,text,true,,231,158,48,48,http://localhost:8080/?token=494370254&user=-1356109124&config=2,1288,0,0
1781062230834,1644,Config 2,200,OK,Stress Test 1-16,text,true,,231,158,48,48,http://localhost:8080/?token=494370254&user=-1356109124&config=2,1644,0,0
1781062231124,1353,Config 2,200,OK,Stress Test 1-14,text,true,,231,158,48,48,http://localhost:8080/?token=494370254&user=-1356109124&config=2,1353,0,0
1781062230834,1643,Config 2,200,OK,Stress Test 1-6,text,true,,231,158,48,48,http://localhost:8080/?token=494370254&user=-1356109124&config=2,1643,0,0
1781062230834,1644,Config 2,200,OK,Stress Test 1-26,text,true,,231,158,48,48,http://localhost:8080/?token=494370254&user=-1356109124&config=2,1644,0,0
1781062230949,1529,Config 2,200,OK,Stress Test 1-21,text,true,,231,158,48,48,http://localhost:8080/?token=494370254&user=-1356109124&config=2,1529,0,0
1781062230850,1629,Config 2,200,OK,Stress Test 1-31,text,true,,231,158,48,48,http://localhost:8080/?token=494370254&user=-1356109124&config=2,1628,0,0
1781062230820,1659,Config 2,200,OK,Stress Test 1-46,text,true,,231,158,48,48,http://localhost:8080/?token=494370254&user=-1356109124&config=2,1659,0,1
1781062231125,1354,Config 2,200,OK,Stress Test 1-4,text,true,,231,158,48,48,http://localhost:8080/?token=494370254&user=-1356109124&config=2,1354,0,0
1781062231124,1356,Config 2,200,OK,Stress Test 1-34,text,true,,231,158,48,48,http://localhost:8080/?token=494370254&user=-1356109124&config=2,1356,0,0
1781062231125,1674,Config 2,200,OK,Stress Test 1-9,text,true,,231,158,49,49,http://localhost:8080/?token=494370254&user=-1356109124&config=2,1674,0,0
1781062231126,1674,Config 2,200,OK,Stress Test 1-24,text,true,,231,158,49,49,http://localhost:8080/?token=494370254&user=-1356109124&config=2,1674,0,0
1781062231124,1676,Config 2,200,OK,Stress Test 1-19,text,true,,231,158,49,49,http://localhost:8080/?token=494370254&user=-1356109124&config=2,1676,0,0
1781062231133,1667,Config 2,200,OK,Stress Test 1-29,text,true,,231,158,49,49,http://localhost:8080/?token=494370254&user=-1356109124&config=2,1667,0,0
1781062231131,1670,Config 2,200,OK,Stress Test 1-39,text,true,,231,158,49,49,http://localhost:8080/?token=494370254&user=-1356109124&config=2,1670,0,0
1781062231132,1669,Config 2,200,OK,Stress Test 1-44,text,true,,231,158,49,49,http://localhost:8080/?token=494370254&user=-1356109124&config=2,1669,0,0
1781062231415,1386,Config 2,200,OK,Stress Test 1-42,text,true,,231,158,49,49,http://localhost:8080/?token=494370254&user=-1356109124&config=2,1386,0,0
1781062231431,1371,Config 2,200,OK,Stress Test 1-17,text,true,,231,158,49,49,http://localhost:8080/?token=494370254&user=-1356109124&config=2,1371,0,0
1781062231431,1718,Config 2,200,OK,Stress Test 1-37,text,true,,231,158,49,49,http://localhost:8080/?token=494370254&user=-1356109124&config=2,1718,0,0
1781062231432,1717,Config 2,200,OK,Stress Test 1-7,text,true,,231,158,49,49,http://localhost:8080/?token=494370254&user=-1356109124&config=2,1717,0,0
1781062231432,1717,Config 2,200,OK,Stress Test 1-22,text,true,,231,158,49,49,http://localhost:8080/?token=494370254&user=-1356109124&config=2,1717,0,0
1781062231432,1720,Config 2,200,OK,Stress Test 1-12,text,true,,231,158,49,49,http://localhost:8080/?token=494370254&user=-1356109124&config=2,1720,0,0
1781062231432,1720,Config 2,200,OK,Stress Test 1-27,text,true,,231,158,49,49,http://localhost:8080/?token=494370254&user=-1356109124&config=2,1720,0,0
1781062231723,1430,Config 2,200,OK,Stress Test 1-5,text,true,,231,158,49,49,http://localhost:8080/?token=494370254&user=-1356109124&config=2,1430,0,0
1781062231724,1430,Config 2,200,OK,Stress Test 1-15,text,true,,231,158,49,49,http://localhost:8080/?token=494370254&user=-1356109124&config=2,1430,0,0
1781062231432,1722,Config 2,200,OK,Stress Test 1-32,text,true,,231,158,49,49,http://localhost:8080/?token=494370254&user=-1356109124&config=2,1722,0,0
1781062231723,1431,Config 2,200,OK,Stress Test 1-40,text,true,,231,158,49,49,http://localhost:8080/?token=494370254&user=-1356109124&config=2,1431,0,0
1781062231417,1738,Config 2,200,OK,Stress Test 1-47,text,true,,231,158,49,49,http://localhost:8080/?token=494370254&user=-1356109124&config=2,1738,0,1
1781062231707,1767,Config 2,200,OK,Stress Test 1-10,text,true,,231,158,50,50,http://localhost:8080/?token=494370254&user=-1356109124&config=2,1767,0,0
1781062231723,1751,Config 2,200,OK,Stress Test 1-35,text,true,,231,158,50,50,http://localhost:8080/?token=494370254&user=-1356109124&config=2,1751,0,0
1781062231853,1623,Config 2,200,OK,Stress Test 1-1,text,true,,231,158,50,50,http://localhost:8080/?token=494370254&user=-1356109124&config=2,1623,0,0
1781062231739,1738,Config 2,200,OK,Stress Test 1-25,text,true,,231,158,50,50,http://localhost:8080/?token=494370254&user=-1356109124&config=2,1738,0,0
1781062231853,1624,Config 2,200,OK,Stress Test 1-2,text,true,,231,158,50,50,http://localhost:8080/?token=494370254&user=-1356109124&config=2,1624,0,0
1781062231739,1738,Config 2,200,OK,Stress Test 1-20,text,true,,231,158,50,50,http://localhost:8080/?token=494370254&user=-1356109124&config=2,1738,0,0
1781062231803,1674,Config 2,200,OK,Stress Test 1-45,text,true,,231,158,50,50,http://localhost:8080/?token=494370254&user=-1356109124&config=2,1674,0,0
1781062231802,1675,Config 2,200,OK,Stress Test 1-30,text,true,,231,158,50,50,http://localhost:8080/?token=494370254&user=-1356109124&config=2,1675,0,0
1781062232014,1826,Config 2,200,OK,Stress Test 1-8,text,true,,231,158,51,51,http://localhost:8080/?token=494370254&user=-1356109124&config=2,1826,0,0
1781062232014,1826,Config 2,200,OK,Stress Test 1-33,text,true,,231,158,51,51,http://localhost:8080/?token=494370254&user=-1356109124&config=2,1826,0,0
1781062232122,1718,Config 2,200,OK,Stress Test 1-3,text,true,,231,158,51,51,http://localhost:8080/?token=494370254&user=-1356109124&config=2,1718,0,0
1781062232122,1719,Config 2,200,OK,Stress Test 1-13,text,true,,231,158,51,51,http://localhost:8080/?token=494370254&user=-1356109124&config=2,1719,0,0
1781062232123,1718,Config 2,200,OK,Stress Test 1-28,text,true,,231,158,51,51,http://localhost:8080/?token=494370254&user=-1356109124&config=2,1718,0,0
1781062232123,1718,Config 2,200,OK,Stress Test 1-38,text,true,,231,158,51,51,http://localhost:8080/?token=494370254&user=-1356109124&config=2,1718,0,0
1781062232323,1519,Config 2,200,OK,Stress Test 1-41,text,true,,231,158,51,51,http://localhost:8080/?token=494370254&user=-1356109124&config=2,1519,0,0
1781062232031,1810,Config 2,200,OK,Stress Test 1-23,text,true,,231,158,51,51,http://localhost:8080/?token=494370254&user=-1356109124&config=2,1810,0,0
1781062232122,1720,Config 2,200,OK,Stress Test 1-43,text,true,,231,158,51,51,http://localhost:8080/?token=494370254&user=-1356109124&config=2,1720,0,0
1781062232016,1826,Config 2,200,OK,Stress Test 1-48,text,true,,231,158,51,51,http://localhost:8080/?token=494370254&user=-1356109124&config=2,1826,0,2
1781062232031,1810,Config 2,200,OK,Stress Test 1-18,text,true,,231,158,51,51,http://localhost:8080/?token=494370254&user=-1356109124&config=2,1810,0,0
1781062232323,1883,Config 2,200,OK,Stress Test 1-11,text,true,,231,158,51,51,http://localhost:8080/?token=494370254&user=-1356109124&config=2,1883,0,0
1781062232478,1729,Config 2,200,OK,Stress Test 1-16,text,true,,231,158,51,51,http://localhost:8080/?token=494370254&user=-1356109124&config=2,1729,0,0
1781062232478,1729,Config 2,200,OK,Stress Test 1-6,text,true,,231,158,51,51,http://localhost:8080/?token=494370254&user=-1356109124&config=2,1729,0,0
1781062232479,1729,Config 2,200,OK,Stress Test 1-21,text,true,,231,158,51,51,http://localhost:8080/?token=494370254&user=-1356109124&config=2,1729,0,0
1781062232479,1729,Config 2,200,OK,Stress Test 1-26,text,true,,231,158,51,51,http://localhost:8080/?token=494370254&user=-1356109124&config=2,1729,0,0
1781062232479,1729,Config 2,200,OK,Stress Test 1-31,text,true,,231,158,51,51,http://localhost:8080/?token=494370254&user=-1356109124&config=2,1729,0,0
1781062232479,1730,Config 2,200,OK,Stress Test 1-46,text,true,,231,158,51,51,http://localhost:8080/?token=494370254&user=-1356109124&config=2,1730,0,0
1781062232323,1885,Config 2,200,OK,Stress Test 1-36,text,true,,231,158,51,51,http://localhost:8080/?token=494370254&user=-1356109124&config=2,1885,0,0
1781062232615,1611,Config 2,200,OK,Stress Test 1-4,text,true,,231,158,51,51,http://localhost:8080/?token=494370254&user=-1356109124&config=2,1611,0,0
1781062232615,1611,Config 2,200,OK,Stress Test 1-34,text,true,,231,158,51,51,http://localhost:8080/?token=494370254&user=-1356109124&config=2,1611,0,0
1781062232800,1551,Config 2,200,OK,Stress Test 1-24,text,true,,231,158,51,51,http://localhost:8080/?token=494370254&user=-1356109124&config=2,1551,0,0
1781062232631,1722,Config 2,200,OK,Stress Test 1-14,text,true,,231,158,51,51,http://localhost:8080/?token=494370254&user=-1356109124&config=2,1722,0,0
1781062232802,1560,Config 2,200,OK,Stress Test 1-44,text,true,,231,158,51,51,http://localhost:8080/?token=494370254&user=-1356109124&config=2,1560,0,0
1781062232617,1751,Config 2,200,OK,Stress Test 1-49,text,true,,231,158,51,51,http://localhost:8080/?token=494370254&user=-1356109124&config=2,1751,0,1
1781062232802,1577,Config 2,200,OK,Stress Test 1-39,text,true,,231,158,51,51,http://localhost:8080/?token=494370254&user=-1356109124&config=2,1577,0,0
1781062232800,1725,Config 2,200,OK,Stress Test 1-19,text,true,,231,158,52,52,http://localhost:8080/?token=494370254&user=-1356109124&config=2,1725,0,0
1781062232800,1734,Config 2,200,OK,Stress Test 1-9,text,true,,231,158,52,52,http://localhost:8080/?token=494370254&user=-1356109124&config=2,1734,0,0
1781062232800,1749,Config 2,200,OK,Stress Test 1-29,text,true,,231,158,52,52,http://localhost:8080/?token=494370254&user=-1356109124&config=2,1749,0,0
1781062232920,1636,Config 2,200,OK,Stress Test 1-42,text,true,,231,158,52,52,http://localhost:8080/?token=494370254&user=-1356109124&config=2,1636,0,0
1781062233150,1534,Config 2,200,OK,Stress Test 1-7,text,true,,231,158,52,52,http://localhost:8080/?token=494370254&user=-1356109124&config=2,1534,0,0
1781062232936,1754,Config 2,200,OK,Stress Test 1-17,text,true,,231,158,52,52,http://localhost:8080/?token=494370254&user=-1356109124&config=2,1754,0,0
1781062233150,1546,Config 2,200,OK,Stress Test 1-37,text,true,,231,158,52,52,http://localhost:8080/?token=494370254&user=-1356109124&config=2,1546,0,0
1781062233151,1561,Config 2,200,OK,Stress Test 1-22,text,true,,231,158,52,52,http://localhost:8080/?token=494370254&user=-1356109124&config=2,1561,0,0
1781062233154,1590,Config 2,200,OK,Stress Test 1-12,text,true,,231,158,52,52,http://localhost:8080/?token=494370254&user=-1356109124&config=2,1590,0,0
1781062233155,1624,Config 2,200,OK,Stress Test 1-32,text,true,,231,158,52,52,http://localhost:8080/?token=494370254&user=-1356109124&config=2,1624,0,0
1781062233154,1741,Config 2,200,OK,Stress Test 1-27,text,true,,231,158,52,52,http://localhost:8080/?token=494370254&user=-1356109124&config=2,1741,0,0
1781062233156,1771,Config 2,200,OK,Stress Test 1-47,text,true,,231,158,52,52,http://localhost:8080/?token=494370254&user=-1356109124&config=2,1771,0,0
1781062233210,1763,Config 2,200,OK,Stress Test 1-15,text,true,,231,158,52,52,http://localhost:8080/?token=494370254&user=-1356109124&config=2,1763,0,0
1781062233226,1759,Config 2,200,OK,Stress Test 1-5,text,true,,231,158,52,52,http://localhost:8080/?token=494370254&user=-1356109124&config=2,1759,0,0
1781062233226,1789,Config 2,200,OK,Stress Test 1-40,text,true,,231,158,52,52,http://localhost:8080/?token=494370254&user=-1356109124&config=2,1789,0,0
1781062233212,1821,Config 2,200,OK,Stress Test 1-50,text,true,,231,158,53,53,http://localhost:8080/?token=494370254&user=-1356109124&config=2,1821,0,1
1781062233479,1585,Config 2,200,OK,Stress Test 1-20,text,true,,231,158,53,53,http://localhost:8080/?token=494370254&user=-1356109124&config=2,1585,0,0
1781062233479,1603,Config 2,200,OK,Stress Test 1-2,text,true,,231,158,53,53,http://localhost:8080/?token=494370254&user=-1356109124&config=2,1603,0,0
1781062233480,1620,Config 2,200,OK,Stress Test 1-30,text,true,,231,158,53,53,http://localhost:8080/?token=494370254&user=-1356109124&config=2,1620,0,0
1781062233476,1767,Config 2,200,OK,Stress Test 1-10,text,true,,231,158,53,53,http://localhost:8080/?token=494370254&user=-1356109124&config=2,1766,0,0
1781062233477,1768,Config 2,200,OK,Stress Test 1-1,text,true,,231,158,53,53,http://localhost:8080/?token=494370254&user=-1356109124&config=2,1768,0,0
1781062233476,1786,Config 2,200,OK,Stress Test 1-35,text,true,,231,158,53,53,http://localhost:8080/?token=494370254&user=-1356109124&config=2,1786,0,0
1781062233478,1799,Config 2,200,OK,Stress Test 1-25,text,true,,231,158,53,53,http://localhost:8080/?token=494370254&user=-1356109124&config=2,1799,0,0
1781062233480,1870,Config 2,200,OK,Stress Test 1-45,text,true,,231,158,53,53,http://localhost:8080/?token=494370254&user=-1356109124&config=2,1870,0,0
1781062233841,1596,Config 2,200,OK,Stress Test 1-33,text,true,,231,158,53,53,http://localhost:8080/?token=494370254&user=-1356109124&config=2,1596,0,0
1781062233841,1607,Config 2,200,OK,Stress Test 1-8,text,true,,231,158,53,53,http://localhost:8080/?token=494370254&user=-1356109124&config=2,1607,0,0
1781062233842,5529,Config 2,200,OK,Stress Test 1-41,text,true,,231,158,60,60,http://localhost:8080/?token=494370254&user=-1356109124&config=2,5529,0,0
1781062233841,5650,Config 2,200,OK,Stress Test 1-3,text,true,,231,158,60,60,http://localhost:8080/?token=494370254&user=-1356109124&config=2,5650,0,0
1781062233842,5649,Config 2,200,OK,Stress Test 1-13,text,true,,231,158,60,60,http://localhost:8080/?token=494370254&user=-1356109124&config=2,5649,0,0
1781062233842,5649,Config 2,200,OK,Stress Test 1-28,text,true,,231,158,60,60,http://localhost:8080/?token=494370254&user=-1356109124&config=2,5649,0,0
1781062233842,5650,Config 2,200,OK,Stress Test 1-38,text,true,,231,158,60,60,http://localhost:8080/?token=494370254&user=-1356109124&config=2,5650,0,0
1781062233843,5648,Config 2,200,OK,Stress Test 1-18,text,true,,231,158,60,60,http://localhost:8080/?token=494370254&user=-1356109124&config=2,5648,0,0
1781062233843,5649,Config 2,200,OK,Stress Test 1-43,text,true,,231,158,60,60,http://localhost:8080/?token=494370254&user=-1356109124&config=2,5649,0,0
1781062234207,5286,Config 2,200,OK,Stress Test 1-6,text,true,,231,158,60,60,http://localhost:8080/?token=494370254&user=-1356109124&config=2,5286,0,0
1781062234684,4810,Config 2,200,OK,Stress Test 1-7,text,true,,231,158,60,60,http://localhost:8080/?token=494370254&user=-1356109124&config=2,4810,0,0
1781062234352,5142,Config 2,200,OK,Stress Test 1-14,text,true,,231,158,60,60,http://localhost:8080/?token=494370254&user=-1356109124&config=2,5142,0,0
1781062234351,5143,Config 2,200,OK,Stress Test 1-24,text,true,,231,158,60,60,http://localhost:8080/?token=494370254&user=-1356109124&config=2,5143,0,0
1781062233817,5679,Config 2,200,OK,Stress Test 1-51,text,true,,231,158,60,60,http://localhost:8080/?token=494370254&user=-1356109124&config=2,5679,0,1
1781062234206,5290,Config 2,200,OK,Stress Test 1-11,text,true,,231,158,60,60,http://localhost:8080/?token=494370254&user=-1356109124&config=2,5290,0,0
1781062234226,5270,Config 2,200,OK,Stress Test 1-4,text,true,,231,158,60,60,http://localhost:8080/?token=494370254&user=-1356109124&config=2,5270,0,0
1781062234534,4962,Config 2,200,OK,Stress Test 1-9,text,true,,231,158,60,60,http://localhost:8080/?token=494370254&user=-1356109124&config=2,4962,0,0
1781062234525,4972,Config 2,200,OK,Stress Test 1-19,text,true,,231,158,60,60,http://localhost:8080/?token=494370254&user=-1356109124&config=2,4972,0,0
1781062234208,5289,Config 2,200,OK,Stress Test 1-21,text,true,,231,158,60,60,http://localhost:8080/?token=494370254&user=-1356109124&config=2,5289,0,0
1781062234206,5291,Config 2,200,OK,Stress Test 1-16,text,true,,231,158,60,60,http://localhost:8080/?token=494370254&user=-1356109124&config=2,5291,0,0
1781062233843,5656,Config 2,200,OK,Stress Test 1-23,text,true,,231,158,60,60,http://localhost:8080/?token=494370254&user=-1356109124&config=2,5656,0,0
1781062234226,5279,Config 2,200,OK,Stress Test 1-34,text,true,,231,158,60,60,http://localhost:8080/?token=494370254&user=-1356109124&config=2,5279,0,0
1781062234208,5297,Config 2,200,OK,Stress Test 1-31,text,true,,231,158,60,60,http://localhost:8080/?token=494370254&user=-1356109124&config=2,5297,0,0
1781062234362,5145,Config 2,200,OK,Stress Test 1-44,text,true,,231,158,60,60,http://localhost:8080/?token=494370254&user=-1356109124&config=2,5145,0,0
1781062234379,5128,Config 2,200,OK,Stress Test 1-39,text,true,,231,158,60,60,http://localhost:8080/?token=494370254&user=-1356109124&config=2,5128,0,0
1781062234556,4951,Config 2,200,OK,Stress Test 1-42,text,true,,231,158,60,60,http://localhost:8080/?token=494370254&user=-1356109124&config=2,4951,0,0
1781062233843,5665,Config 2,200,OK,Stress Test 1-48,text,true,,231,158,60,60,http://localhost:8080/?token=494370254&user=-1356109124&config=2,5665,0,0
1781062234209,5298,Config 2,200,OK,Stress Test 1-36,text,true,,231,158,60,60,http://localhost:8080/?token=494370254&user=-1356109124&config=2,5298,0,0
1781062234209,5298,Config 2,200,OK,Stress Test 1-46,text,true,,231,158,60,60,http://localhost:8080/?token=494370254&user=-1356109124&config=2,5298,0,0
1781062234368,5139,Config 2,200,OK,Stress Test 1-49,text,true,,231,158,60,60,http://localhost:8080/?token=494370254&user=-1356109124&config=2,5139,0,0
1781062234696,4811,Config 2,200,OK,Stress Test 1-37,text,true,,231,158,60,60,http://localhost:8080/?token=494370254&user=-1356109124&config=2,4811,0,0
1781062234208,5290,Config 2,200,OK,Stress Test 1-26,text,true,,231,158,60,60,http://localhost:8080/?token=494370254&user=-1356109124&config=2,5290,0,0
1781062234548,4959,Config 2,200,OK,Stress Test 1-29,text,true,,231,158,60,60,http://localhost:8080/?token=494370254&user=-1356109124&config=2,4950,0,0
1781062234712,4798,Config 2,200,OK,Stress Test 1-22,text,true,,231,158,60,60,http://localhost:8080/?token=494370254&user=-1356109124&config=2,4798,0,0
1781062234689,5585,Config 2,200,OK,Stress Test 1-17,text,true,,231,158,61,61,http://localhost:8080/?token=494370254&user=-1356109124&config=2,5585,0,0
1781062234895,5379,Config 2,200,OK,Stress Test 1-27,text,true,,231,158,61,61,http://localhost:8080/?token=494370254&user=-1356109124&config=2,5379,0,0
1781062234744,5738,Config 2,200,OK,Stress Test 1-12,text,true,,231,158,62,62,http://localhost:8080/?token=494370254&user=-1356109124&config=2,5738,0,0
1781062234779,5703,Config 2,200,OK,Stress Test 1-32,text,true,,231,158,62,62,http://localhost:8080/?token=494370254&user=-1356109124&config=2,5703,0,0
1781062234984,5499,Config 2,200,OK,Stress Test 1-5,text,true,,231,158,62,62,http://localhost:8080/?token=494370254&user=-1356109124&config=2,5499,0,0
1781062235262,5221,Config 2,200,OK,Stress Test 1-35,text,true,,231,158,62,62,http://localhost:8080/?token=494370254&user=-1356109124&config=2,5221,0,0
1781062235245,5240,Config 2,200,OK,Stress Test 1-1,text,true,,231,158,62,62,http://localhost:8080/?token=494370254&user=-1356109124&config=2,5240,0,0
1781062235243,5243,Config 2,200,OK,Stress Test 1-10,text,true,,231,158,62,62,http://localhost:8080/?token=494370254&user=-1356109124&config=2,5243,0,0
1781062234972,5514,Config 2,200,OK,Stress Test 1-15,text,true,,231,158,62,62,http://localhost:8080/?token=494370254&user=-1356109124&config=2,5514,0,0
1781062235064,5423,Config 2,200,OK,Stress Test 1-20,text,true,,231,158,62,62,http://localhost:8080/?token=494370254&user=-1356109124&config=2,5422,0,0
1781062235082,5403,Config 2,200,OK,Stress Test 1-2,text,true,,231,158,62,62,http://localhost:8080/?token=494370254&user=-1356109124&config=2,5403,0,0
1781062235277,5211,Config 2,200,OK,Stress Test 1-25,text,true,,231,158,62,62,http://localhost:8080/?token=494370254&user=-1356109124&config=2,5211,0,0
1781062235448,5037,Config 2,200,OK,Stress Test 1-8,text,true,,231,158,62,62,http://localhost:8080/?token=494370254&user=-1356109124&config=2,5037,0,0
1781062235100,5388,Config 2,200,OK,Stress Test 1-30,text,true,,231,158,62,62,http://localhost:8080/?token=494370254&user=-1356109124&config=2,5388,0,0
1781062235437,5051,Config 2,200,OK,Stress Test 1-33,text,true,,231,158,62,62,http://localhost:8080/?token=494370254&user=-1356109124&config=2,5051,0,0
1781062235014,5474,Config 2,200,OK,Stress Test 1-40,text,true,,231,158,62,62,http://localhost:8080/?token=494370254&user=-1356109124&config=2,5474,0,0
1781062234927,5563,Config 2,200,OK,Stress Test 1-47,text,true,,231,158,62,62,http://localhost:8080/?token=494370254&user=-1356109124&config=2,5563,0,0
1781062235350,5140,Config 2,200,OK,Stress Test 1-45,text,true,,231,158,62,62,http://localhost:8080/?token=494370254&user=-1356109124&config=2,5140,0,0
1781062235033,5457,Config 2,200,OK,Stress Test 1-50,text,true,,231,158,62,62,http://localhost:8080/?token=494370254&user=-1356109124&config=2,5457,0,0
1781062235618,4874,Config 2,200,OK,Stress Test 1-54,text,true,,231,158,62,62,http://localhost:8080/?token=494370254&user=-1356109124&config=2,4874,0,1
1781062234411,6081,Config 2,200,OK,Stress Test 1-52,text,true,,231,158,62,62,http://localhost:8080/?token=494370254&user=-1356109124&config=2,6081,0,2
1781062236218,4274,Config 2,200,OK,Stress Test 1-55,text,true,,231,158,62,62,http://localhost:8080/?token=494370254&user=-1356109124&config=2,4274,0,2
1781062235020,5472,Config 2,200,OK,Stress Test 1-53,text,true,,231,158,62,62,http://localhost:8080/?token=494370254&user=-1356109124&config=2,5472,0,1
1781062237415,3078,Config 2,200,OK,Stress Test 1-57,text,true,,231,158,62,62,http://localhost:8080/?token=494370254&user=-1356109124&config=2,3078,0,1
1781062236814,3679,Config 2,200,OK,Stress Test 1-56,text,true,,231,158,62,62,http://localhost:8080/?token=494370254&user=-1356109124&config=2,3679,0,2
1781062238018,2476,Config 2,200,OK,Stress Test 1-58,text,true,,231,158,62,62,http://localhost:8080/?token=494370254&user=-1356109124&config=2,2476,0,1
1781062238610,1884,Config 2,200,OK,Stress Test 1-59,text,true,,231,158,62,62,http://localhost:8080/?token=494370254&user=-1356109124&config=2,1884,0,1
1781062239493,1003,Config 2,200,OK,Stress Test 1-28,text,true,,231,158,62,62,http://localhost:8080/?token=494370254&user=-1356109124&config=2,1003,0,0
1781062239493,1003,Config 2,200,OK,Stress Test 1-38,text,true,,231,158,62,62,http://localhost:8080/?token=494370254&user=-1356109124&config=2,1003,0,0
1781062239372,1124,Config 2,200,OK,Stress Test 1-41,text,true,,231,158,62,62,http://localhost:8080/?token=494370254&user=-1356109124&config=2,1124,0,0
1781062239219,1278,Config 2,200,OK,Stress Test 1-60,text,true,,231,158,62,62,http://localhost:8080/?token=494370254&user=-1356109124&config=2,1278,0,1
1781062239493,1703,Config 2,200,OK,Stress Test 1-3,text,true,,231,158,63,63,http://localhost:8080/?token=494370254&user=-1356109124&config=2,1703,0,0
1781062239495,1703,Config 2,200,OK,Stress Test 1-6,text,true,,231,158,63,63,http://localhost:8080/?token=494370254&user=-1356109124&config=2,1703,0,0
1781062239495,1966,Config 2,200,OK,Stress Test 1-7,text,true,,231,158,63,63,http://localhost:8080/?token=494370254&user=-1356109124&config=2,1966,0,0
1781062239493,1968,Config 2,200,OK,Stress Test 1-13,text,true,,231,158,63,63,http://localhost:8080/?token=494370254&user=-1356109124&config=2,1968,0,0
1781062239495,1966,Config 2,200,OK,Stress Test 1-14,text,true,,231,158,63,63,http://localhost:8080/?token=494370254&user=-1356109124&config=2,1966,0,0
1781062239494,1968,Config 2,200,OK,Stress Test 1-18,text,true,,231,158,63,63,http://localhost:8080/?token=494370254&user=-1356109124&config=2,1968,0,0
1781062239499,1963,Config 2,200,OK,Stress Test 1-19,text,true,,231,158,63,63,http://localhost:8080/?token=494370254&user=-1356109124&config=2,1963,0,0
1781062239494,1968,Config 2,200,OK,Stress Test 1-43,text,true,,231,158,63,63,http://localhost:8080/?token=494370254&user=-1356109124&config=2,1968,0,0
1781062239497,1966,Config 2,200,OK,Stress Test 1-4,text,true,,231,158,63,63,http://localhost:8080/?token=494370254&user=-1356109124&config=2,1966,0,0
1781062239496,1967,Config 2,200,OK,Stress Test 1-24,text,true,,231,158,63,63,http://localhost:8080/?token=494370254&user=-1356109124&config=2,1967,0,0
1781062239499,1964,Config 2,200,OK,Stress Test 1-16,text,true,,231,158,63,63,http://localhost:8080/?token=494370254&user=-1356109124&config=2,1964,0,0
1781062239496,1968,Config 2,200,OK,Stress Test 1-51,text,true,,231,158,63,63,http://localhost:8080/?token=494370254&user=-1356109124&config=2,1968,0,0
1781062239497,1968,Config 2,200,OK,Stress Test 1-9,text,true,,231,158,63,63,http://localhost:8080/?token=494370254&user=-1356109124&config=2,1968,0,0
1781062239497,1968,Config 2,200,OK,Stress Test 1-11,text,true,,231,158,63,63,http://localhost:8080/?token=494370254&user=-1356109124&config=2,1968,0,0
1781062239499,1966,Config 2,200,OK,Stress Test 1-21,text,true,,231,158,63,63,http://localhost:8080/?token=494370254&user=-1356109124&config=2,1966,0,0
1781062239506,1960,Config 2,200,OK,Stress Test 1-23,text,true,,231,158,63,63,http://localhost:8080/?token=494370254&user=-1356109124&config=2,1960,0,0
1781062239511,1954,Config 2,200,OK,Stress Test 1-22,text,true,,231,158,63,63,http://localhost:8080/?token=494370254&user=-1356109124&config=2,1954,0,0
1781062239510,1956,Config 2,200,OK,Stress Test 1-26,text,true,,231,158,63,63,http://localhost:8080/?token=494370254&user=-1356109124&config=2,1956,0,0
1781062239510,1957,Config 2,200,OK,Stress Test 1-29,text,true,,231,158,63,63,http://localhost:8080/?token=494370254&user=-1356109124&config=2,1957,0,0
1781062239507,1960,Config 2,200,OK,Stress Test 1-34,text,true,,231,158,63,63,http://localhost:8080/?token=494370254&user=-1356109124&config=2,1960,0,0
1781062239509,1959,Config 2,200,OK,Stress Test 1-36,text,true,,231,158,63,63,http://localhost:8080/?token=494370254&user=-1356109124&config=2,1959,0,0
1781062239509,1959,Config 2,200,OK,Stress Test 1-39,text,true,,231,158,63,63,http://localhost:8080/?token=494370254&user=-1356109124&config=2,1959,0,0
1781062239509,1959,Config 2,200,OK,Stress Test 1-42,text,true,,231,158,63,63,http://localhost:8080/?token=494370254&user=-1356109124&config=2,1959,0,0
1781062239509,1959,Config 2,200,OK,Stress Test 1-44,text,true,,231,158,63,63,http://localhost:8080/?token=494370254&user=-1356109124&config=2,1959,0,0
1781062239509,1960,Config 2,200,OK,Stress Test 1-46,text,true,,231,158,63,63,http://localhost:8080/?token=494370254&user=-1356109124&config=2,1960,0,0
1781062239509,1960,Config 2,200,OK,Stress Test 1-49,text,true,,231,158,63,63,http://localhost:8080/?token=494370254&user=-1356109124&config=2,1960,0,0
1781062240276,1194,Config 2,200,OK,Stress Test 1-17,text,true,,231,158,63,63,http://localhost:8080/?token=494370254&user=-1356109124&config=2,1193,0,0
1781062239507,1963,Config 2,200,OK,Stress Test 1-31,text,true,,231,158,63,63,http://localhost:8080/?token=494370254&user=-1356109124&config=2,1963,0,0
1781062240276,1194,Config 2,200,OK,Stress Test 1-27,text,true,,231,158,63,63,http://localhost:8080/?token=494370254&user=-1356109124&config=2,1194,0,0
1781062239509,1961,Config 2,200,OK,Stress Test 1-48,text,true,,231,158,63,63,http://localhost:8080/?token=494370254&user=-1356109124&config=2,1961,0,0
1781062239510,1960,Config 2,200,OK,Stress Test 1-37,text,true,,231,158,63,63,http://localhost:8080/?token=494370254&user=-1356109124&config=2,1960,0,0
1781062239820,1651,Config 2,200,OK,Stress Test 1-61,text,true,,231,158,63,63,http://localhost:8080/?token=494370254&user=-1356109124&config=2,1651,0,1
1781062240407,1723,Config 2,200,OK,Stress Test 1-62,text,true,,231,158,64,64,http://localhost:8080/?token=494370254&user=-1356109124&config=2,1723,0,1
1781062240485,1649,Config 2,200,OK,Stress Test 1-5,text,true,,231,158,64,64,http://localhost:8080/?token=494370254&user=-1356109124&config=2,1649,0,0
1781062240488,1974,Config 2,200,OK,Stress Test 1-1,text,true,,231,158,65,65,http://localhost:8080/?token=494370254&user=-1356109124&config=2,1974,0,0
1781062240488,1974,Config 2,200,OK,Stress Test 1-10,text,true,,231,158,65,65,http://localhost:8080/?token=494370254&user=-1356109124&config=2,1974,0,0
1781062240489,1973,Config 2,200,OK,Stress Test 1-2,text,true,,231,158,65,65,http://localhost:8080/?token=494370254&user=-1356109124&config=2,1973,0,0
1781062240484,1980,Config 2,200,OK,Stress Test 1-12,text,true,,231,158,65,65,http://localhost:8080/?token=494370254&user=-1356109124&config=2,1980,0,0
1781062240484,1981,Config 2,200,OK,Stress Test 1-32,text,true,,231,158,65,65,http://localhost:8080/?token=494370254&user=-1356109124&config=2,1981,0,0
1781062240490,1975,Config 2,200,OK,Stress Test 1-30,text,true,,231,158,65,65,http://localhost:8080/?token=494370254&user=-1356109124&config=2,1975,0,0
1781062240490,1975,Config 2,200,OK,Stress Test 1-33,text,true,,231,158,65,65,http://localhost:8080/?token=494370254&user=-1356109124&config=2,1975,0,0
1781062240488,1977,Config 2,200,OK,Stress Test 1-15,text,true,,231,158,65,65,http://localhost:8080/?token=494370254&user=-1356109124&config=2,1977,0,0
1781062240491,1976,Config 2,200,OK,Stress Test 1-40,text,true,,231,158,65,65,http://localhost:8080/?token=494370254&user=-1356109124&config=2,1976,0,0
1781062240492,1976,Config 2,200,OK,Stress Test 1-45,text,true,,231,158,65,65,http://localhost:8080/?token=494370254&user=-1356109124&config=2,1976,0,0
1781062240492,1976,Config 2,200,OK,Stress Test 1-47,text,true,,231,158,65,65,http://localhost:8080/?token=494370254&user=-1356109124&config=2,1976,0,0
1781062240494,1976,Config 2,200,OK,Stress Test 1-53,text,true,,231,158,65,65,http://localhost:8080/?token=494370254&user=-1356109124&config=2,1976,0,0
1781062240493,1977,Config 2,200,OK,Stress Test 1-55,text,true,,231,158,65,65,http://localhost:8080/?token=494370254&user=-1356109124&config=2,1977,0,0
1781062240495,1976,Config 2,200,OK,Stress Test 1-57,text,true,,231,158,65,65,http://localhost:8080/?token=494370254&user=-1356109124&config=2,1976,0,0
1781062240493,1977,Config 2,200,OK,Stress Test 1-54,text,true,,231,158,65,65,http://localhost:8080/?token=494370254&user=-1356109124&config=2,1977,0,0
1781062241199,1274,Config 2,200,OK,Stress Test 1-6,text,true,,231,158,65,65,http://localhost:8080/?token=494370254&user=-1356109124&config=2,1274,0,0
1781062241198,1275,Config 2,200,OK,Stress Test 1-3,text,true,,231,158,65,65,http://localhost:8080/?token=494370254&user=-1356109124&config=2,1275,0,0
1781062240490,1983,Config 2,200,OK,Stress Test 1-8,text,true,,231,158,65,65,http://localhost:8080/?token=494370254&user=-1356109124&config=2,1983,0,0
1781062240490,1984,Config 2,200,OK,Stress Test 1-25,text,true,,231,158,65,65,http://localhost:8080/?token=494370254&user=-1356109124&config=2,1984,0,0
1781062240488,1986,Config 2,200,OK,Stress Test 1-20,text,true,,231,158,65,65,http://localhost:8080/?token=494370254&user=-1356109124&config=2,1986,0,0
1781062240485,1990,Config 2,200,OK,Stress Test 1-35,text,true,,231,158,65,65,http://localhost:8080/?token=494370254&user=-1356109124&config=2,1990,0,0
1781062241007,1468,Config 2,200,OK,Stress Test 1-28,text,true,,231,158,65,65,http://localhost:8080/?token=494370254&user=-1356109124&config=2,1468,0,0
1781062241007,1468,Config 2,200,OK,Stress Test 1-38,text,true,,231,158,65,65,http://localhost:8080/?token=494370254&user=-1356109124&config=2,1468,0,0
1781062240492,1983,Config 2,200,OK,Stress Test 1-50,text,true,,231,158,65,65,http://localhost:8080/?token=494370254&user=-1356109124&config=2,1983,0,0
1781062240877,1598,Config 2,200,OK,Stress Test 1-41,text,true,,231,158,65,65,http://localhost:8080/?token=494370254&user=-1356109124&config=2,1598,0,0
1781062240495,1981,Config 2,200,OK,Stress Test 1-56,text,true,,231,158,65,65,http://localhost:8080/?token=494370254&user=-1356109124&config=2,1981,0,0
1781062240493,1983,Config 2,200,OK,Stress Test 1-52,text,true,,231,158,65,65,http://localhost:8080/?token=494370254&user=-1356109124&config=2,1983,0,0
1781062240495,1982,Config 2,200,OK,Stress Test 1-58,text,true,,231,158,65,65,http://localhost:8080/?token=494370254&user=-1356109124&config=2,1982,0,0
1781062240495,1982,Config 2,200,OK,Stress Test 1-59,text,true,,231,158,65,65,http://localhost:8080/?token=494370254&user=-1356109124&config=2,1982,0,0
1781062240731,1746,Config 2,200,OK,Stress Test 1-60,text,true,,231,158,65,65,http://localhost:8080/?token=494370254&user=-1356109124&config=2,1746,0,0
1781062241010,1467,Config 2,200,OK,Stress Test 1-63,text,true,,231,158,65,65,http://localhost:8080/?token=494370254&user=-1356109124&config=2,1467,0,1
1781062241462,1615,Config 2,200,OK,Stress Test 1-7,text,true,,231,158,66,66,http://localhost:8080/?token=494370254&user=-1356109124&config=2,1615,0,0
1781062241462,1615,Config 2,200,OK,Stress Test 1-13,text,true,,231,158,66,66,http://localhost:8080/?token=494370254&user=-1356109124&config=2,1615,0,0
1781062241462,1616,Config 2,200,OK,Stress Test 1-14,text,true,,231,158,66,66,http://localhost:8080/?token=494370254&user=-1356109124&config=2,1616,0,0
1781062241463,2608,Config 2,200,OK,Stress Test 1-43,text,true,,231,158,68,68,http://localhost:8080/?token=494370254&user=-1356109124&config=2,2608,0,0
1781062241463,2608,Config 2,200,OK,Stress Test 1-19,text,true,,231,158,68,68,http://localhost:8080/?token=494370254&user=-1356109124&config=2,2608,0,0
1781062242464,1611,Config 2,200,OK,Stress Test 1-2,text,true,,231,158,68,68,http://localhost:8080/?token=494370254&user=-1356109124&config=2,1611,0,0
1781062241465,2610,Config 2,200,OK,Stress Test 1-9,text,true,,231,158,68,68,http://localhost:8080/?token=494370254&user=-1356109124&config=2,2610,0,0
1781062241464,2611,Config 2,200,OK,Stress Test 1-4,text,true,,231,158,68,68,http://localhost:8080/?token=494370254&user=-1356109124&config=2,2611,0,0
1781062241465,2610,Config 2,200,OK,Stress Test 1-11,text,true,,231,158,68,68,http://localhost:8080/?token=494370254&user=-1356109124&config=2,2610,0,0
1781062242467,1608,Config 2,200,OK,Stress Test 1-15,text,true,,231,158,68,68,http://localhost:8080/?token=494370254&user=-1356109124&config=2,1608,0,0
1781062242464,1611,Config 2,200,OK,Stress Test 1-10,text,true,,231,158,68,68,http://localhost:8080/?token=494370254&user=-1356109124&config=2,1611,0,0
1781062241785,2291,Config 2,200,OK,Stress Test 1-17,text,true,,231,158,68,68,http://localhost:8080/?token=494370254&user=-1356109124&config=2,2291,0,0
1781062241464,2611,Config 2,200,OK,Stress Test 1-16,text,true,,231,158,68,68,http://localhost:8080/?token=494370254&user=-1356109124&config=2,2611,0,0
1781062241463,2613,Config 2,200,OK,Stress Test 1-18,text,true,,231,158,68,68,http://localhost:8080/?token=494370254&user=-1356109124&config=2,2613,0,0
1781062241466,2610,Config 2,200,OK,Stress Test 1-22,text,true,,231,158,68,68,http://localhost:8080/?token=494370254&user=-1356109124&config=2,2610,0,0
1781062241466,2610,Config 2,200,OK,Stress Test 1-21,text,true,,231,158,68,68,http://localhost:8080/?token=494370254&user=-1356109124&config=2,2610,0,0
1781062241466,2610,Config 2,200,OK,Stress Test 1-23,text,true,,231,158,68,68,http://localhost:8080/?token=494370254&user=-1356109124&config=2,2610,0,0
1781062241467,2609,Config 2,200,OK,Stress Test 1-26,text,true,,231,158,68,68,http://localhost:8080/?token=494370254&user=-1356109124&config=2,2609,0,0
1781062241464,2612,Config 2,200,OK,Stress Test 1-24,text,true,,231,158,68,68,http://localhost:8080/?token=494370254&user=-1356109124&config=2,2612,0,0
1781062241785,2291,Config 2,200,OK,Stress Test 1-27,text,true,,231,158,68,68,http://localhost:8080/?token=494370254&user=-1356109124&config=2,2291,0,0
1781062241467,2609,Config 2,200,OK,Stress Test 1-29,text,true,,231,158,68,68,http://localhost:8080/?token=494370254&user=-1356109124&config=2,2609,0,0
1781062241471,2605,Config 2,200,OK,Stress Test 1-31,text,true,,231,158,68,68,http://localhost:8080/?token=494370254&user=-1356109124&config=2,2605,0,0
1781062241467,2609,Config 2,200,OK,Stress Test 1-34,text,true,,231,158,68,68,http://localhost:8080/?token=494370254&user=-1356109124&config=2,2609,0,0
1781062241468,2608,Config 2,200,OK,Stress Test 1-36,text,true,,231,158,68,68,http://localhost:8080/?token=494370254&user=-1356109124&config=2,2608,0,0
1781062241469,2607,Config 2,200,OK,Stress Test 1-42,text,true,,231,158,68,68,http://localhost:8080/?token=494370254&user=-1356109124&config=2,2607,0,0
1781062241471,2605,Config 2,200,OK,Stress Test 1-37,text,true,,231,158,68,68,http://localhost:8080/?token=494370254&user=-1356109124&config=2,2605,0,0
1781062241469,2607,Config 2,200,OK,Stress Test 1-44,text,true,,231,158,68,68,http://localhost:8080/?token=494370254&user=-1356109124&config=2,2607,0,0
1781062241468,2608,Config 2,200,OK,Stress Test 1-39,text,true,,231,158,68,68,http://localhost:8080/?token=494370254&user=-1356109124&config=2,2608,0,0
1781062241471,2606,Config 2,200,OK,Stress Test 1-48,text,true,,231,158,68,68,http://localhost:8080/?token=494370254&user=-1356109124&config=2,2606,0,0
1781062241469,2608,Config 2,200,OK,Stress Test 1-46,text,true,,231,158,68,68,http://localhost:8080/?token=494370254&user=-1356109124&config=2,2608,0,0
1781062241469,2609,Config 2,200,OK,Stress Test 1-49,text,true,,231,158,68,68,http://localhost:8080/?token=494370254&user=-1356109124&config=2,2609,0,0
1781062241465,2614,Config 2,200,OK,Stress Test 1-51,text,true,,231,158,68,68,http://localhost:8080/?token=494370254&user=-1356109124&config=2,2614,0,0
1781062241472,2608,Config 2,200,OK,Stress Test 1-61,text,true,,231,158,68,68,http://localhost:8080/?token=494370254&user=-1356109124&config=2,2608,0,0
1781062242131,1950,Config 2,200,OK,Stress Test 1-62,text,true,,231,158,68,68,http://localhost:8080/?token=494370254&user=-1356109124&config=2,1950,0,0
1781062241608,2474,Config 2,200,OK,Stress Test 1-64,text,true,,231,158,68,68,http://localhost:8080/?token=494370254&user=-1356109124&config=2,2473,0,1
1781062242135,1950,Config 2,200,OK,Stress Test 1-5,text,true,,231,158,68,68,http://localhost:8080/?token=494370254&user=-1356109124&config=2,1950,0,0
1781062242467,1641,Config 2,200,OK,Stress Test 1-33,text,true,,231,158,68,68,http://localhost:8080/?token=494370254&user=-1356109124&config=2,1641,0,0
1781062242463,1645,Config 2,200,OK,Stress Test 1-1,text,true,,231,158,68,68,http://localhost:8080/?token=494370254&user=-1356109124&config=2,1645,0,0
1781062242207,1901,Config 2,200,OK,Stress Test 1-65,text,true,,231,158,68,68,http://localhost:8080/?token=494370254&user=-1356109124&config=2,1901,0,2
1781062242465,1830,Config 2,200,OK,Stress Test 1-12,text,true,,231,158,68,68,http://localhost:8080/?token=494370254&user=-1356109124&config=2,1830,0,0
1781062242466,1830,Config 2,200,OK,Stress Test 1-30,text,true,,231,158,68,68,http://localhost:8080/?token=494370254&user=-1356109124&config=2,1830,0,0
1781062242466,1830,Config 2,200,OK,Stress Test 1-32,text,true,,231,158,68,68,http://localhost:8080/?token=494370254&user=-1356109124&config=2,1830,0,0
1781062242468,1828,Config 2,200,OK,Stress Test 1-40,text,true,,231,158,68,68,http://localhost:8080/?token=494370254&user=-1356109124&config=2,1828,0,0
1781062242471,1826,Config 2,200,OK,Stress Test 1-57,text,true,,231,158,68,68,http://localhost:8080/?token=494370254&user=-1356109124&config=2,1826,0,0
1781062242469,1828,Config 2,200,OK,Stress Test 1-47,text,true,,231,158,68,68,http://localhost:8080/?token=494370254&user=-1356109124&config=2,1828,0,0
1781062242468,1829,Config 2,200,OK,Stress Test 1-45,text,true,,231,158,68,68,http://localhost:8080/?token=494370254&user=-1356109124&config=2,1829,0,0
1781062242471,1882,Config 2,200,OK,Stress Test 1-55,text,true,,231,158,68,68,http://localhost:8080/?token=494370254&user=-1356109124&config=2,1882,0,0
1781062242475,1985,Config 2,200,OK,Stress Test 1-35,text,true,,231,158,68,68,http://localhost:8080/?token=494370254&user=-1356109124&config=2,1985,0,0
1781062242471,1989,Config 2,200,OK,Stress Test 1-53,text,true,,231,158,68,68,http://localhost:8080/?token=494370254&user=-1356109124&config=2,1989,0,0
1781062242474,2753,Config 2,200,OK,Stress Test 1-25,text,true,,231,158,70,70,http://localhost:8080/?token=494370254&user=-1356109124&config=2,2753,0,0
1781062242474,2753,Config 2,200,OK,Stress Test 1-8,text,true,,231,158,70,70,http://localhost:8080/?token=494370254&user=-1356109124&config=2,2753,0,0
1781062242474,2753,Config 2,200,OK,Stress Test 1-20,text,true,,231,158,70,70,http://localhost:8080/?token=494370254&user=-1356109124&config=2,2753,0,0
1781062242495,2733,Config 2,200,OK,Stress Test 1-28,text,true,,231,158,70,70,http://localhost:8080/?token=494370254&user=-1356109124&config=2,2733,0,0
1781062242495,2733,Config 2,200,OK,Stress Test 1-38,text,true,,231,158,70,70,http://localhost:8080/?token=494370254&user=-1356109124&config=2,2733,0,0
1781062242476,2752,Config 2,200,OK,Stress Test 1-41,text,true,,231,158,70,70,http://localhost:8080/?token=494370254&user=-1356109124&config=2,2752,0,0
1781062242476,2752,Config 2,200,OK,Stress Test 1-50,text,true,,231,158,70,70,http://localhost:8080/?token=494370254&user=-1356109124&config=2,2752,0,0
1781062242477,2751,Config 2,200,OK,Stress Test 1-58,text,true,,231,158,70,70,http://localhost:8080/?token=494370254&user=-1356109124&config=2,2751,0,0
1781062242477,2751,Config 2,200,OK,Stress Test 1-52,text,true,,231,158,70,70,http://localhost:8080/?token=494370254&user=-1356109124&config=2,2751,0,0
1781062242478,2750,Config 2,200,OK,Stress Test 1-60,text,true,,231,158,70,70,http://localhost:8080/?token=494370254&user=-1356109124&config=2,2750,0,0
1781062242478,2750,Config 2,200,OK,Stress Test 1-59,text,true,,231,158,70,70,http://localhost:8080/?token=494370254&user=-1356109124&config=2,2750,0,0
1781062242476,2752,Config 2,200,OK,Stress Test 1-56,text,true,,231,158,70,70,http://localhost:8080/?token=494370254&user=-1356109124&config=2,2752,0,0
1781062242472,2756,Config 2,200,OK,Stress Test 1-54,text,true,,231,158,70,70,http://localhost:8080/?token=494370254&user=-1356109124&config=2,2756,0,0
1781062242511,2717,Config 2,200,OK,Stress Test 1-63,text,true,,231,158,70,70,http://localhost:8080/?token=494370254&user=-1356109124&config=2,2717,0,0
1781062242689,2539,Config 2,200,OK,Stress Test 1-3,text,true,,231,158,70,70,http://localhost:8080/?token=494370254&user=-1356109124&config=2,2539,0,0
1781062243078,2150,Config 2,200,OK,Stress Test 1-14,text,true,,231,158,70,70,http://localhost:8080/?token=494370254&user=-1356109124&config=2,2150,0,0
1781062244075,1155,Config 2,200,OK,Stress Test 1-2,text,true,,231,158,70,70,http://localhost:8080/?token=494370254&user=-1356109124&config=2,1155,0,0
1781062242706,2525,Config 2,200,OK,Stress Test 1-6,text,true,,231,158,70,70,http://localhost:8080/?token=494370254&user=-1356109124&config=2,2525,0,0
1781062243078,2153,Config 2,200,OK,Stress Test 1-7,text,true,,231,158,70,70,http://localhost:8080/?token=494370254&user=-1356109124&config=2,2153,0,0
1781062244076,1154,Config 2,200,OK,Stress Test 1-11,text,true,,231,158,70,70,http://localhost:8080/?token=494370254&user=-1356109124&config=2,1154,0,0
1781062243078,2153,Config 2,200,OK,Stress Test 1-13,text,true,,231,158,70,70,http://localhost:8080/?token=494370254&user=-1356109124&config=2,2153,0,0
1781062244076,1155,Config 2,200,OK,Stress Test 1-15,text,true,,231,158,70,70,http://localhost:8080/?token=494370254&user=-1356109124&config=2,1155,0,0
1781062244071,1160,Config 2,200,OK,Stress Test 1-43,text,true,,231,158,70,70,http://localhost:8080/?token=494370254&user=-1356109124&config=2,1160,0,0
1781062244071,1160,Config 2,200,OK,Stress Test 1-19,text,true,,231,158,70,70,http://localhost:8080/?token=494370254&user=-1356109124&config=2,1160,0,0
1781062242821,2411,Config 2,200,OK,Stress Test 1-66,text,true,,231,158,70,70,http://localhost:8080/?token=494370254&user=-1356109124&config=2,2411,0,0
1781062244017,1216,Config 2,200,OK,Stress Test 1-68,text,true,,231,158,70,70,http://localhost:8080/?token=494370254&user=-1356109124&config=2,1216,0,1
1781062243419,1813,Config 2,200,OK,Stress Test 1-67,text,true,,231,158,70,70,http://localhost:8080/?token=494370254&user=-1356109124&config=2,1813,0,1
1781062244077,1336,Config 2,200,OK,Stress Test 1-16,text,true,,231,158,70,70,http://localhost:8080/?token=494370254&user=-1356109124&config=2,1336,0,0
1781062244076,1336,Config 2,200,OK,Stress Test 1-10,text,true,,231,158,70,70,http://localhost:8080/?token=494370254&user=-1356109124&config=2,1336,0,0
1781062244076,1340,Config 2,200,OK,Stress Test 1-4,text,true,,231,158,70,70,http://localhost:8080/?token=494370254&user=-1356109124&config=2,1340,0,0
1781062244075,1341,Config 2,200,OK,Stress Test 1-9,text,true,,231,158,70,70,http://localhost:8080/?token=494370254&user=-1356109124&config=2,1341,0,0
1781062244077,1340,Config 2,200,OK,Stress Test 1-18,text,true,,231,158,70,70,http://localhost:8080/?token=494370254&user=-1356109124&config=2,1340,0,0
1781062244077,1340,Config 2,200,OK,Stress Test 1-23,text,true,,231,158,70,70,http://localhost:8080/?token=494370254&user=-1356109124&config=2,1340,0,0
1781062244078,1339,Config 2,200,OK,Stress Test 1-27,text,true,,231,158,70,70,http://localhost:8080/?token=494370254&user=-1356109124&config=2,1339,0,0
1781062244077,1340,Config 2,200,OK,Stress Test 1-21,text,true,,231,158,70,70,http://localhost:8080/?token=494370254&user=-1356109124&config=2,1340,0,0
1781062244079,1338,Config 2,200,OK,Stress Test 1-46,text,true,,231,158,70,70,http://localhost:8080/?token=494370254&user=-1356109124&config=2,1338,0,0
1781062244079,1338,Config 2,200,OK,Stress Test 1-49,text,true,,231,158,70,70,http://localhost:8080/?token=494370254&user=-1356109124&config=2,1338,0,0
1781062244078,1339,Config 2,200,OK,Stress Test 1-34,text,true,,231,158,70,70,http://localhost:8080/?token=494370254&user=-1356109124&config=2,1339,0,0
1781062244079,2264,Config 2,200,OK,Stress Test 1-36,text,true,,231,158,71,71,http://localhost:8080/?token=494370254&user=-1356109124&config=2,2264,0,0
1781062244079,2265,Config 2,200,OK,Stress Test 1-42,text,true,,231,158,71,71,http://localhost:8080/?token=494370254&user=-1356109124&config=2,2265,0,0
1781062244078,2265,Config 2,200,OK,Stress Test 1-29,text,true,,231,158,71,71,http://localhost:8080/?token=494370254&user=-1356109124&config=2,2265,0,0
1781062244078,2267,Config 2,200,OK,Stress Test 1-31,text,true,,231,158,71,71,http://localhost:8080/?token=494370254&user=-1356109124&config=2,2267,0,0
1781062244079,2266,Config 2,200,OK,Stress Test 1-37,text,true,,231,158,71,71,http://localhost:8080/?token=494370254&user=-1356109124&config=2,2266,0,0
1781062244079,2266,Config 2,200,OK,Stress Test 1-39,text,true,,231,158,71,71,http://localhost:8080/?token=494370254&user=-1356109124&config=2,2266,0,0
1781062244079,2266,Config 2,200,OK,Stress Test 1-44,text,true,,231,158,71,71,http://localhost:8080/?token=494370254&user=-1356109124&config=2,2266,0,0
1781062244079,2268,Config 2,200,OK,Stress Test 1-48,text,true,,231,158,71,71,http://localhost:8080/?token=494370254&user=-1356109124&config=2,2268,0,0
1781062244080,2267,Config 2,200,OK,Stress Test 1-61,text,true,,231,158,71,71,http://localhost:8080/?token=494370254&user=-1356109124&config=2,2267,0,0
1781062244085,2262,Config 2,200,OK,Stress Test 1-5,text,true,,231,158,71,71,http://localhost:8080/?token=494370254&user=-1356109124&config=2,2262,0,0
1781062244077,2270,Config 2,200,OK,Stress Test 1-17,text,true,,231,158,71,71,http://localhost:8080/?token=494370254&user=-1356109124&config=2,2270,0,0
1781062244077,2271,Config 2,200,OK,Stress Test 1-26,text,true,,231,158,71,71,http://localhost:8080/?token=494370254&user=-1356109124&config=2,2271,0,0
1781062244077,2271,Config 2,200,OK,Stress Test 1-22,text,true,,231,158,71,71,http://localhost:8080/?token=494370254&user=-1356109124&config=2,2271,0,0
1781062244108,2240,Config 2,200,OK,Stress Test 1-33,text,true,,231,158,71,71,http://localhost:8080/?token=494370254&user=-1356109124&config=2,2240,0,0
1781062244077,2271,Config 2,200,OK,Stress Test 1-24,text,true,,231,158,71,71,http://localhost:8080/?token=494370254&user=-1356109124&config=2,2271,0,0
1781062244080,2269,Config 2,200,OK,Stress Test 1-51,text,true,,231,158,71,71,http://localhost:8080/?token=494370254&user=-1356109124&config=2,2269,0,0
1781062244081,2268,Config 2,200,OK,Stress Test 1-62,text,true,,231,158,71,71,http://localhost:8080/?token=494370254&user=-1356109124&config=2,2268,0,0
1781062244081,2268,Config 2,200,OK,Stress Test 1-64,text,true,,231,158,71,71,http://localhost:8080/?token=494370254&user=-1356109124&config=2,2268,0,0
1781062244108,2241,Config 2,200,OK,Stress Test 1-65,text,true,,231,158,71,71,http://localhost:8080/?token=494370254&user=-1356109124&config=2,2241,0,0
1781062244295,2055,Config 2,200,OK,Stress Test 1-12,text,true,,231,158,71,71,http://localhost:8080/?token=494370254&user=-1356109124&config=2,2055,0,0
1781062244108,2242,Config 2,200,OK,Stress Test 1-1,text,true,,231,158,71,71,http://localhost:8080/?token=494370254&user=-1356109124&config=2,2242,0,0
1781062244297,2053,Config 2,200,OK,Stress Test 1-45,text,true,,231,158,71,71,http://localhost:8080/?token=494370254&user=-1356109124&config=2,2053,0,0
1781062244296,2433,Config 2,200,OK,Stress Test 1-30,text,true,,231,158,72,72,http://localhost:8080/?token=494370254&user=-1356109124&config=2,2433,0,0
1781062244297,2433,Config 2,200,OK,Stress Test 1-57,text,true,,231,158,72,72,http://localhost:8080/?token=494370254&user=-1356109124&config=2,2433,0,0
1781062244296,2434,Config 2,200,OK,Stress Test 1-32,text,true,,231,158,72,72,http://localhost:8080/?token=494370254&user=-1356109124&config=2,2434,0,0
1781062244296,2434,Config 2,200,OK,Stress Test 1-40,text,true,,231,158,72,72,http://localhost:8080/?token=494370254&user=-1356109124&config=2,2434,0,0
1781062244297,2433,Config 2,200,OK,Stress Test 1-47,text,true,,231,158,72,72,http://localhost:8080/?token=494370254&user=-1356109124&config=2,2433,0,0
1781062244352,2379,Config 2,200,OK,Stress Test 1-55,text,true,,231,158,72,72,http://localhost:8080/?token=494370254&user=-1356109124&config=2,2379,0,0
1781062244460,2270,Config 2,200,OK,Stress Test 1-35,text,true,,231,158,72,72,http://localhost:8080/?token=494370254&user=-1356109124&config=2,2270,0,0
1781062244460,2271,Config 2,200,OK,Stress Test 1-53,text,true,,231,158,72,72,http://localhost:8080/?token=494370254&user=-1356109124&config=2,2271,0,0
1781062245230,1502,Config 2,200,OK,Stress Test 1-6,text,true,,231,158,72,72,http://localhost:8080/?token=494370254&user=-1356109124&config=2,1502,0,0
1781062245231,1501,Config 2,200,OK,Stress Test 1-13,text,true,,231,158,72,72,http://localhost:8080/?token=494370254&user=-1356109124&config=2,1501,0,0
1781062245230,1502,Config 2,200,OK,Stress Test 1-7,text,true,,231,158,72,72,http://localhost:8080/?token=494370254&user=-1356109124&config=2,1502,0,0
1781062245230,1503,Config 2,200,OK,Stress Test 1-14,text,true,,231,158,72,72,http://localhost:8080/?token=494370254&user=-1356109124&config=2,1503,0,0
1781062245227,1506,Config 2,200,OK,Stress Test 1-25,text,true,,231,158,72,72,http://localhost:8080/?token=494370254&user=-1356109124&config=2,1506,0,0
1781062245227,1506,Config 2,200,OK,Stress Test 1-20,text,true,,231,158,72,72,http://localhost:8080/?token=494370254&user=-1356109124&config=2,1506,0,0
1781062245228,1505,Config 2,200,OK,Stress Test 1-38,text,true,,231,158,72,72,http://localhost:8080/?token=494370254&user=-1356109124&config=2,1505,0,0
1781062245228,1505,Config 2,200,OK,Stress Test 1-28,text,true,,231,158,72,72,http://localhost:8080/?token=494370254&user=-1356109124&config=2,1505,0,0
1781062244614,2119,Config 2,200,OK,Stress Test 1-69,text,true,,231,158,72,72,http://localhost:8080/?token=494370254&user=-1356109124&config=2,2119,0,2
1781062245232,1501,Config 2,200,OK,Stress Test 1-67,text,true,,231,158,72,72,http://localhost:8080/?token=494370254&user=-1356109124&config=2,1501,0,0
1781062245229,2561,Config 2,200,OK,Stress Test 1-63,text,true,,231,158,74,74,http://localhost:8080/?token=494370254&user=-1356109124&config=2,2561,0,0
1781062245227,2563,Config 2,200,OK,Stress Test 1-8,text,true,,231,158,74,74,http://localhost:8080/?token=494370254&user=-1356109124&config=2,2563,0,0
1781062245228,2563,Config 2,200,OK,Stress Test 1-41,text,true,,231,158,74,74,http://localhost:8080/?token=494370254&user=-1356109124&config=2,2563,0,0
1781062245229,2562,Config 2,200,OK,Stress Test 1-58,text,true,,231,158,74,74,http://localhost:8080/?token=494370254&user=-1356109124&config=2,2562,0,0
1781062245229,2562,Config 2,200,OK,Stress Test 1-54,text,true,,231,158,74,74,http://localhost:8080/?token=494370254&user=-1356109124&config=2,2562,0,0
1781062245229,2563,Config 2,200,OK,Stress Test 1-60,text,true,,231,158,74,74,http://localhost:8080/?token=494370254&user=-1356109124&config=2,2563,0,0
1781062245232,2560,Config 2,200,OK,Stress Test 1-66,text,true,,231,158,74,74,http://localhost:8080/?token=494370254&user=-1356109124&config=2,2560,0,0
1781062245564,2229,Config 2,200,OK,Stress Test 1-2,text,true,,231,158,74,74,http://localhost:8080/?token=494370254&user=-1356109124&config=2,2229,0,0
1781062245230,2563,Config 2,200,OK,Stress Test 1-3,text,true,,231,158,74,74,http://localhost:8080/?token=494370254&user=-1356109124&config=2,2563,0,0
1781062245228,2565,Config 2,200,OK,Stress Test 1-50,text,true,,231,158,74,74,http://localhost:8080/?token=494370254&user=-1356109124&config=2,2565,0,0
1781062245229,2565,Config 2,200,OK,Stress Test 1-52,text,true,,231,158,74,74,http://localhost:8080/?token=494370254&user=-1356109124&config=2,2565,0,0
1781062245229,2565,Config 2,200,OK,Stress Test 1-56,text,true,,231,158,74,74,http://localhost:8080/?token=494370254&user=-1356109124&config=2,2565,0,0
1781062245229,2566,Config 2,200,OK,Stress Test 1-59,text,true,,231,158,74,74,http://localhost:8080/?token=494370254&user=-1356109124&config=2,2566,0,0
1781062245529,2266,Config 2,200,OK,Stress Test 1-68,text,true,,231,158,74,74,http://localhost:8080/?token=494370254&user=-1356109124&config=2,2266,0,0
1781062245215,2580,Config 2,200,OK,Stress Test 1-70,text,true,,231,158,74,74,http://localhost:8080/?token=494370254&user=-1356109124&config=2,2580,0,1
1781062245589,2208,Config 2,200,OK,Stress Test 1-10,text,true,,231,158,74,74,http://localhost:8080/?token=494370254&user=-1356109124&config=2,2208,0,0
1781062245589,2208,Config 2,200,OK,Stress Test 1-11,text,true,,231,158,74,74,http://localhost:8080/?token=494370254&user=-1356109124&config=2,2208,0,0
1781062245589,2208,Config 2,200,OK,Stress Test 1-15,text,true,,231,158,74,74,http://localhost:8080/?token=494370254&user=-1356109124&config=2,2208,0,0
1781062245589,2209,Config 2,200,OK,Stress Test 1-18,text,true,,231,158,74,74,http://localhost:8080/?token=494370254&user=-1356109124&config=2,2209,0,0
1781062245573,2226,Config 2,200,OK,Stress Test 1-19,text,true,,231,158,74,74,http://localhost:8080/?token=494370254&user=-1356109124&config=2,2226,0,0
1781062245589,2211,Config 2,200,OK,Stress Test 1-23,text,true,,231,158,74,74,http://localhost:8080/?token=494370254&user=-1356109124&config=2,2211,0,0
1781062245590,2211,Config 2,200,OK,Stress Test 1-34,text,true,,231,158,74,74,http://localhost:8080/?token=494370254&user=-1356109124&config=2,2211,0,0
1781062245573,2230,Config 2,200,OK,Stress Test 1-43,text,true,,231,158,74,74,http://localhost:8080/?token=494370254&user=-1356109124&config=2,2230,0,0
1781062245588,3263,Config 2,200,OK,Stress Test 1-16,text,true,,231,158,76,76,http://localhost:8080/?token=494370254&user=-1356109124&config=2,3263,0,0
1781062245589,3262,Config 2,200,OK,Stress Test 1-4,text,true,,231,158,76,76,http://localhost:8080/?token=494370254&user=-1356109124&config=2,3262,0,0
1781062245589,3262,Config 2,200,OK,Stress Test 1-27,text,true,,231,158,76,76,http://localhost:8080/?token=494370254&user=-1356109124&config=2,3262,0,0
1781062245597,3256,Config 2,200,OK,Stress Test 1-49,text,true,,231,158,76,76,http://localhost:8080/?token=494370254&user=-1356109124&config=2,3256,0,0
1781062245590,3262,Config 2,200,OK,Stress Test 1-21,text,true,,231,158,76,76,http://localhost:8080/?token=494370254&user=-1356109124&config=2,3262,0,0
1781062245590,3262,Config 2,200,OK,Stress Test 1-9,text,true,,231,158,76,76,http://localhost:8080/?token=494370254&user=-1356109124&config=2,3262,0,0
1781062245597,3255,Config 2,200,OK,Stress Test 1-46,text,true,,231,158,76,76,http://localhost:8080/?token=494370254&user=-1356109124&config=2,3255,0,0
1781062245823,3031,Config 2,200,OK,Stress Test 1-71,text,true,,231,158,76,76,http://localhost:8080/?token=494370254&user=-1356109124&config=2,3031,0,2
1781062246348,2506,Config 2,200,OK,Stress Test 1-5,text,true,,231,158,76,76,http://localhost:8080/?token=494370254&user=-1356109124&config=2,2506,0,0
1781062246350,2504,Config 2,200,OK,Stress Test 1-12,text,true,,231,158,76,76,http://localhost:8080/?token=494370254&user=-1356109124&config=2,2504,0,0
1781062246348,2507,Config 2,200,OK,Stress Test 1-24,text,true,,231,158,76,76,http://localhost:8080/?token=494370254&user=-1356109124&config=2,2507,0,0
1781062246346,2509,Config 2,200,OK,Stress Test 1-37,text,true,,231,158,76,76,http://localhost:8080/?token=494370254&user=-1356109124&config=2,2509,0,0
1781062246349,2506,Config 2,200,OK,Stress Test 1-33,text,true,,231,158,76,76,http://localhost:8080/?token=494370254&user=-1356109124&config=2,2506,0,0
1781062246349,2506,Config 2,200,OK,Stress Test 1-62,text,true,,231,158,76,76,http://localhost:8080/?token=494370254&user=-1356109124&config=2,2506,0,0
1781062246348,2508,Config 2,200,OK,Stress Test 1-17,text,true,,231,158,76,76,http://localhost:8080/?token=494370254&user=-1356109124&config=2,2508,0,0
1781062246348,2509,Config 2,200,OK,Stress Test 1-22,text,true,,231,158,76,76,http://localhost:8080/?token=494370254&user=-1356109124&config=2,2509,0,0
1781062246348,2509,Config 2,200,OK,Stress Test 1-26,text,true,,231,158,76,76,http://localhost:8080/?token=494370254&user=-1356109124&config=2,2509,0,0
1781062246346,2512,Config 2,200,OK,Stress Test 1-39,text,true,,231,158,76,76,http://localhost:8080/?token=494370254&user=-1356109124&config=2,2512,0,0
1781062246346,2512,Config 2,200,OK,Stress Test 1-44,text,true,,231,158,76,76,http://localhost:8080/?token=494370254&user=-1356109124&config=2,2512,0,0
1781062246347,2511,Config 2,200,OK,Stress Test 1-48,text,true,,231,158,76,76,http://localhost:8080/?token=494370254&user=-1356109124&config=2,2511,0,0
1781062246349,3764,Config 2,200,OK,Stress Test 1-64,text,true,,231,158,78,78,http://localhost:8080/?token=494370254&user=-1356109124&config=2,3764,0,0
1781062246349,3766,Config 2,200,OK,Stress Test 1-51,text,true,,231,158,78,78,http://localhost:8080/?token=494370254&user=-1356109124&config=2,3766,0,0
1781062246350,3765,Config 2,200,OK,Stress Test 1-45,text,true,,231,158,78,78,http://localhost:8080/?token=494370254&user=-1356109124&config=2,3765,0,0
1781062246350,3765,Config 2,200,OK,Stress Test 1-1,text,true,,231,158,78,78,http://localhost:8080/?token=494370254&user=-1356109124&config=2,3765,0,0
1781062246347,3768,Config 2,200,OK,Stress Test 1-61,text,true,,231,158,78,78,http://localhost:8080/?token=494370254&user=-1356109124&config=2,3768,0,0
1781062246349,3766,Config 2,200,OK,Stress Test 1-65,text,true,,231,158,78,78,http://localhost:8080/?token=494370254&user=-1356109124&config=2,3766,0,0
1781062246345,3771,Config 2,200,OK,Stress Test 1-29,text,true,,231,158,78,78,http://localhost:8080/?token=494370254&user=-1356109124&config=2,3771,0,0
1781062246346,3771,Config 2,200,OK,Stress Test 1-31,text,true,,231,158,78,78,http://localhost:8080/?token=494370254&user=-1356109124&config=2,3771,0,0
1781062246344,3773,Config 2,200,OK,Stress Test 1-36,text,true,,231,158,78,78,http://localhost:8080/?token=494370254&user=-1356109124&config=2,3773,0,0
1781062246344,3774,Config 2,200,OK,Stress Test 1-42,text,true,,231,158,78,78,http://localhost:8080/?token=494370254&user=-1356109124&config=2,3774,0,0
1781062246419,3699,Config 2,200,OK,Stress Test 1-72,text,true,,231,158,78,78,http://localhost:8080/?token=494370254&user=-1356109124&config=2,3699,0,1
1781062246730,3389,Config 2,200,OK,Stress Test 1-30,text,true,,231,158,78,78,http://localhost:8080/?token=494370254&user=-1356109124&config=2,3389,0,0
1781062246730,3389,Config 2,200,OK,Stress Test 1-32,text,true,,231,158,78,78,http://localhost:8080/?token=494370254&user=-1356109124&config=2,3389,0,0
1781062246731,3389,Config 2,200,OK,Stress Test 1-35,text,true,,231,158,78,78,http://localhost:8080/?token=494370254&user=-1356109124&config=2,3389,0,0
1781062246731,3389,Config 2,200,OK,Stress Test 1-40,text,true,,231,158,78,78,http://localhost:8080/?token=494370254&user=-1356109124&config=2,3389,0,0
1781062246731,3389,Config 2,200,OK,Stress Test 1-55,text,true,,231,158,78,78,http://localhost:8080/?token=494370254&user=-1356109124&config=2,3389,0,0
1781062246730,3391,Config 2,200,OK,Stress Test 1-57,text,true,,231,158,78,78,http://localhost:8080/?token=494370254&user=-1356109124&config=2,3391,0,0
1781062246742,3379,Config 2,200,OK,Stress Test 1-14,text,true,,231,158,78,78,http://localhost:8080/?token=494370254&user=-1356109124&config=2,3379,0,0
1781062246733,3389,Config 2,200,OK,Stress Test 1-20,text,true,,231,158,78,78,http://localhost:8080/?token=494370254&user=-1356109124&config=2,3389,0,0
1781062246733,3390,Config 2,200,OK,Stress Test 1-25,text,true,,231,158,78,78,http://localhost:8080/?token=494370254&user=-1356109124&config=2,3390,0,0
1781062246731,3392,Config 2,200,OK,Stress Test 1-47,text,true,,231,158,78,78,http://localhost:8080/?token=494370254&user=-1356109124&config=2,3392,0,0
1781062246732,3391,Config 2,200,OK,Stress Test 1-53,text,true,,231,158,78,78,http://localhost:8080/?token=494370254&user=-1356109124&config=2,3391,0,0
1781062246734,3390,Config 2,200,OK,Stress Test 1-69,text,true,,231,158,78,78,http://localhost:8080/?token=494370254&user=-1356109124&config=2,3390,0,0
1781062246734,3390,Config 2,200,OK,Stress Test 1-67,text,true,,231,158,78,78,http://localhost:8080/?token=494370254&user=-1356109124&config=2,3390,0,0
1781062246742,3971,Config 2,200,OK,Stress Test 1-13,text,true,,231,158,79,79,http://localhost:8080/?token=494370254&user=-1356109124&config=2,3971,0,0
1781062246742,3972,Config 2,200,OK,Stress Test 1-7,text,true,,231,158,79,79,http://localhost:8080/?token=494370254&user=-1356109124&config=2,3972,0,0
1781062246742,3973,Config 2,200,OK,Stress Test 1-38,text,true,,231,158,79,79,http://localhost:8080/?token=494370254&user=-1356109124&config=2,3973,0,0
1781062247791,2924,Config 2,200,OK,Stress Test 1-63,text,true,,231,158,79,79,http://localhost:8080/?token=494370254&user=-1356109124&config=2,2924,0,0
1781062246742,3973,Config 2,200,OK,Stress Test 1-6,text,true,,231,158,79,79,http://localhost:8080/?token=494370254&user=-1356109124&config=2,3973,0,0
1781062246742,3974,Config 2,200,OK,Stress Test 1-28,text,true,,231,158,79,79,http://localhost:8080/?token=494370254&user=-1356109124&config=2,3974,0,0
1781062247791,2925,Config 2,200,OK,Stress Test 1-41,text,true,,231,158,79,79,http://localhost:8080/?token=494370254&user=-1356109124&config=2,2925,0,0
1781062247791,2926,Config 2,200,OK,Stress Test 1-8,text,true,,231,158,79,79,http://localhost:8080/?token=494370254&user=-1356109124&config=2,2926,0,0
1781062247792,2925,Config 2,200,OK,Stress Test 1-58,text,true,,231,158,79,79,http://localhost:8080/?token=494370254&user=-1356109124&config=2,2925,0,0
1781062247803,2914,Config 2,200,OK,Stress Test 1-43,text,true,,231,158,79,79,http://localhost:8080/?token=494370254&user=-1356109124&config=2,2914,0,0
1781062247019,3699,Config 2,200,OK,Stress Test 1-73,text,true,,231,158,79,79,http://localhost:8080/?token=494370254&user=-1356109124&config=2,3699,0,1
1781062247800,2918,Config 2,200,OK,Stress Test 1-19,text,true,,231,158,79,79,http://localhost:8080/?token=494370254&user=-1356109124&config=2,2918,0,0
1781062247610,3108,Config 2,200,OK,Stress Test 1-74,text,true,,231,158,79,79,http://localhost:8080/?token=494370254&user=-1356109124&config=2,3108,0,1
1781062247796,2923,Config 2,200,OK,Stress Test 1-70,text,true,,231,158,79,79,http://localhost:8080/?token=494370254&user=-1356109124&config=2,2923,0,0
1781062247793,2927,Config 2,200,OK,Stress Test 1-2,text,true,,231,158,79,79,http://localhost:8080/?token=494370254&user=-1356109124&config=2,2927,0,0
1781062247797,2923,Config 2,200,OK,Stress Test 1-15,text,true,,231,158,79,79,http://localhost:8080/?token=494370254&user=-1356109124&config=2,2923,0,0
1781062247799,2921,Config 2,200,OK,Stress Test 1-18,text,true,,231,158,79,79,http://localhost:8080/?token=494370254&user=-1356109124&config=2,2921,0,0
1781062247794,2927,Config 2,200,OK,Stress Test 1-52,text,true,,231,158,79,79,http://localhost:8080/?token=494370254&user=-1356109124&config=2,2927,0,0
1781062247802,2919,Config 2,200,OK,Stress Test 1-34,text,true,,231,158,79,79,http://localhost:8080/?token=494370254&user=-1356109124&config=2,2919,0,0
1781062247795,2928,Config 2,200,OK,Stress Test 1-56,text,true,,231,158,79,79,http://localhost:8080/?token=494370254&user=-1356109124&config=2,2928,0,0
1781062247792,2931,Config 2,200,OK,Stress Test 1-54,text,true,,231,158,79,79,http://localhost:8080/?token=494370254&user=-1356109124&config=2,2931,0,0
1781062247796,2928,Config 2,200,OK,Stress Test 1-68,text,true,,231,158,79,79,http://localhost:8080/?token=494370254&user=-1356109124&config=2,2928,0,0
1781062247793,4090,Config 2,200,OK,Stress Test 1-66,text,true,,231,158,81,81,http://localhost:8080/?token=494370254&user=-1356109124&config=2,4090,0,0
1781062247801,4082,Config 2,200,OK,Stress Test 1-23,text,true,,231,158,81,81,http://localhost:8080/?token=494370254&user=-1356109124&config=2,4082,0,0
1781062247794,4092,Config 2,200,OK,Stress Test 1-3,text,true,,231,158,81,81,http://localhost:8080/?token=494370254&user=-1356109124&config=2,4092,0,0
1781062248854,3032,Config 2,200,OK,Stress Test 1-5,text,true,,231,158,81,81,http://localhost:8080/?token=494370254&user=-1356109124&config=2,3032,0,0
1781062247797,4091,Config 2,200,OK,Stress Test 1-10,text,true,,231,158,81,81,http://localhost:8080/?token=494370254&user=-1356109124&config=2,4091,0,0
1781062247797,4091,Config 2,200,OK,Stress Test 1-11,text,true,,231,158,81,81,http://localhost:8080/?token=494370254&user=-1356109124&config=2,4091,0,0
1781062248854,3035,Config 2,200,OK,Stress Test 1-12,text,true,,231,158,81,81,http://localhost:8080/?token=494370254&user=-1356109124&config=2,3035,0,0
1781062248852,3037,Config 2,200,OK,Stress Test 1-16,text,true,,231,158,81,81,http://localhost:8080/?token=494370254&user=-1356109124&config=2,3037,0,0
1781062248857,3032,Config 2,200,OK,Stress Test 1-22,text,true,,231,158,81,81,http://localhost:8080/?token=494370254&user=-1356109124&config=2,3032,0,0
1781062248855,3035,Config 2,200,OK,Stress Test 1-24,text,true,,231,158,81,81,http://localhost:8080/?token=494370254&user=-1356109124&config=2,3035,0,0
1781062248857,3033,Config 2,200,OK,Stress Test 1-26,text,true,,231,158,81,81,http://localhost:8080/?token=494370254&user=-1356109124&config=2,3033,0,0
1781062248855,3035,Config 2,200,OK,Stress Test 1-33,text,true,,231,158,81,81,http://localhost:8080/?token=494370254&user=-1356109124&config=2,3035,0,0
1781062248855,3036,Config 2,200,OK,Stress Test 1-37,text,true,,231,158,81,81,http://localhost:8080/?token=494370254&user=-1356109124&config=2,3036,0,0
1781062248859,3032,Config 2,200,OK,Stress Test 1-39,text,true,,231,158,81,81,http://localhost:8080/?token=494370254&user=-1356109124&config=2,3032,0,0
1781062248859,3032,Config 2,200,OK,Stress Test 1-44,text,true,,231,158,81,81,http://localhost:8080/?token=494370254&user=-1356109124&config=2,3032,0,0
1781062247794,4098,Config 2,200,OK,Stress Test 1-50,text,true,,231,158,81,81,http://localhost:8080/?token=494370254&user=-1356109124&config=2,4098,0,0
1781062248859,3033,Config 2,200,OK,Stress Test 1-48,text,true,,231,158,81,81,http://localhost:8080/?token=494370254&user=-1356109124&config=2,3033,0,0
1781062247792,4101,Config 2,200,OK,Stress Test 1-60,text,true,,231,158,81,81,http://localhost:8080/?token=494370254&user=-1356109124&config=2,4101,0,0
1781062247795,4098,Config 2,200,OK,Stress Test 1-59,text,true,,231,158,81,81,http://localhost:8080/?token=494370254&user=-1356109124&config=2,4098,0,0
1781062248856,3038,Config 2,200,OK,Stress Test 1-62,text,true,,231,158,81,81,http://localhost:8080/?token=494370254&user=-1356109124&config=2,3038,0,0
1781062248854,3040,Config 2,200,OK,Stress Test 1-71,text,true,,231,158,81,81,http://localhost:8080/?token=494370254&user=-1356109124&config=2,3040,0,0
1781062248213,3682,Config 2,200,OK,Stress Test 1-75,text,true,,231,158,81,81,http://localhost:8080/?token=494370254&user=-1356109124&config=2,3682,0,1
1781062248852,3043,Config 2,200,OK,Stress Test 1-4,text,true,,231,158,81,81,http://localhost:8080/?token=494370254&user=-1356109124&config=2,3043,0,0
1781062248857,3039,Config 2,200,OK,Stress Test 1-17,text,true,,231,158,81,81,http://localhost:8080/?token=494370254&user=-1356109124&config=2,3039,0,0
1781062248852,3045,Config 2,200,OK,Stress Test 1-27,text,true,,231,158,81,81,http://localhost:8080/?token=494370254&user=-1356109124&config=2,3045,0,0
1781062248853,3044,Config 2,200,OK,Stress Test 1-49,text,true,,231,158,81,81,http://localhost:8080/?token=494370254&user=-1356109124&config=2,3044,0,0
1781062248853,4109,Config 2,200,OK,Stress Test 1-9,text,true,,231,158,82,82,http://localhost:8080/?token=494370254&user=-1356109124&config=2,4109,0,0
1781062248853,4110,Config 2,200,OK,Stress Test 1-21,text,true,,231,158,82,82,http://localhost:8080/?token=494370254&user=-1356109124&config=2,4110,0,0
1781062250117,2847,Config 2,200,OK,Stress Test 1-45,text,true,,231,158,82,82,http://localhost:8080/?token=494370254&user=-1356109124&config=2,2847,0,0
1781062248854,4110,Config 2,200,OK,Stress Test 1-46,text,true,,231,158,82,82,http://localhost:8080/?token=494370254&user=-1356109124&config=2,4110,0,0
1781062250014,2951,Config 2,200,OK,Stress Test 1-78,text,true,,231,158,82,82,http://localhost:8080/?token=494370254&user=-1356109124&config=2,2951,0,2
1781062250117,2849,Config 2,200,OK,Stress Test 1-61,text,true,,231,158,82,82,http://localhost:8080/?token=494370254&user=-1356109124&config=2,2849,0,0
1781062250117,2848,Config 2,200,OK,Stress Test 1-1,text,true,,231,158,82,82,http://localhost:8080/?token=494370254&user=-1356109124&config=2,2848,0,0
1781062250117,2850,Config 2,200,OK,Stress Test 1-65,text,true,,231,158,82,82,http://localhost:8080/?token=494370254&user=-1356109124&config=2,2850,0,0
1781062250119,2848,Config 2,200,OK,Stress Test 1-72,text,true,,231,158,82,82,http://localhost:8080/?token=494370254&user=-1356109124&config=2,2848,0,0
1781062248817,4149,Config 2,200,OK,Stress Test 1-76,text,true,,231,158,82,82,http://localhost:8080/?token=494370254&user=-1356109124&config=2,4149,0,1
1781062249414,3554,Config 2,200,OK,Stress Test 1-77,text,true,,231,158,82,82,http://localhost:8080/?token=494370254&user=-1356109124&config=2,3554,0,2
1781062250123,2846,Config 2,200,OK,Stress Test 1-14,text,true,,231,158,82,82,http://localhost:8080/?token=494370254&user=-1356109124&config=2,2846,0,0
1781062250118,2851,Config 2,200,OK,Stress Test 1-29,text,true,,231,158,82,82,http://localhost:8080/?token=494370254&user=-1356109124&config=2,2851,0,0
1781062250121,2849,Config 2,200,OK,Stress Test 1-30,text,true,,231,158,82,82,http://localhost:8080/?token=494370254&user=-1356109124&config=2,2849,0,0
1781062250118,2853,Config 2,200,OK,Stress Test 1-31,text,true,,231,158,82,82,http://localhost:8080/?token=494370254&user=-1356109124&config=2,2853,0,0
1781062250118,2853,Config 2,200,OK,Stress Test 1-36,text,true,,231,158,82,82,http://localhost:8080/?token=494370254&user=-1356109124&config=2,2853,0,0
1781062250122,2850,Config 2,200,OK,Stress Test 1-40,text,true,,231,158,82,82,http://localhost:8080/?token=494370254&user=-1356109124&config=2,2850,0,0
1781062250119,2853,Config 2,200,OK,Stress Test 1-42,text,true,,231,158,82,82,http://localhost:8080/?token=494370254&user=-1356109124&config=2,2853,0,0
1781062250124,2848,Config 2,200,OK,Stress Test 1-47,text,true,,231,158,82,82,http://localhost:8080/?token=494370254&user=-1356109124&config=2,2848,0,0
1781062250117,2857,Config 2,200,OK,Stress Test 1-51,text,true,,231,158,82,82,http://localhost:8080/?token=494370254&user=-1356109124&config=2,2857,0,0
1781062250115,2859,Config 2,200,OK,Stress Test 1-64,text,true,,231,158,82,82,http://localhost:8080/?token=494370254&user=-1356109124&config=2,2859,0,0
1781062250123,2851,Config 2,200,OK,Stress Test 1-57,text,true,,231,158,82,82,http://localhost:8080/?token=494370254&user=-1356109124&config=2,2851,0,0
1781062250125,2850,Config 2,200,OK,Stress Test 1-67,text,true,,231,158,82,82,http://localhost:8080/?token=494370254&user=-1356109124&config=2,2850,0,0
1781062250121,4075,Config 2,200,OK,Stress Test 1-35,text,true,,231,158,84,84,http://localhost:8080/?token=494370254&user=-1356109124&config=2,4075,0,0
1781062250124,4072,Config 2,200,OK,Stress Test 1-53,text,true,,231,158,84,84,http://localhost:8080/?token=494370254&user=-1356109124&config=2,4072,0,0
1781062250121,4074,Config 2,200,OK,Stress Test 1-32,text,true,,231,158,84,84,http://localhost:8080/?token=494370254&user=-1356109124&config=2,4074,0,0
1781062250122,4074,Config 2,200,OK,Stress Test 1-55,text,true,,231,158,84,84,http://localhost:8080/?token=494370254&user=-1356109124&config=2,4074,0,0
1781062250716,3481,Config 2,200,OK,Stress Test 1-7,text,true,,231,158,84,84,http://localhost:8080/?token=494370254&user=-1356109124&config=2,3481,0,0
1781062250714,3483,Config 2,200,OK,Stress Test 1-13,text,true,,231,158,84,84,http://localhost:8080/?token=494370254&user=-1356109124&config=2,3483,0,0
1781062250125,4072,Config 2,200,OK,Stress Test 1-69,text,true,,231,158,84,84,http://localhost:8080/?token=494370254&user=-1356109124&config=2,4072,0,0
1781062250124,4073,Config 2,200,OK,Stress Test 1-25,text,true,,231,158,84,84,http://localhost:8080/?token=494370254&user=-1356109124&config=2,4073,0,0
1781062250716,3482,Config 2,200,OK,Stress Test 1-38,text,true,,231,158,84,84,http://localhost:8080/?token=494370254&user=-1356109124&config=2,3482,0,0
1781062250717,3481,Config 2,200,OK,Stress Test 1-41,text,true,,231,158,84,84,http://localhost:8080/?token=494370254&user=-1356109124&config=2,3481,0,0
1781062250123,4075,Config 2,200,OK,Stress Test 1-20,text,true,,231,158,84,84,http://localhost:8080/?token=494370254&user=-1356109124&config=2,4075,0,0
1781062250716,3483,Config 2,200,OK,Stress Test 1-63,text,true,,231,158,84,84,http://localhost:8080/?token=494370254&user=-1356109124&config=2,3483,0,0
1781062250613,3586,Config 2,200,OK,Stress Test 1-79,text,true,,231,158,84,84,http://localhost:8080/?token=494370254&user=-1356109124&config=2,3586,0,1
1781062250717,3483,Config 2,200,OK,Stress Test 1-6,text,true,,231,158,84,84,http://localhost:8080/?token=494370254&user=-1356109124&config=2,3483,0,0
1781062250719,3481,Config 2,200,OK,Stress Test 1-19,text,true,,231,158,84,84,http://localhost:8080/?token=494370254&user=-1356109124&config=2,3481,0,0
1781062250718,3482,Config 2,200,OK,Stress Test 1-8,text,true,,231,158,84,84,http://localhost:8080/?token=494370254&user=-1356109124&config=2,3482,0,0
1781062250717,3483,Config 2,200,OK,Stress Test 1-28,text,true,,231,158,84,84,http://localhost:8080/?token=494370254&user=-1356109124&config=2,3483,0,0
1781062250718,3483,Config 2,200,OK,Stress Test 1-58,text,true,,231,158,84,84,http://localhost:8080/?token=494370254&user=-1356109124&config=2,3483,0,0
1781062250718,3483,Config 2,200,OK,Stress Test 1-43,text,true,,231,158,84,84,http://localhost:8080/?token=494370254&user=-1356109124&config=2,3483,0,0
1781062250722,3480,Config 2,200,OK,Stress Test 1-15,text,true,,231,158,84,84,http://localhost:8080/?token=494370254&user=-1356109124&config=2,3480,0,0
1781062250724,3478,Config 2,200,OK,Stress Test 1-54,text,true,,231,158,84,84,http://localhost:8080/?token=494370254&user=-1356109124&config=2,3478,0,0
1781062250721,3481,Config 2,200,OK,Stress Test 1-2,text,true,,231,158,84,84,http://localhost:8080/?token=494370254&user=-1356109124&config=2,3481,0,0
1781062250724,3479,Config 2,200,OK,Stress Test 1-56,text,true,,231,158,84,84,http://localhost:8080/?token=494370254&user=-1356109124&config=2,3479,0,0
1781062250726,3478,Config 2,200,OK,Stress Test 1-68,text,true,,231,158,84,84,http://localhost:8080/?token=494370254&user=-1356109124&config=2,3478,0,0
1781062250720,3484,Config 2,200,OK,Stress Test 1-70,text,true,,231,158,84,84,http://localhost:8080/?token=494370254&user=-1356109124&config=2,3484,0,0
1781062250719,3486,Config 2,200,OK,Stress Test 1-74,text,true,,231,158,84,84,http://localhost:8080/?token=494370254&user=-1356109124&config=2,3486,0,0
1781062250719,3485,Config 2,200,OK,Stress Test 1-73,text,true,,231,158,84,84,http://localhost:8080/?token=494370254&user=-1356109124&config=2,3485,0,0
1781062251810,2395,Config 2,200,OK,Stress Test 1-81,text,true,,231,158,84,84,http://localhost:8080/?token=494370254&user=-1356109124&config=2,2395,0,1
1781062251885,2899,Config 2,200,OK,Stress Test 1-66,text,true,,231,158,85,85,http://localhost:8080/?token=494370254&user=-1356109124&config=2,2899,0,0
1781062250723,4116,Config 2,200,OK,Stress Test 1-34,text,true,,231,158,86,86,http://localhost:8080/?token=494370254&user=-1356109124&config=2,4116,0,0
1781062251890,2951,Config 2,200,OK,Stress Test 1-12,text,true,,231,158,86,86,http://localhost:8080/?token=494370254&user=-1356109124&config=2,2951,0,0
1781062251888,2953,Config 2,200,OK,Stress Test 1-5,text,true,,231,158,86,86,http://localhost:8080/?token=494370254&user=-1356109124&config=2,2953,0,0
1781062250722,4119,Config 2,200,OK,Stress Test 1-18,text,true,,231,158,86,86,http://localhost:8080/?token=494370254&user=-1356109124&config=2,4119,0,0
1781062251891,2950,Config 2,200,OK,Stress Test 1-24,text,true,,231,158,86,86,http://localhost:8080/?token=494370254&user=-1356109124&config=2,2950,0,0
1781062251885,2956,Config 2,200,OK,Stress Test 1-23,text,true,,231,158,86,86,http://localhost:8080/?token=494370254&user=-1356109124&config=2,2956,0,0
1781062251221,3621,Config 2,200,OK,Stress Test 1-80,text,true,,231,158,86,86,http://localhost:8080/?token=494370254&user=-1356109124&config=2,3621,0,1
1781062250723,4119,Config 2,200,OK,Stress Test 1-52,text,true,,231,158,86,86,http://localhost:8080/?token=494370254&user=-1356109124&config=2,4119,0,0
1781062251891,2951,Config 2,200,OK,Stress Test 1-26,text,true,,231,158,86,86,http://localhost:8080/?token=494370254&user=-1356109124&config=2,2951,0,0
1781062251891,2951,Config 2,200,OK,Stress Test 1-22,text,true,,231,158,86,86,http://localhost:8080/?token=494370254&user=-1356109124&config=2,2951,0,0
1781062251890,2952,Config 2,200,OK,Stress Test 1-16,text,true,,231,158,86,86,http://localhost:8080/?token=494370254&user=-1356109124&config=2,2952,0,0
1781062251892,2951,Config 2,200,OK,Stress Test 1-39,text,true,,231,158,86,86,http://localhost:8080/?token=494370254&user=-1356109124&config=2,2951,0,0
1781062251889,2954,Config 2,200,OK,Stress Test 1-11,text,true,,231,158,86,86,http://localhost:8080/?token=494370254&user=-1356109124&config=2,2954,0,0
1781062251891,2952,Config 2,200,OK,Stress Test 1-33,text,true,,231,158,86,86,http://localhost:8080/?token=494370254&user=-1356109124&config=2,2952,0,0
1781062251892,2951,Config 2,200,OK,Stress Test 1-37,text,true,,231,158,86,86,http://localhost:8080/?token=494370254&user=-1356109124&config=2,2951,0,0
1781062251889,2954,Config 2,200,OK,Stress Test 1-10,text,true,,231,158,86,86,http://localhost:8080/?token=494370254&user=-1356109124&config=2,2954,0,0
1781062251892,2952,Config 2,200,OK,Stress Test 1-44,text,true,,231,158,86,86,http://localhost:8080/?token=494370254&user=-1356109124&config=2,2952,0,0
1781062251894,2950,Config 2,200,OK,Stress Test 1-60,text,true,,231,158,86,86,http://localhost:8080/?token=494370254&user=-1356109124&config=2,2950,0,0
1781062251893,2951,Config 2,200,OK,Stress Test 1-48,text,true,,231,158,86,86,http://localhost:8080/?token=494370254&user=-1356109124&config=2,2951,0,0
1781062251893,2952,Config 2,200,OK,Stress Test 1-50,text,true,,231,158,86,86,http://localhost:8080/?token=494370254&user=-1356109124&config=2,2952,0,0
1781062251894,2951,Config 2,200,OK,Stress Test 1-59,text,true,,231,158,86,86,http://localhost:8080/?token=494370254&user=-1356109124&config=2,2951,0,0
1781062251888,2957,Config 2,200,OK,Stress Test 1-3,text,true,,231,158,86,86,http://localhost:8080/?token=494370254&user=-1356109124&config=2,2957,0,0
1781062251895,2951,Config 2,200,OK,Stress Test 1-71,text,true,,231,158,86,86,http://localhost:8080/?token=494370254&user=-1356109124&config=2,2951,0,0
1781062251895,2951,Config 2,200,OK,Stress Test 1-62,text,true,,231,158,86,86,http://localhost:8080/?token=494370254&user=-1356109124&config=2,2951,0,0
1781062252964,2985,Config 2,200,OK,Stress Test 1-9,text,true,,231,158,87,87,http://localhost:8080/?token=494370254&user=-1356109124&config=2,2985,0,0
1781062251897,4052,Config 2,200,OK,Stress Test 1-17,text,true,,231,158,87,87,http://localhost:8080/?token=494370254&user=-1356109124&config=2,4052,0,0
1781062251896,4053,Config 2,200,OK,Stress Test 1-75,text,true,,231,158,87,87,http://localhost:8080/?token=494370254&user=-1356109124&config=2,4053,0,0
1781062252964,2985,Config 2,200,OK,Stress Test 1-21,text,true,,231,158,87,87,http://localhost:8080/?token=494370254&user=-1356109124&config=2,2985,0,0
1781062252964,2986,Config 2,200,OK,Stress Test 1-45,text,true,,231,158,87,87,http://localhost:8080/?token=494370254&user=-1356109124&config=2,2986,0,0
1781062252966,2983,Config 2,200,OK,Stress Test 1-1,text,true,,231,158,87,87,http://localhost:8080/?token=494370254&user=-1356109124&config=2,2983,0,0
1781062251897,4052,Config 2,200,OK,Stress Test 1-4,text,true,,231,158,87,87,http://localhost:8080/?token=494370254&user=-1356109124&config=2,4052,0,0
1781062251898,4052,Config 2,200,OK,Stress Test 1-49,text,true,,231,158,87,87,http://localhost:8080/?token=494370254&user=-1356109124&config=2,4052,0,0
1781062252967,2983,Config 2,200,OK,Stress Test 1-65,text,true,,231,158,87,87,http://localhost:8080/?token=494370254&user=-1356109124&config=2,2983,0,0
1781062251898,4054,Config 2,200,OK,Stress Test 1-27,text,true,,231,158,87,87,http://localhost:8080/?token=494370254&user=-1356109124&config=2,4054,0,0
1781062252973,2979,Config 2,200,OK,Stress Test 1-40,text,true,,231,158,87,87,http://localhost:8080/?token=494370254&user=-1356109124&config=2,2979,0,0
1781062252971,2981,Config 2,200,OK,Stress Test 1-31,text,true,,231,158,87,87,http://localhost:8080/?token=494370254&user=-1356109124&config=2,2981,0,0
1781062252971,2981,Config 2,200,OK,Stress Test 1-30,text,true,,231,158,87,87,http://localhost:8080/?token=494370254&user=-1356109124&config=2,2981,0,0
1781062252970,2982,Config 2,200,OK,Stress Test 1-29,text,true,,231,158,87,87,http://localhost:8080/?token=494370254&user=-1356109124&config=2,2982,0,0
1781062252970,2982,Config 2,200,OK,Stress Test 1-14,text,true,,231,158,87,87,http://localhost:8080/?token=494370254&user=-1356109124&config=2,2982,0,0
1781062252973,2979,Config 2,200,OK,Stress Test 1-42,text,true,,231,158,87,87,http://localhost:8080/?token=494370254&user=-1356109124&config=2,2979,0,0
1781062252971,2981,Config 2,200,OK,Stress Test 1-36,text,true,,231,158,87,87,http://localhost:8080/?token=494370254&user=-1356109124&config=2,2981,0,0
1781062252966,2987,Config 2,200,OK,Stress Test 1-46,text,true,,231,158,87,87,http://localhost:8080/?token=494370254&user=-1356109124&config=2,2987,0,0
1781062252973,2980,Config 2,200,OK,Stress Test 1-47,text,true,,231,158,87,87,http://localhost:8080/?token=494370254&user=-1356109124&config=2,2980,0,0
1781062252974,2979,Config 2,200,OK,Stress Test 1-51,text,true,,231,158,87,87,http://localhost:8080/?token=494370254&user=-1356109124&config=2,2979,0,0
1781062252975,2978,Config 2,200,OK,Stress Test 1-57,text,true,,231,158,87,87,http://localhost:8080/?token=494370254&user=-1356109124&config=2,2978,0,0
1781062252966,2988,Config 2,200,OK,Stress Test 1-61,text,true,,231,158,87,87,http://localhost:8080/?token=494370254&user=-1356109124&config=2,2988,0,0
1781062252967,2988,Config 2,200,OK,Stress Test 1-72,text,true,,231,158,87,87,http://localhost:8080/?token=494370254&user=-1356109124&config=2,2988,0,0
1781062252974,2981,Config 2,200,OK,Stress Test 1-64,text,true,,231,158,87,87,http://localhost:8080/?token=494370254&user=-1356109124&config=2,2981,0,0
1781062252969,2986,Config 2,200,OK,Stress Test 1-77,text,true,,231,158,87,87,http://localhost:8080/?token=494370254&user=-1356109124&config=2,2986,0,0
1781062252968,2987,Config 2,200,OK,Stress Test 1-76,text,true,,231,158,87,87,http://localhost:8080/?token=494370254&user=-1356109124&config=2,2987,0,0
1781062252966,2989,Config 2,200,OK,Stress Test 1-78,text,true,,231,158,87,87,http://localhost:8080/?token=494370254&user=-1356109124&config=2,2989,0,0
1781062252425,3531,Config 2,200,OK,Stress Test 1-82,text,true,,231,158,87,87,http://localhost:8080/?token=494370254&user=-1356109124&config=2,3531,0,1
1781062252975,2981,Config 2,200,OK,Stress Test 1-67,text,true,,231,158,87,87,http://localhost:8080/?token=494370254&user=-1356109124&config=2,2981,0,0
1781062253019,2937,Config 2,200,OK,Stress Test 1-83,text,true,,231,158,87,87,http://localhost:8080/?token=494370254&user=-1356109124&config=2,2937,0,1
1781062254196,2743,Config 2,200,OK,Stress Test 1-55,text,true,,231,158,89,89,http://localhost:8080/?token=494370254&user=-1356109124&config=2,2743,0,0
1781062254197,2742,Config 2,200,OK,Stress Test 1-13,text,true,,231,158,89,89,http://localhost:8080/?token=494370254&user=-1356109124&config=2,2742,0,0
1781062254197,2743,Config 2,200,OK,Stress Test 1-32,text,true,,231,158,89,89,http://localhost:8080/?token=494370254&user=-1356109124&config=2,2743,0,0
1781062254196,2744,Config 2,200,OK,Stress Test 1-35,text,true,,231,158,89,89,http://localhost:8080/?token=494370254&user=-1356109124&config=2,2744,0,0
1781062254198,2743,Config 2,200,OK,Stress Test 1-69,text,true,,231,158,89,89,http://localhost:8080/?token=494370254&user=-1356109124&config=2,2743,0,0
1781062254203,2738,Config 2,200,OK,Stress Test 1-2,text,true,,231,158,89,89,http://localhost:8080/?token=494370254&user=-1356109124&config=2,2738,0,0
1781062253625,3315,Config 2,200,OK,Stress Test 1-84,text,true,,231,158,89,89,http://localhost:8080/?token=494370254&user=-1356109124&config=2,3315,0,1
1781062254196,2744,Config 2,200,OK,Stress Test 1-53,text,true,,231,158,89,89,http://localhost:8080/?token=494370254&user=-1356109124&config=2,2744,0,0
1781062254202,2739,Config 2,200,OK,Stress Test 1-15,text,true,,231,158,89,89,http://localhost:8080/?token=494370254&user=-1356109124&config=2,2739,0,0
1781062254197,2744,Config 2,200,OK,Stress Test 1-7,text,true,,231,158,89,89,http://localhost:8080/?token=494370254&user=-1356109124&config=2,2744,0,0
1781062254199,2742,Config 2,200,OK,Stress Test 1-41,text,true,,231,158,89,89,http://localhost:8080/?token=494370254&user=-1356109124&config=2,2742,0,0
1781062254203,2739,Config 2,200,OK,Stress Test 1-54,text,true,,231,158,89,89,http://localhost:8080/?token=494370254&user=-1356109124&config=2,2739,0,0
1781062254200,2742,Config 2,200,OK,Stress Test 1-63,text,true,,231,158,89,89,http://localhost:8080/?token=494370254&user=-1356109124&config=2,2742,0,0
1781062254200,2742,Config 2,200,OK,Stress Test 1-79,text,true,,231,158,89,89,http://localhost:8080/?token=494370254&user=-1356109124&config=2,2742,0,0
1781062254204,2738,Config 2,200,OK,Stress Test 1-68,text,true,,231,158,89,89,http://localhost:8080/?token=494370254&user=-1356109124&config=2,2738,0,0
1781062254199,2744,Config 2,200,OK,Stress Test 1-20,text,true,,231,158,89,89,http://localhost:8080/?token=494370254&user=-1356109124&config=2,2744,0,0
1781062254201,2742,Config 2,200,OK,Stress Test 1-8,text,true,,231,158,89,89,http://localhost:8080/?token=494370254&user=-1356109124&config=2,2742,0,0
1781062254201,2742,Config 2,200,OK,Stress Test 1-28,text,true,,231,158,89,89,http://localhost:8080/?token=494370254&user=-1356109124&config=2,2742,0,0
1781062254202,2742,Config 2,200,OK,Stress Test 1-43,text,true,,231,158,89,89,http://localhost:8080/?token=494370254&user=-1356109124&config=2,2742,0,0
1781062254199,2745,Config 2,200,OK,Stress Test 1-38,text,true,,231,158,89,89,http://localhost:8080/?token=494370254&user=-1356109124&config=2,2745,0,0
1781062254200,2744,Config 2,200,OK,Stress Test 1-6,text,true,,231,158,89,89,http://localhost:8080/?token=494370254&user=-1356109124&config=2,2744,0,0
1781062254201,2744,Config 2,200,OK,Stress Test 1-19,text,true,,231,158,89,89,http://localhost:8080/?token=494370254&user=-1356109124&config=2,2744,0,0
1781062254198,2747,Config 2,200,OK,Stress Test 1-25,text,true,,231,158,89,89,http://localhost:8080/?token=494370254&user=-1356109124&config=2,2747,0,0
1781062254204,2741,Config 2,200,OK,Stress Test 1-56,text,true,,231,158,89,89,http://localhost:8080/?token=494370254&user=-1356109124&config=2,2741,0,0
1781062254204,2742,Config 2,200,OK,Stress Test 1-70,text,true,,231,158,89,89,http://localhost:8080/?token=494370254&user=-1356109124&config=2,2742,0,0
1781062254202,2744,Config 2,200,OK,Stress Test 1-58,text,true,,231,158,89,89,http://localhost:8080/?token=494370254&user=-1356109124&config=2,2744,0,0
1781062254205,3877,Config 2,200,OK,Stress Test 1-73,text,true,,231,158,91,91,http://localhost:8080/?token=494370254&user=-1356109124&config=2,3877,0,0
1781062254841,3245,Config 2,200,OK,Stress Test 1-12,text,true,,231,158,91,91,http://localhost:8080/?token=494370254&user=-1356109124&config=2,3245,0,0
1781062254841,3245,Config 2,200,OK,Stress Test 1-5,text,true,,231,158,91,91,http://localhost:8080/?token=494370254&user=-1356109124&config=2,3245,0,0
1781062254843,3243,Config 2,200,OK,Stress Test 1-16,text,true,,231,158,91,91,http://localhost:8080/?token=494370254&user=-1356109124&config=2,3243,0,0
1781062254841,3246,Config 2,200,OK,Stress Test 1-18,text,true,,231,158,91,91,http://localhost:8080/?token=494370254&user=-1356109124&config=2,3246,0,0
1781062254843,3244,Config 2,200,OK,Stress Test 1-22,text,true,,231,158,91,91,http://localhost:8080/?token=494370254&user=-1356109124&config=2,3244,0,0
1781062254842,3245,Config 2,200,OK,Stress Test 1-23,text,true,,231,158,91,91,http://localhost:8080/?token=494370254&user=-1356109124&config=2,3245,0,0
1781062254842,3245,Config 2,200,OK,Stress Test 1-24,text,true,,231,158,91,91,http://localhost:8080/?token=494370254&user=-1356109124&config=2,3245,0,0
1781062254840,3247,Config 2,200,OK,Stress Test 1-34,text,true,,231,158,91,91,http://localhost:8080/?token=494370254&user=-1356109124&config=2,3247,0,0
1781062254843,3244,Config 2,200,OK,Stress Test 1-26,text,true,,231,158,91,91,http://localhost:8080/?token=494370254&user=-1356109124&config=2,3244,0,0
1781062254844,3243,Config 2,200,OK,Stress Test 1-37,text,true,,231,158,91,91,http://localhost:8080/?token=494370254&user=-1356109124&config=2,3243,0,0
1781062254845,3242,Config 2,200,OK,Stress Test 1-44,text,true,,231,158,91,91,http://localhost:8080/?token=494370254&user=-1356109124&config=2,3242,0,0
1781062254843,3244,Config 2,200,OK,Stress Test 1-39,text,true,,231,158,91,91,http://localhost:8080/?token=494370254&user=-1356109124&config=2,3244,0,0
1781062254845,3242,Config 2,200,OK,Stress Test 1-48,text,true,,231,158,91,91,http://localhost:8080/?token=494370254&user=-1356109124&config=2,3242,0,0
1781062254847,3240,Config 2,200,OK,Stress Test 1-62,text,true,,231,158,91,91,http://localhost:8080/?token=494370254&user=-1356109124&config=2,3240,0,0
1781062254785,3302,Config 2,200,OK,Stress Test 1-66,text,true,,231,158,91,91,http://localhost:8080/?token=494370254&user=-1356109124&config=2,3302,0,0
1781062254847,3242,Config 2,200,OK,Stress Test 1-71,text,true,,231,158,91,91,http://localhost:8080/?token=494370254&user=-1356109124&config=2,3242,0,0
1781062254205,3884,Config 2,200,OK,Stress Test 1-74,text,true,,231,158,91,91,http://localhost:8080/?token=494370254&user=-1356109124&config=2,3884,0,0
1781062254205,3885,Config 2,200,OK,Stress Test 1-81,text,true,,231,158,91,91,http://localhost:8080/?token=494370254&user=-1356109124&config=2,3885,0,0
1781062254842,3248,Config 2,200,OK,Stress Test 1-80,text,true,,231,158,91,91,http://localhost:8080/?token=494370254&user=-1356109124&config=2,3248,0,0
1781062254220,3870,Config 2,200,OK,Stress Test 1-85,text,true,,231,158,91,91,http://localhost:8080/?token=494370254&user=-1356109124&config=2,3870,0,2
1781062254846,3244,Config 2,200,OK,Stress Test 1-3,text,true,,231,158,91,91,http://localhost:8080/?token=494370254&user=-1356109124&config=2,3244,0,0
1781062254844,3246,Config 2,200,OK,Stress Test 1-10,text,true,,231,158,91,91,http://localhost:8080/?token=494370254&user=-1356109124&config=2,3246,0,0
1781062255951,2140,Config 2,200,OK,Stress Test 1-17,text,true,,231,158,91,91,http://localhost:8080/?token=494370254&user=-1356109124&config=2,2140,0,0
1781062254844,3247,Config 2,200,OK,Stress Test 1-33,text,true,,231,158,91,91,http://localhost:8080/?token=494370254&user=-1356109124&config=2,3247,0,0
1781062254844,3247,Config 2,200,OK,Stress Test 1-11,text,true,,231,158,91,91,http://localhost:8080/?token=494370254&user=-1356109124&config=2,3247,0,0
1781062254846,3245,Config 2,200,OK,Stress Test 1-50,text,true,,231,158,91,91,http://localhost:8080/?token=494370254&user=-1356109124&config=2,3245,0,0
1781062254842,3250,Config 2,200,OK,Stress Test 1-52,text,true,,231,158,91,91,http://localhost:8080/?token=494370254&user=-1356109124&config=2,3250,0,0
1781062254845,3247,Config 2,200,OK,Stress Test 1-60,text,true,,231,158,91,91,http://localhost:8080/?token=494370254&user=-1356109124&config=2,3247,0,0
1781062254846,3246,Config 2,200,OK,Stress Test 1-59,text,true,,231,158,91,91,http://localhost:8080/?token=494370254&user=-1356109124&config=2,3246,0,0
1781062255951,2142,Config 2,200,OK,Stress Test 1-75,text,true,,231,158,91,91,http://localhost:8080/?token=494370254&user=-1356109124&config=2,2142,0,0
1781062254819,3274,Config 2,200,OK,Stress Test 1-86,text,true,,231,158,91,91,http://localhost:8080/?token=494370254&user=-1356109124&config=2,3274,0,1
1781062255952,3223,Config 2,200,OK,Stress Test 1-1,text,true,,231,158,93,93,http://localhost:8080/?token=494370254&user=-1356109124&config=2,3223,0,0
1781062255954,3221,Config 2,200,OK,Stress Test 1-14,text,true,,231,158,93,93,http://localhost:8080/?token=494370254&user=-1356109124&config=2,3221,0,0
1781062255953,3223,Config 2,200,OK,Stress Test 1-40,text,true,,231,158,93,93,http://localhost:8080/?token=494370254&user=-1356109124&config=2,3223,0,0
1781062255953,3223,Config 2,200,OK,Stress Test 1-30,text,true,,231,158,93,93,http://localhost:8080/?token=494370254&user=-1356109124&config=2,3223,0,0
1781062255954,3222,Config 2,200,OK,Stress Test 1-47,text,true,,231,158,93,93,http://localhost:8080/?token=494370254&user=-1356109124&config=2,3222,0,0
1781062255952,3224,Config 2,200,OK,Stress Test 1-49,text,true,,231,158,93,93,http://localhost:8080/?token=494370254&user=-1356109124&config=2,3224,0,0
1781062255954,3223,Config 2,200,OK,Stress Test 1-51,text,true,,231,158,93,93,http://localhost:8080/?token=494370254&user=-1356109124&config=2,3223,0,0
1781062255952,3224,Config 2,200,OK,Stress Test 1-45,text,true,,231,158,93,93,http://localhost:8080/?token=494370254&user=-1356109124&config=2,3224,0,0
1781062255955,3222,Config 2,200,OK,Stress Test 1-64,text,true,,231,158,93,93,http://localhost:8080/?token=494370254&user=-1356109124&config=2,3222,0,0
1781062255955,3222,Config 2,200,OK,Stress Test 1-61,text,true,,231,158,93,93,http://localhost:8080/?token=494370254&user=-1356109124&config=2,3222,0,0
1781062255953,3224,Config 2,200,OK,Stress Test 1-65,text,true,,231,158,93,93,http://localhost:8080/?token=494370254&user=-1356109124&config=2,3224,0,0
1781062255954,3223,Config 2,200,OK,Stress Test 1-57,text,true,,231,158,93,93,http://localhost:8080/?token=494370254&user=-1356109124&config=2,3223,0,0
1781062255956,3221,Config 2,200,OK,Stress Test 1-82,text,true,,231,158,93,93,http://localhost:8080/?token=494370254&user=-1356109124&config=2,3221,0,0
1781062255956,3221,Config 2,200,OK,Stress Test 1-78,text,true,,231,158,93,93,http://localhost:8080/?token=494370254&user=-1356109124&config=2,3221,0,0
1781062255957,3220,Config 2,200,OK,Stress Test 1-67,text,true,,231,158,93,93,http://localhost:8080/?token=494370254&user=-1356109124&config=2,3220,0,0
1781062255956,3221,Config 2,200,OK,Stress Test 1-77,text,true,,231,158,93,93,http://localhost:8080/?token=494370254&user=-1356109124&config=2,3221,0,0
1781062255418,3759,Config 2,200,OK,Stress Test 1-87,text,true,,231,158,93,93,http://localhost:8080/?token=494370254&user=-1356109124&config=2,3759,0,2
1781062255952,3227,Config 2,200,OK,Stress Test 1-4,text,true,,231,158,93,93,http://localhost:8080/?token=494370254&user=-1356109124&config=2,3227,0,0
1781062255951,3228,Config 2,200,OK,Stress Test 1-9,text,true,,231,158,93,93,http://localhost:8080/?token=494370254&user=-1356109124&config=2,3228,0,0
1781062255951,3228,Config 2,200,OK,Stress Test 1-21,text,true,,231,158,93,93,http://localhost:8080/?token=494370254&user=-1356109124&config=2,3228,0,0
1781062255953,3227,Config 2,200,OK,Stress Test 1-27,text,true,,231,158,93,93,http://localhost:8080/?token=494370254&user=-1356109124&config=2,3227,0,0
1781062255954,3226,Config 2,200,OK,Stress Test 1-29,text,true,,231,158,93,93,http://localhost:8080/?token=494370254&user=-1356109124&config=2,3226,0,0
1781062255953,3227,Config 2,200,OK,Stress Test 1-31,text,true,,231,158,93,93,http://localhost:8080/?token=494370254&user=-1356109124&config=2,3227,0,0
1781062255954,3227,Config 2,200,OK,Stress Test 1-36,text,true,,231,158,93,93,http://localhost:8080/?token=494370254&user=-1356109124&config=2,3227,0,0
1781062255954,3227,Config 2,200,OK,Stress Test 1-42,text,true,,231,158,93,93,http://localhost:8080/?token=494370254&user=-1356109124&config=2,3227,0,0
1781062255954,3227,Config 2,200,OK,Stress Test 1-46,text,true,,231,158,93,93,http://localhost:8080/?token=494370254&user=-1356109124&config=2,3227,0,0
1781062255956,3226,Config 2,200,OK,Stress Test 1-76,text,true,,231,158,93,93,http://localhost:8080/?token=494370254&user=-1356109124&config=2,3226,0,0
1781062255955,3227,Config 2,200,OK,Stress Test 1-72,text,true,,231,158,93,93,http://localhost:8080/?token=494370254&user=-1356109124&config=2,3227,0,0
1781062255957,4354,Config 2,200,OK,Stress Test 1-83,text,true,,231,158,95,95,http://localhost:8080/?token=494370254&user=-1356109124&config=2,4354,0,0
1781062256940,3378,Config 2,200,OK,Stress Test 1-55,text,true,,231,158,95,95,http://localhost:8080/?token=494370254&user=-1356109124&config=2,3378,0,0
1781062256015,4303,Config 2,200,OK,Stress Test 1-88,text,true,,231,158,95,95,http://localhost:8080/?token=494370254&user=-1356109124&config=2,4303,0,2
1781062256940,3378,Config 2,200,OK,Stress Test 1-13,text,true,,231,158,95,95,http://localhost:8080/?token=494370254&user=-1356109124&config=2,3378,0,0
1781062256610,3708,Config 2,200,OK,Stress Test 1-89,text,true,,231,158,95,95,http://localhost:8080/?token=494370254&user=-1356109124&config=2,3708,0,0
1781062256941,3379,Config 2,200,OK,Stress Test 1-2,text,true,,231,158,95,95,http://localhost:8080/?token=494370254&user=-1356109124&config=2,3379,0,0
1781062256942,3378,Config 2,200,OK,Stress Test 1-7,text,true,,231,158,95,95,http://localhost:8080/?token=494370254&user=-1356109124&config=2,3378,0,0
1781062256940,3381,Config 2,200,OK,Stress Test 1-32,text,true,,231,158,95,95,http://localhost:8080/?token=494370254&user=-1356109124&config=2,3381,0,0
1781062256944,3377,Config 2,200,OK,Stress Test 1-28,text,true,,231,158,95,95,http://localhost:8080/?token=494370254&user=-1356109124&config=2,3377,0,0
1781062256944,3376,Config 2,200,OK,Stress Test 1-8,text,true,,231,158,95,95,http://localhost:8080/?token=494370254&user=-1356109124&config=2,3376,0,0
1781062256942,3378,Config 2,200,OK,Stress Test 1-15,text,true,,231,158,95,95,http://localhost:8080/?token=494370254&user=-1356109124&config=2,3378,0,0
1781062256942,3379,Config 2,200,OK,Stress Test 1-41,text,true,,231,158,95,95,http://localhost:8080/?token=494370254&user=-1356109124&config=2,3379,0,0
1781062256945,3376,Config 2,200,OK,Stress Test 1-43,text,true,,231,158,95,95,http://localhost:8080/?token=494370254&user=-1356109124&config=2,3376,0,0
1781062256944,3377,Config 2,200,OK,Stress Test 1-20,text,true,,231,158,95,95,http://localhost:8080/?token=494370254&user=-1356109124&config=2,3377,0,0
1781062256945,3376,Config 2,200,OK,Stress Test 1-38,text,true,,231,158,95,95,http://localhost:8080/?token=494370254&user=-1356109124&config=2,3376,0,0
1781062256943,3378,Config 2,200,OK,Stress Test 1-63,text,true,,231,158,95,95,http://localhost:8080/?token=494370254&user=-1356109124&config=2,3378,0,0
1781062256941,3380,Config 2,200,OK,Stress Test 1-53,text,true,,231,158,95,95,http://localhost:8080/?token=494370254&user=-1356109124&config=2,3380,0,0
1781062256942,3379,Config 2,200,OK,Stress Test 1-54,text,true,,231,158,95,95,http://localhost:8080/?token=494370254&user=-1356109124&config=2,3379,0,0
1781062256941,3380,Config 2,200,OK,Stress Test 1-84,text,true,,231,158,95,95,http://localhost:8080/?token=494370254&user=-1356109124&config=2,3380,0,0
1781062256941,3380,Config 2,200,OK,Stress Test 1-35,text,true,,231,158,95,95,http://localhost:8080/?token=494370254&user=-1356109124&config=2,3380,0,0
1781062256941,3380,Config 2,200,OK,Stress Test 1-69,text,true,,231,158,95,95,http://localhost:8080/?token=494370254&user=-1356109124&config=2,3380,0,0
1781062256945,3378,Config 2,200,OK,Stress Test 1-19,text,true,,231,158,95,95,http://localhost:8080/?token=494370254&user=-1356109124&config=2,3378,0,0
1781062256945,3378,Config 2,200,OK,Stress Test 1-6,text,true,,231,158,95,95,http://localhost:8080/?token=494370254&user=-1356109124&config=2,3378,0,0
1781062256945,3378,Config 2,200,OK,Stress Test 1-25,text,true,,231,158,95,95,http://localhost:8080/?token=494370254&user=-1356109124&config=2,3378,0,0
1781062256943,3381,Config 2,200,OK,Stress Test 1-68,text,true,,231,158,95,95,http://localhost:8080/?token=494370254&user=-1356109124&config=2,3381,0,0
1781062256946,3378,Config 2,200,OK,Stress Test 1-58,text,true,,231,158,95,95,http://localhost:8080/?token=494370254&user=-1356109124&config=2,3378,0,0
1781062256946,3378,Config 2,200,OK,Stress Test 1-70,text,true,,231,158,95,95,http://localhost:8080/?token=494370254&user=-1356109124&config=2,3378,0,0
1781062256943,3382,Config 2,200,OK,Stress Test 1-79,text,true,,231,158,95,95,http://localhost:8080/?token=494370254&user=-1356109124&config=2,3382,0,0
1781062258087,2238,Config 2,200,OK,Stress Test 1-5,text,true,,231,158,95,95,http://localhost:8080/?token=494370254&user=-1356109124&config=2,2238,0,0
1781062258087,2238,Config 2,200,OK,Stress Test 1-16,text,true,,231,158,95,95,http://localhost:8080/?token=494370254&user=-1356109124&config=2,2238,0,0
1781062258088,2238,Config 2,200,OK,Stress Test 1-22,text,true,,231,158,95,95,http://localhost:8080/?token=494370254&user=-1356109124&config=2,2238,0,0
1781062256945,3381,Config 2,200,OK,Stress Test 1-56,text,true,,231,158,95,95,http://localhost:8080/?token=494370254&user=-1356109124&config=2,3381,0,0
1781062258083,2243,Config 2,200,OK,Stress Test 1-73,text,true,,231,158,95,95,http://localhost:8080/?token=494370254&user=-1356109124&config=2,2243,0,0
1781062257210,3117,Config 2,200,OK,Stress Test 1-90,text,true,,231,158,95,95,http://localhost:8080/?token=494370254&user=-1356109124&config=2,3117,0,1
1781062258087,3410,Config 2,200,OK,Stress Test 1-12,text,true,,231,158,97,97,http://localhost:8080/?token=494370254&user=-1356109124&config=2,3410,0,0
1781062258088,3409,Config 2,200,OK,Stress Test 1-18,text,true,,231,158,97,97,http://localhost:8080/?token=494370254&user=-1356109124&config=2,3409,0,0
1781062258088,3409,Config 2,200,OK,Stress Test 1-24,text,true,,231,158,97,97,http://localhost:8080/?token=494370254&user=-1356109124&config=2,3409,0,0
1781062257809,3689,Config 2,200,OK,Stress Test 1-91,text,true,,231,158,97,97,http://localhost:8080/?token=494370254&user=-1356109124&config=2,3689,0,1
1781062258088,3411,Config 2,200,OK,Stress Test 1-34,text,true,,231,158,97,97,http://localhost:8080/?token=494370254&user=-1356109124&config=2,3411,0,0
1781062258088,3411,Config 2,200,OK,Stress Test 1-23,text,true,,231,158,97,97,http://localhost:8080/?token=494370254&user=-1356109124&config=2,3411,0,0
1781062258089,3410,Config 2,200,OK,Stress Test 1-39,text,true,,231,158,97,97,http://localhost:8080/?token=494370254&user=-1356109124&config=2,3410,0,0
1781062258088,3411,Config 2,200,OK,Stress Test 1-44,text,true,,231,158,97,97,http://localhost:8080/?token=494370254&user=-1356109124&config=2,3411,0,0
1781062258089,3410,Config 2,200,OK,Stress Test 1-48,text,true,,231,158,97,97,http://localhost:8080/?token=494370254&user=-1356109124&config=2,3410,0,0
1781062258091,3411,Config 2,200,OK,Stress Test 1-3,text,true,,231,158,97,97,http://localhost:8080/?token=494370254&user=-1356109124&config=2,3411,0,0
1781062258091,3411,Config 2,200,OK,Stress Test 1-10,text,true,,231,158,97,97,http://localhost:8080/?token=494370254&user=-1356109124&config=2,3411,0,0
1781062258092,3411,Config 2,200,OK,Stress Test 1-11,text,true,,231,158,97,97,http://localhost:8080/?token=494370254&user=-1356109124&config=2,3411,0,0
1781062258092,3411,Config 2,200,OK,Stress Test 1-17,text,true,,231,158,97,97,http://localhost:8080/?token=494370254&user=-1356109124&config=2,3411,0,0
1781062258088,3415,Config 2,200,OK,Stress Test 1-26,text,true,,231,158,97,97,http://localhost:8080/?token=494370254&user=-1356109124&config=2,3415,0,0
1781062258092,3411,Config 2,200,OK,Stress Test 1-33,text,true,,231,158,97,97,http://localhost:8080/?token=494370254&user=-1356109124&config=2,3411,0,0
1781062258088,3415,Config 2,200,OK,Stress Test 1-37,text,true,,231,158,97,97,http://localhost:8080/?token=494370254&user=-1356109124&config=2,3415,0,0
1781062258093,3410,Config 2,200,OK,Stress Test 1-52,text,true,,231,158,97,97,http://localhost:8080/?token=494370254&user=-1356109124&config=2,3410,0,0
1781062258089,3415,Config 2,200,OK,Stress Test 1-62,text,true,,231,158,97,97,http://localhost:8080/?token=494370254&user=-1356109124&config=2,3415,0,0
1781062258093,3411,Config 2,200,OK,Stress Test 1-60,text,true,,231,158,97,97,http://localhost:8080/?token=494370254&user=-1356109124&config=2,3411,0,0
1781062258089,3415,Config 2,200,OK,Stress Test 1-66,text,true,,231,158,97,97,http://localhost:8080/?token=494370254&user=-1356109124&config=2,3415,0,0
1781062258089,3415,Config 2,200,OK,Stress Test 1-71,text,true,,231,158,97,97,http://localhost:8080/?token=494370254&user=-1356109124&config=2,3415,0,0
1781062258090,3414,Config 2,200,OK,Stress Test 1-74,text,true,,231,158,97,97,http://localhost:8080/?token=494370254&user=-1356109124&config=2,3414,0,0
1781062258090,3414,Config 2,200,OK,Stress Test 1-81,text,true,,231,158,97,97,http://localhost:8080/?token=494370254&user=-1356109124&config=2,3414,0,0
1781062258091,3413,Config 2,200,OK,Stress Test 1-85,text,true,,231,158,97,97,http://localhost:8080/?token=494370254&user=-1356109124&config=2,3413,0,0
1781062258090,3414,Config 2,200,OK,Stress Test 1-80,text,true,,231,158,97,97,http://localhost:8080/?token=494370254&user=-1356109124&config=2,3414,0,0
1781062259176,2329,Config 2,200,OK,Stress Test 1-30,text,true,,231,158,97,97,http://localhost:8080/?token=494370254&user=-1356109124&config=2,2329,0,0
1781062259176,2331,Config 2,200,OK,Stress Test 1-40,text,true,,231,158,97,97,http://localhost:8080/?token=494370254&user=-1356109124&config=2,2331,0,0
1781062258092,3416,Config 2,200,OK,Stress Test 1-50,text,true,,231,158,97,97,http://localhost:8080/?token=494370254&user=-1356109124&config=2,3416,0,0
1781062259177,2331,Config 2,200,OK,Stress Test 1-45,text,true,,231,158,97,97,http://localhost:8080/?token=494370254&user=-1356109124&config=2,2331,0,0
1781062258093,3415,Config 2,200,OK,Stress Test 1-59,text,true,,231,158,97,97,http://localhost:8080/?token=494370254&user=-1356109124&config=2,3415,0,0
1781062259175,3556,Config 2,200,OK,Stress Test 1-1,text,true,,231,158,99,99,http://localhost:8080/?token=494370254&user=-1356109124&config=2,3556,0,0
1781062259177,3554,Config 2,200,OK,Stress Test 1-47,text,true,,231,158,99,99,http://localhost:8080/?token=494370254&user=-1356109124&config=2,3554,0,0
1781062258094,4637,Config 2,200,OK,Stress Test 1-86,text,true,,231,158,99,99,http://localhost:8080/?token=494370254&user=-1356109124&config=2,4637,0,0
1781062258094,4637,Config 2,200,OK,Stress Test 1-75,text,true,,231,158,99,99,http://localhost:8080/?token=494370254&user=-1356109124&config=2,4637,0,0
1781062258419,4312,Config 2,200,OK,Stress Test 1-92,text,true,,231,158,99,99,http://localhost:8080/?token=494370254&user=-1356109124&config=2,4312,0,1
1781062259178,3557,Config 2,200,OK,Stress Test 1-65,text,true,,231,158,99,99,http://localhost:8080/?token=494370254&user=-1356109124&config=2,3557,0,0
1781062259178,3557,Config 2,200,OK,Stress Test 1-61,text,true,,231,158,99,99,http://localhost:8080/?token=494370254&user=-1356109124&config=2,3557,0,0
1781062259178,3558,Config 2,200,OK,Stress Test 1-77,text,true,,231,158,99,99,http://localhost:8080/?token=494370254&user=-1356109124&config=2,3557,0,0
1781062259178,3560,Config 2,200,OK,Stress Test 1-78,text,true,,231,158,99,99,http://localhost:8080/?token=494370254&user=-1356109124&config=2,3559,0,0
1781062259020,3718,Config 2,200,OK,Stress Test 1-93,text,true,,231,158,99,99,http://localhost:8080/?token=494370254&user=-1356109124&config=2,3717,0,1
1781062259175,3563,Config 2,200,OK,Stress Test 1-14,text,true,,231,158,99,99,http://localhost:8080/?token=494370254&user=-1356109124&config=2,3563,0,0
1781062259180,3558,Config 2,200,OK,Stress Test 1-4,text,true,,231,158,99,99,http://localhost:8080/?token=494370254&user=-1356109124&config=2,3558,0,0
1781062259178,3561,Config 2,200,OK,Stress Test 1-64,text,true,,231,158,99,99,http://localhost:8080/?token=494370254&user=-1356109124&config=2,3561,0,0
1781062259177,3562,Config 2,200,OK,Stress Test 1-51,text,true,,231,158,99,99,http://localhost:8080/?token=494370254&user=-1356109124&config=2,3561,0,0
1781062259177,3562,Config 2,200,OK,Stress Test 1-49,text,true,,231,158,99,99,http://localhost:8080/?token=494370254&user=-1356109124&config=2,3561,0,0
1781062259178,3561,Config 2,200,OK,Stress Test 1-57,text,true,,231,158,99,99,http://localhost:8080/?token=494370254&user=-1356109124&config=2,3561,0,0
1781062259178,3561,Config 2,200,OK,Stress Test 1-67,text,true,,231,158,99,99,http://localhost:8080/?token=494370254&user=-1356109124&config=2,3561,0,0
1781062259182,3557,Config 2,200,OK,Stress Test 1-76,text,true,,231,158,99,99,http://localhost:8080/?token=494370254&user=-1356109124&config=2,3557,0,0
1781062259178,3562,Config 2,200,OK,Stress Test 1-82,text,true,,231,158,99,99,http://localhost:8080/?token=494370254&user=-1356109124&config=2,3562,0,0
1781062259179,3562,Config 2,200,OK,Stress Test 1-87,text,true,,231,158,99,99,http://localhost:8080/?token=494370254&user=-1356109124&config=2,3562,0,0
1781062259180,3562,Config 2,200,OK,Stress Test 1-9,text,true,,231,158,99,99,http://localhost:8080/?token=494370254&user=-1356109124&config=2,3562,0,0
1781062260320,2422,Config 2,200,OK,Stress Test 1-7,text,true,,231,158,99,99,http://localhost:8080/?token=494370254&user=-1356109124&config=2,2422,0,0
1781062260319,2423,Config 2,200,OK,Stress Test 1-13,text,true,,231,158,99,99,http://localhost:8080/?token=494370254&user=-1356109124&config=2,2423,0,0
1781062259180,3562,Config 2,200,OK,Stress Test 1-21,text,true,,231,158,99,99,http://localhost:8080/?token=494370254&user=-1356109124&config=2,3562,0,0
1781062259181,3562,Config 2,200,OK,Stress Test 1-27,text,true,,231,158,99,99,http://localhost:8080/?token=494370254&user=-1356109124&config=2,3562,0,0
1781062259181,3562,Config 2,200,OK,Stress Test 1-29,text,true,,231,158,99,99,http://localhost:8080/?token=494370254&user=-1356109124&config=2,3562,0,0
1781062259181,3562,Config 2,200,OK,Stress Test 1-31,text,true,,231,158,99,99,http://localhost:8080/?token=494370254&user=-1356109124&config=2,3562,0,0
1781062259181,3563,Config 2,200,OK,Stress Test 1-42,text,true,,231,158,99,99,http://localhost:8080/?token=494370254&user=-1356109124&config=2,3563,0,0
1781062259181,3563,Config 2,200,OK,Stress Test 1-46,text,true,,231,158,99,99,http://localhost:8080/?token=494370254&user=-1356109124&config=2,3563,0,0
1781062259181,3563,Config 2,200,OK,Stress Test 1-36,text,true,,231,158,99,99,http://localhost:8080/?token=494370254&user=-1356109124&config=2,3563,0,0
1781062260319,2425,Config 2,200,OK,Stress Test 1-55,text,true,,231,158,99,99,http://localhost:8080/?token=494370254&user=-1356109124&config=2,2425,0,0
1781062259182,3563,Config 2,200,OK,Stress Test 1-72,text,true,,231,158,99,99,http://localhost:8080/?token=494370254&user=-1356109124&config=2,3563,0,0
1781062260319,2426,Config 2,200,OK,Stress Test 1-88,text,true,,231,158,99,99,http://localhost:8080/?token=494370254&user=-1356109124&config=2,2426,0,0
1781062260313,2432,Config 2,200,OK,Stress Test 1-83,text,true,,231,158,99,99,http://localhost:8080/?token=494370254&user=-1356109124&config=2,2432,0,0
1781062260319,2426,Config 2,200,OK,Stress Test 1-89,text,true,,231,158,99,99,http://localhost:8080/?token=494370254&user=-1356109124&config=2,2426,0,0
1781062260320,3688,Config 2,200,OK,Stress Test 1-2,text,true,,231,158,101,101,http://localhost:8080/?token=494370254&user=-1356109124&config=2,3688,0,0
1781062260327,3682,Config 2,200,OK,Stress Test 1-90,text,true,,231,158,101,101,http://localhost:8080/?token=494370254&user=-1356109124&config=2,3682,0,0
1781062259614,4395,Config 2,200,OK,Stress Test 1-94,text,true,,231,158,101,101,http://localhost:8080/?token=494370254&user=-1356109124&config=2,4395,0,1
1781062260215,3795,Config 2,200,OK,Stress Test 1-95,text,true,,231,158,101,101,http://localhost:8080/?token=494370254&user=-1356109124&config=2,3795,0,2
1781062260321,3692,Config 2,200,OK,Stress Test 1-15,text,true,,231,158,101,101,http://localhost:8080/?token=494370254&user=-1356109124&config=2,3692,0,0
1781062260326,3686,Config 2,200,OK,Stress Test 1-5,text,true,,231,158,101,101,http://localhost:8080/?token=494370254&user=-1356109124&config=2,3686,0,0
1781062260321,3692,Config 2,200,OK,Stress Test 1-32,text,true,,231,158,101,101,http://localhost:8080/?token=494370254&user=-1356109124&config=2,3692,0,0
1781062260322,3691,Config 2,200,OK,Stress Test 1-63,text,true,,231,158,101,101,http://localhost:8080/?token=494370254&user=-1356109124&config=2,3691,0,0
1781062260325,3689,Config 2,200,OK,Stress Test 1-70,text,true,,231,158,101,101,http://localhost:8080/?token=494370254&user=-1356109124&config=2,3689,0,0
1781062260325,3689,Config 2,200,OK,Stress Test 1-68,text,true,,231,158,101,101,http://localhost:8080/?token=494370254&user=-1356109124&config=2,3689,0,0
1781062260325,3689,Config 2,200,OK,Stress Test 1-79,text,true,,231,158,101,101,http://localhost:8080/?token=494370254&user=-1356109124&config=2,3689,0,0
1781062260322,3692,Config 2,200,OK,Stress Test 1-84,text,true,,231,158,101,101,http://localhost:8080/?token=494370254&user=-1356109124&config=2,3692,0,0
1781062260324,3691,Config 2,200,OK,Stress Test 1-6,text,true,,231,158,101,101,http://localhost:8080/?token=494370254&user=-1356109124&config=2,3691,0,0
1781062260321,3694,Config 2,200,OK,Stress Test 1-8,text,true,,231,158,101,101,http://localhost:8080/?token=494370254&user=-1356109124&config=2,3694,0,0
1781062261497,2518,Config 2,200,OK,Stress Test 1-12,text,true,,231,158,101,101,http://localhost:8080/?token=494370254&user=-1356109124&config=2,2518,0,0
1781062260326,3689,Config 2,200,OK,Stress Test 1-16,text,true,,231,158,101,101,http://localhost:8080/?token=494370254&user=-1356109124&config=2,3689,0,0
1781062260326,3690,Config 2,200,OK,Stress Test 1-22,text,true,,231,158,101,101,http://localhost:8080/?token=494370254&user=-1356109124&config=2,3690,0,0
1781062260322,3694,Config 2,200,OK,Stress Test 1-20,text,true,,231,158,101,101,http://localhost:8080/?token=494370254&user=-1356109124&config=2,3694,0,0
1781062261498,2518,Config 2,200,OK,Stress Test 1-18,text,true,,231,158,101,101,http://localhost:8080/?token=494370254&user=-1356109124&config=2,2518,0,0
1781062261497,2519,Config 2,200,OK,Stress Test 1-24,text,true,,231,158,101,101,http://localhost:8080/?token=494370254&user=-1356109124&config=2,2519,0,0
1781062260324,3692,Config 2,200,OK,Stress Test 1-25,text,true,,231,158,101,101,http://localhost:8080/?token=494370254&user=-1356109124&config=2,3692,0,0
1781062260322,3695,Config 2,200,OK,Stress Test 1-38,text,true,,231,158,101,101,http://localhost:8080/?token=494370254&user=-1356109124&config=2,3695,0,0
1781062260321,3696,Config 2,200,OK,Stress Test 1-28,text,true,,231,158,101,101,http://localhost:8080/?token=494370254&user=-1356109124&config=2,3696,0,0
1781062260323,3694,Config 2,200,OK,Stress Test 1-35,text,true,,231,158,101,101,http://localhost:8080/?token=494370254&user=-1356109124&config=2,3694,0,0
1781062260322,3696,Config 2,200,OK,Stress Test 1-41,text,true,,231,158,101,101,http://localhost:8080/?token=494370254&user=-1356109124&config=2,3696,0,0
1781062260322,3696,Config 2,200,OK,Stress Test 1-43,text,true,,231,158,101,101,http://localhost:8080/?token=494370254&user=-1356109124&config=2,3696,0,0
1781062260322,3697,Config 2,200,OK,Stress Test 1-53,text,true,,231,158,101,101,http://localhost:8080/?token=494370254&user=-1356109124&config=2,3697,0,0
1781062260323,3697,Config 2,200,OK,Stress Test 1-69,text,true,,231,158,101,101,http://localhost:8080/?token=494370254&user=-1356109124&config=2,3697,0,0
1781062260322,3698,Config 2,200,OK,Stress Test 1-54,text,true,,231,158,101,101,http://localhost:8080/?token=494370254&user=-1356109124&config=2,3698,0,0
1781062260327,3695,Config 2,200,OK,Stress Test 1-73,text,true,,231,158,101,101,http://localhost:8080/?token=494370254&user=-1356109124&config=2,3695,0,0
1781062261498,2525,Config 2,200,OK,Stress Test 1-91,text,true,,231,158,101,101,http://localhost:8080/?token=494370254&user=-1356109124&config=2,2525,0,0
1781062260325,3698,Config 2,200,OK,Stress Test 1-58,text,true,,231,158,101,101,http://localhost:8080/?token=494370254&user=-1356109124&config=2,3698,0,0
1781062261415,2608,Config 2,200,OK,Stress Test 1-97,text,true,,231,158,101,101,http://localhost:8080/?token=494370254&user=-1356109124&config=2,2608,0,1
1781062260324,5056,Config 2,200,OK,Stress Test 1-19,text,true,,231,158,103,103,http://localhost:8080/?token=494370254&user=-1356109124&config=2,5056,0,0
1781062260327,5053,Config 2,200,OK,Stress Test 1-56,text,true,,231,158,103,103,http://localhost:8080/?token=494370254&user=-1356109124&config=2,5053,0,0
1781062261500,3880,Config 2,200,OK,Stress Test 1-34,text,true,,231,158,103,103,http://localhost:8080/?token=494370254&user=-1356109124&config=2,3880,0,0
1781062261500,3880,Config 2,200,OK,Stress Test 1-23,text,true,,231,158,103,103,http://localhost:8080/?token=494370254&user=-1356109124&config=2,3880,0,0
1781062261500,3881,Config 2,200,OK,Stress Test 1-48,text,true,,231,158,103,103,http://localhost:8080/?token=494370254&user=-1356109124&config=2,3881,0,0
1781062261500,3881,Config 2,200,OK,Stress Test 1-44,text,true,,231,158,103,103,http://localhost:8080/?token=494370254&user=-1356109124&config=2,3881,0,0
1781062260807,4574,Config 2,200,OK,Stress Test 1-96,text,true,,231,158,103,103,http://localhost:8080/?token=494370254&user=-1356109124&config=2,4574,0,2
1781062261504,3878,Config 2,200,OK,Stress Test 1-3,text,true,,231,158,103,103,http://localhost:8080/?token=494370254&user=-1356109124&config=2,3878,0,0
1781062261506,3876,Config 2,200,OK,Stress Test 1-33,text,true,,231,158,103,103,http://localhost:8080/?token=494370254&user=-1356109124&config=2,3876,0,0
1781062261500,3882,Config 2,200,OK,Stress Test 1-39,text,true,,231,158,103,103,http://localhost:8080/?token=494370254&user=-1356109124&config=2,3882,0,0
1781062261506,3876,Config 2,200,OK,Stress Test 1-37,text,true,,231,158,103,103,http://localhost:8080/?token=494370254&user=-1356109124&config=2,3876,0,0
1781062261509,3874,Config 2,200,OK,Stress Test 1-50,text,true,,231,158,103,103,http://localhost:8080/?token=494370254&user=-1356109124&config=2,3874,0,0
1781062261506,3878,Config 2,200,OK,Stress Test 1-52,text,true,,231,158,103,103,http://localhost:8080/?token=494370254&user=-1356109124&config=2,3878,0,0
1781062261509,3875,Config 2,200,OK,Stress Test 1-59,text,true,,231,158,103,103,http://localhost:8080/?token=494370254&user=-1356109124&config=2,3875,0,0
1781062261507,3879,Config 2,200,OK,Stress Test 1-71,text,true,,231,158,103,103,http://localhost:8080/?token=494370254&user=-1356109124&config=2,3879,0,0
1781062261506,3880,Config 2,200,OK,Stress Test 1-62,text,true,,231,158,103,103,http://localhost:8080/?token=494370254&user=-1356109124&config=2,3880,0,0
1781062261507,3881,Config 2,200,OK,Stress Test 1-81,text,true,,231,158,103,103,http://localhost:8080/?token=494370254&user=-1356109124&config=2,3881,0,0
1781062261507,3881,Config 2,200,OK,Stress Test 1-80,text,true,,231,158,103,103,http://localhost:8080/?token=494370254&user=-1356109124&config=2,3881,0,0
1781062261508,3880,Config 2,200,OK,Stress Test 1-30,text,true,,231,158,103,103,http://localhost:8080/?token=494370254&user=-1356109124&config=2,3880,0,0
1781062261509,3879,Config 2,200,OK,Stress Test 1-45,text,true,,231,158,103,103,http://localhost:8080/?token=494370254&user=-1356109124&config=2,3879,0,0
1781062261506,3883,Config 2,200,OK,Stress Test 1-60,text,true,,231,158,103,103,http://localhost:8080/?token=494370254&user=-1356109124&config=2,3883,0,0
1781062261507,3882,Config 2,200,OK,Stress Test 1-66,text,true,,231,158,103,103,http://localhost:8080/?token=494370254&user=-1356109124&config=2,3882,0,0
1781062262731,2658,Config 2,200,OK,Stress Test 1-86,text,true,,231,158,103,103,http://localhost:8080/?token=494370254&user=-1356109124&config=2,2658,0,0
1781062261505,3885,Config 2,200,OK,Stress Test 1-10,text,true,,231,158,103,103,http://localhost:8080/?token=494370254&user=-1356109124&config=2,3885,0,0
1781062261505,3885,Config 2,200,OK,Stress Test 1-11,text,true,,231,158,103,103,http://localhost:8080/?token=494370254&user=-1356109124&config=2,3885,0,0
1781062261505,3885,Config 2,200,OK,Stress Test 1-17,text,true,,231,158,103,103,http://localhost:8080/?token=494370254&user=-1356109124&config=2,3885,0,0
1781062262731,2658,Config 2,200,OK,Stress Test 1-1,text,true,,231,158,103,103,http://localhost:8080/?token=494370254&user=-1356109124&config=2,2658,0,0
1781062262731,2660,Config 2,200,OK,Stress Test 1-47,text,true,,231,158,103,103,http://localhost:8080/?token=494370254&user=-1356109124&config=2,2660,0,0
1781062261506,3884,Config 2,200,OK,Stress Test 1-26,text,true,,231,158,103,103,http://localhost:8080/?token=494370254&user=-1356109124&config=2,3884,0,0
1781062261508,3882,Config 2,200,OK,Stress Test 1-40,text,true,,231,158,103,103,http://localhost:8080/?token=494370254&user=-1356109124&config=2,3882,0,0
1781062262736,2655,Config 2,200,OK,Stress Test 1-61,text,true,,231,158,103,103,http://localhost:8080/?token=494370254&user=-1356109124&config=2,2655,0,0
1781062262737,2655,Config 2,200,OK,Stress Test 1-65,text,true,,231,158,103,103,http://localhost:8080/?token=494370254&user=-1356109124&config=2,2655,0,0
1781062261507,3885,Config 2,200,OK,Stress Test 1-74,text,true,,231,158,103,103,http://localhost:8080/?token=494370254&user=-1356109124&config=2,3885,0,0
1781062262731,2662,Config 2,200,OK,Stress Test 1-75,text,true,,231,158,103,103,http://localhost:8080/?token=494370254&user=-1356109124&config=2,2662,0,0
1781062261507,3886,Config 2,200,OK,Stress Test 1-85,text,true,,231,158,103,103,http://localhost:8080/?token=494370254&user=-1356109124&config=2,3886,0,0
1781062262733,2660,Config 2,200,OK,Stress Test 1-92,text,true,,231,158,103,103,http://localhost:8080/?token=494370254&user=-1356109124&config=2,2660,0,0
1781062262021,3373,Config 2,200,OK,Stress Test 1-98,text,true,,231,158,103,103,http://localhost:8080/?token=494370254&user=-1356109124&config=2,3373,0,2
1781062262619,4152,Config 2,200,OK,Stress Test 1-99,text,true,,231,158,105,105,http://localhost:8080/?token=494370254&user=-1356109124&config=2,4152,0,1
1781062262737,4035,Config 2,200,OK,Stress Test 1-77,text,true,,231,158,105,105,http://localhost:8080/?token=494370254&user=-1356109124&config=2,4035,0,0
1781062262738,4036,Config 2,200,OK,Stress Test 1-14,text,true,,231,158,105,105,http://localhost:8080/?token=494370254&user=-1356109124&config=2,4036,0,0
1781062262742,4032,Config 2,200,OK,Stress Test 1-7,text,true,,231,158,105,105,http://localhost:8080/?token=494370254&user=-1356109124&config=2,4032,0,0
1781062262740,4035,Config 2,200,OK,Stress Test 1-57,text,true,,231,158,105,105,http://localhost:8080/?token=494370254&user=-1356109124&config=2,4035,0,0
1781062262740,4035,Config 2,200,OK,Stress Test 1-67,text,true,,231,158,105,105,http://localhost:8080/?token=494370254&user=-1356109124&config=2,4035,0,0
1781062262738,4037,Config 2,200,OK,Stress Test 1-93,text,true,,231,158,105,105,http://localhost:8080/?token=494370254&user=-1356109124&config=2,4037,0,0
1781062262738,4038,Config 2,200,OK,Stress Test 1-78,text,true,,231,158,105,105,http://localhost:8080/?token=494370254&user=-1356109124&config=2,4038,0,0
1781062262745,4031,Config 2,200,OK,Stress Test 1-72,text,true,,231,158,105,105,http://localhost:8080/?token=494370254&user=-1356109124&config=2,4031,0,0
1781062262745,4031,Config 2,200,OK,Stress Test 1-88,text,true,,231,158,105,105,http://localhost:8080/?token=494370254&user=-1356109124&config=2,4031,0,0
1781062264009,2768,Config 2,200,OK,Stress Test 1-2,text,true,,231,158,105,105,http://localhost:8080/?token=494370254&user=-1356109124&config=2,2768,0,0
1781062262738,4039,Config 2,200,OK,Stress Test 1-4,text,true,,231,158,105,105,http://localhost:8080/?token=494370254&user=-1356109124&config=2,4039,0,0
1781062262742,4035,Config 2,200,OK,Stress Test 1-13,text,true,,231,158,105,105,http://localhost:8080/?token=494370254&user=-1356109124&config=2,4035,0,0
1781062262739,4041,Config 2,200,OK,Stress Test 1-51,text,true,,231,158,105,105,http://localhost:8080/?token=494370254&user=-1356109124&config=2,4041,0,0
1781062262745,4035,Config 2,200,OK,Stress Test 1-55,text,true,,231,158,105,105,http://localhost:8080/?token=494370254&user=-1356109124&config=2,4035,0,0
1781062262739,4041,Config 2,200,OK,Stress Test 1-49,text,true,,231,158,105,105,http://localhost:8080/?token=494370254&user=-1356109124&config=2,4041,0,0
1781062262739,4042,Config 2,200,OK,Stress Test 1-64,text,true,,231,158,105,105,http://localhost:8080/?token=494370254&user=-1356109124&config=2,4042,0,0
1781062262740,4041,Config 2,200,OK,Stress Test 1-76,text,true,,231,158,105,105,http://localhost:8080/?token=494370254&user=-1356109124&config=2,4041,0,0
1781062262741,4040,Config 2,200,OK,Stress Test 1-82,text,true,,231,158,105,105,http://localhost:8080/?token=494370254&user=-1356109124&config=2,4040,0,0
1781062262746,4036,Config 2,200,OK,Stress Test 1-89,text,true,,231,158,105,105,http://localhost:8080/?token=494370254&user=-1356109124&config=2,4036,0,0
1781062262745,4037,Config 2,200,OK,Stress Test 1-83,text,true,,231,158,105,105,http://localhost:8080/?token=494370254&user=-1356109124&config=2,4037,0,0
1781062264009,2774,Config 2,200,OK,Stress Test 1-94,text,true,,231,158,105,105,http://localhost:8080/?token=494370254&user=-1356109124&config=2,2774,0,0
1781062264009,2774,Config 2,200,OK,Stress Test 1-90,text,true,,231,158,105,105,http://localhost:8080/?token=494370254&user=-1356109124&config=2,2774,0,0
1781062262743,4041,Config 2,200,OK,Stress Test 1-21,text,true,,231,158,105,105,http://localhost:8080/?token=494370254&user=-1356109124&config=2,4041,0,0
1781062262743,4041,Config 2,200,OK,Stress Test 1-27,text,true,,231,158,105,105,http://localhost:8080/?token=494370254&user=-1356109124&config=2,4041,0,0
1781062262744,4041,Config 2,200,OK,Stress Test 1-46,text,true,,231,158,105,105,http://localhost:8080/?token=494370254&user=-1356109124&config=2,4041,0,0
1781062264014,2772,Config 2,200,OK,Stress Test 1-70,text,true,,231,158,105,105,http://localhost:8080/?token=494370254&user=-1356109124&config=2,2772,0,0
1781062262741,4046,Config 2,200,OK,Stress Test 1-87,text,true,,231,158,105,105,http://localhost:8080/?token=494370254&user=-1356109124&config=2,4046,0,0
1781062262742,4045,Config 2,200,OK,Stress Test 1-9,text,true,,231,158,105,105,http://localhost:8080/?token=494370254&user=-1356109124&config=2,4045,0,0
1781062262743,4045,Config 2,200,OK,Stress Test 1-31,text,true,,231,158,105,105,http://localhost:8080/?token=494370254&user=-1356109124&config=2,4045,0,0
1781062262743,4044,Config 2,200,OK,Stress Test 1-29,text,true,,231,158,105,105,http://localhost:8080/?token=494370254&user=-1356109124&config=2,4044,0,0
1781062262744,4044,Config 2,200,OK,Stress Test 1-36,text,true,,231,158,105,105,http://localhost:8080/?token=494370254&user=-1356109124&config=2,4044,0,0
1781062264010,2778,Config 2,200,OK,Stress Test 1-95,text,true,,231,158,105,105,http://localhost:8080/?token=494370254&user=-1356109124&config=2,2778,0,0
1781062262744,4044,Config 2,200,OK,Stress Test 1-42,text,true,,231,158,105,105,http://localhost:8080/?token=494370254&user=-1356109124&config=2,4044,0,0
1781062263218,3571,Config 2,200,OK,Stress Test 1-100,text,true,,231,158,105,105,http://localhost:8080/?token=494370254&user=-1356109124&config=2,3571,0,2
1781062264013,4650,Config 2,200,OK,Stress Test 1-5,text,true,,231,158,109,109,http://localhost:8080/?token=494370254&user=-1356109124&config=2,4650,0,0
1781062263813,4851,Config 2,200,OK,Stress Test 1-101,text,true,,231,158,109,109,http://localhost:8080/?token=494370254&user=-1356109124&config=2,4851,0,2
1781062264015,4666,Config 2,200,OK,Stress Test 1-6,text,true,,231,158,109,109,http://localhost:8080/?token=494370254&user=-1356109124&config=2,4666,0,0
1781062264015,4666,Config 2,200,OK,Stress Test 1-8,text,true,,231,158,109,109,http://localhost:8080/?token=494370254&user=-1356109124&config=2,4666,0,0
1781062264015,4666,Config 2,200,OK,Stress Test 1-12,text,true,,231,158,109,109,http://localhost:8080/?token=494370254&user=-1356109124&config=2,4666,0,0
1781062264013,4672,Config 2,200,OK,Stress Test 1-15,text,true,,231,158,109,109,http://localhost:8080/?token=494370254&user=-1356109124&config=2,4672,0,0
1781062264015,4671,Config 2,200,OK,Stress Test 1-16,text,true,,231,158,109,109,http://localhost:8080/?token=494370254&user=-1356109124&config=2,4671,0,0
1781062264016,4670,Config 2,200,OK,Stress Test 1-18,text,true,,231,158,109,109,http://localhost:8080/?token=494370254&user=-1356109124&config=2,4670,0,0
1781062265380,3306,Config 2,200,OK,Stress Test 1-19,text,true,,231,158,109,109,http://localhost:8080/?token=494370254&user=-1356109124&config=2,3306,0,0
1781062264016,4671,Config 2,200,OK,Stress Test 1-20,text,true,,231,158,109,109,http://localhost:8080/?token=494370254&user=-1356109124&config=2,4671,0,0
1781062264016,4671,Config 2,200,OK,Stress Test 1-22,text,true,,231,158,109,109,http://localhost:8080/?token=494370254&user=-1356109124&config=2,4671,0,0
1781062265380,3307,Config 2,200,OK,Stress Test 1-23,text,true,,231,158,109,109,http://localhost:8080/?token=494370254&user=-1356109124&config=2,3307,0,0
1781062264016,4672,Config 2,200,OK,Stress Test 1-24,text,true,,231,158,109,109,http://localhost:8080/?token=494370254&user=-1356109124&config=2,4672,0,0
1781062264017,4671,Config 2,200,OK,Stress Test 1-25,text,true,,231,158,109,109,http://localhost:8080/?token=494370254&user=-1356109124&config=2,4671,0,0
1781062264017,4671,Config 2,200,OK,Stress Test 1-28,text,true,,231,158,109,109,http://localhost:8080/?token=494370254&user=-1356109124&config=2,4671,0,0
1781062264013,4676,Config 2,200,OK,Stress Test 1-32,text,true,,231,158,109,109,http://localhost:8080/?token=494370254&user=-1356109124&config=2,4676,0,0
1781062264017,4672,Config 2,200,OK,Stress Test 1-35,text,true,,231,158,109,109,http://localhost:8080/?token=494370254&user=-1356109124&config=2,4672,0,0
1781062264017,4672,Config 2,200,OK,Stress Test 1-38,text,true,,231,158,109,109,http://localhost:8080/?token=494370254&user=-1356109124&config=2,4672,0,0
1781062265382,3307,Config 2,200,OK,Stress Test 1-39,text,true,,231,158,109,109,http://localhost:8080/?token=494370254&user=-1356109124&config=2,3307,0,0
1781062265380,3308,Config 2,200,OK,Stress Test 1-34,text,true,,231,158,109,109,http://localhost:8080/?token=494370254&user=-1356109124&config=2,3308,0,0
1781062264020,4670,Config 2,200,OK,Stress Test 1-43,text,true,,231,158,109,109,http://localhost:8080/?token=494370254&user=-1356109124&config=2,4670,0,0
1781062264019,4671,Config 2,200,OK,Stress Test 1-41,text,true,,231,158,109,109,http://localhost:8080/?token=494370254&user=-1356109124&config=2,4671,0,0
1781062265381,3309,Config 2,200,OK,Stress Test 1-44,text,true,,231,158,109,109,http://localhost:8080/?token=494370254&user=-1356109124&config=2,3309,0,0
1781062265381,3309,Config 2,200,OK,Stress Test 1-48,text,true,,231,158,109,109,http://localhost:8080/?token=494370254&user=-1356109124&config=2,3309,0,0
1781062265383,3307,Config 2,200,OK,Stress Test 1-50,text,true,,231,158,109,109,http://localhost:8080/?token=494370254&user=-1356109124&config=2,3307,0,0
1781062264021,4671,Config 2,200,OK,Stress Test 1-54,text,true,,231,158,109,109,http://localhost:8080/?token=494370254&user=-1356109124&config=2,4671,0,0
1781062264020,4672,Config 2,200,OK,Stress Test 1-53,text,true,,231,158,109,109,http://localhost:8080/?token=494370254&user=-1356109124&config=2,4672,0,0
1781062265380,3311,Config 2,200,OK,Stress Test 1-56,text,true,,231,158,109,109,http://localhost:8080/?token=494370254&user=-1356109124&config=2,3311,0,0
1781062264013,4680,Config 2,200,OK,Stress Test 1-63,text,true,,231,158,109,109,http://localhost:8080/?token=494370254&user=-1356109124&config=2,4680,0,0
1781062264023,4670,Config 2,200,OK,Stress Test 1-58,text,true,,231,158,109,109,http://localhost:8080/?token=494370254&user=-1356109124&config=2,4670,0,0
1781062264014,4679,Config 2,200,OK,Stress Test 1-68,text,true,,231,158,109,109,http://localhost:8080/?token=494370254&user=-1356109124&config=2,4679,0,0
1781062264021,4673,Config 2,200,OK,Stress Test 1-69,text,true,,231,158,109,109,http://localhost:8080/?token=494370254&user=-1356109124&config=2,4673,0,0
1781062264023,4671,Config 2,200,OK,Stress Test 1-73,text,true,,231,158,109,109,http://localhost:8080/?token=494370254&user=-1356109124&config=2,4671,0,0
1781062264014,4681,Config 2,200,OK,Stress Test 1-84,text,true,,231,158,109,109,http://localhost:8080/?token=494370254&user=-1356109124&config=2,4681,0,0
1781062264014,4681,Config 2,200,OK,Stress Test 1-79,text,true,,231,158,109,109,http://localhost:8080/?token=494370254&user=-1356109124&config=2,4681,0,0
1781062264024,4672,Config 2,200,OK,Stress Test 1-97,text,true,,231,158,109,109,http://localhost:8080/?token=494370254&user=-1356109124&config=2,4672,0,0
1781062264023,4673,Config 2,200,OK,Stress Test 1-91,text,true,,231,158,109,109,http://localhost:8080/?token=494370254&user=-1356109124&config=2,4673,0,0
1781062264425,4270,Config 2,200,OK,Stress Test 1-102,text,true,,231,158,109,109,http://localhost:8080/?token=494370254&user=-1356109124&config=2,4270,0,1
1781062265025,3671,Config 2,200,OK,Stress Test 1-103,text,true,,231,158,109,109,http://localhost:8080/?token=494370254&user=-1356109124&config=2,3671,0,1
1781062265382,4771,Config 2,200,OK,Stress Test 1-37,text,true,,231,158,111,111,http://localhost:8080/?token=494370254&user=-1356109124&config=2,4771,0,0
1781062265382,4773,Config 2,200,OK,Stress Test 1-33,text,true,,231,158,111,111,http://localhost:8080/?token=494370254&user=-1356109124&config=2,4773,0,0
1781062265389,4766,Config 2,200,OK,Stress Test 1-11,text,true,,231,158,111,111,http://localhost:8080/?token=494370254&user=-1356109124&config=2,4766,0,0
1781062265389,4766,Config 2,200,OK,Stress Test 1-10,text,true,,231,158,111,111,http://localhost:8080/?token=494370254&user=-1356109124&config=2,4766,0,0
1781062265387,4768,Config 2,200,OK,Stress Test 1-45,text,true,,231,158,111,111,http://localhost:8080/?token=494370254&user=-1356109124&config=2,4768,0,0
1781062265390,4765,Config 2,200,OK,Stress Test 1-40,text,true,,231,158,111,111,http://localhost:8080/?token=494370254&user=-1356109124&config=2,4765,0,0
1781062265394,4762,Config 2,200,OK,Stress Test 1-98,text,true,,231,158,111,111,http://localhost:8080/?token=494370254&user=-1356109124&config=2,4762,0,0
1781062265391,4765,Config 2,200,OK,Stress Test 1-65,text,true,,231,158,111,111,http://localhost:8080/?token=494370254&user=-1356109124&config=2,4765,0,0
1781062265387,4770,Config 2,200,OK,Stress Test 1-30,text,true,,231,158,111,111,http://localhost:8080/?token=494370254&user=-1356109124&config=2,4770,0,0
1781062265391,4767,Config 2,200,OK,Stress Test 1-61,text,true,,231,158,111,111,http://localhost:8080/?token=494370254&user=-1356109124&config=2,4767,0,0
1781062265384,4774,Config 2,200,OK,Stress Test 1-52,text,true,,231,158,111,111,http://localhost:8080/?token=494370254&user=-1356109124&config=2,4774,0,0
1781062265388,4771,Config 2,200,OK,Stress Test 1-86,text,true,,231,158,111,111,http://localhost:8080/?token=494370254&user=-1356109124&config=2,4771,0,0
1781062265390,4770,Config 2,200,OK,Stress Test 1-26,text,true,,231,158,111,111,http://localhost:8080/?token=494370254&user=-1356109124&config=2,4770,0,0
1781062265389,4771,Config 2,200,OK,Stress Test 1-17,text,true,,231,158,111,111,http://localhost:8080/?token=494370254&user=-1356109124&config=2,4771,0,0
1781062265390,4770,Config 2,200,OK,Stress Test 1-47,text,true,,231,158,111,111,http://localhost:8080/?token=494370254&user=-1356109124&config=2,4770,0,0
1781062265384,4776,Config 2,200,OK,Stress Test 1-59,text,true,,231,158,111,111,http://localhost:8080/?token=494370254&user=-1356109124&config=2,4776,0,0
1781062265388,4772,Config 2,200,OK,Stress Test 1-60,text,true,,231,158,111,111,http://localhost:8080/?token=494370254&user=-1356109124&config=2,4772,0,0
1781062265388,4773,Config 2,200,OK,Stress Test 1-66,text,true,,231,158,111,111,http://localhost:8080/?token=494370254&user=-1356109124&config=2,4773,0,0
1781062265392,4769,Config 2,200,OK,Stress Test 1-74,text,true,,231,158,111,111,http://localhost:8080/?token=494370254&user=-1356109124&config=2,4769,0,0
1781062265392,4769,Config 2,200,OK,Stress Test 1-75,text,true,,231,158,111,111,http://localhost:8080/?token=494370254&user=-1356109124&config=2,4769,0,0
1781062265387,4775,Config 2,200,OK,Stress Test 1-80,text,true,,231,158,111,111,http://localhost:8080/?token=494370254&user=-1356109124&config=2,4775,0,0
1781062265387,4775,Config 2,200,OK,Stress Test 1-81,text,true,,231,158,111,111,http://localhost:8080/?token=494370254&user=-1356109124&config=2,4775,0,0
1781062265381,4781,Config 2,200,OK,Stress Test 1-96,text,true,,231,158,111,111,http://localhost:8080/?token=494370254&user=-1356109124&config=2,4781,0,0
1781062265393,4769,Config 2,200,OK,Stress Test 1-85,text,true,,231,158,111,111,http://localhost:8080/?token=494370254&user=-1356109124&config=2,4769,0,0
1781062266774,3389,Config 2,200,OK,Stress Test 1-57,text,true,,231,158,111,111,http://localhost:8080/?token=494370254&user=-1356109124&config=2,3389,0,0
1781062266775,3389,Config 2,200,OK,Stress Test 1-67,text,true,,231,158,111,111,http://localhost:8080/?token=494370254&user=-1356109124&config=2,3389,0,0
1781062265386,4778,Config 2,200,OK,Stress Test 1-71,text,true,,231,158,111,111,http://localhost:8080/?token=494370254&user=-1356109124&config=2,4778,0,0
1781062265386,4777,Config 2,200,OK,Stress Test 1-62,text,true,,231,158,111,111,http://localhost:8080/?token=494370254&user=-1356109124&config=2,4777,0,0
1781062265393,4773,Config 2,200,OK,Stress Test 1-92,text,true,,231,158,111,111,http://localhost:8080/?token=494370254&user=-1356109124&config=2,4773,0,0
1781062266771,3395,Config 2,200,OK,Stress Test 1-77,text,true,,231,158,111,111,http://localhost:8080/?token=494370254&user=-1356109124&config=2,3395,0,0
1781062265382,4786,Config 2,200,OK,Stress Test 1-3,text,true,,231,158,111,111,http://localhost:8080/?token=494370254&user=-1356109124&config=2,4786,0,4
1781062266771,3397,Config 2,200,OK,Stress Test 1-99,text,true,,231,158,111,111,http://localhost:8080/?token=494370254&user=-1356109124&config=2,3397,0,0
1781062265389,4780,Config 2,200,OK,Stress Test 1-1,text,true,,231,158,111,111,http://localhost:8080/?token=494370254&user=-1356109124&config=2,4780,0,2
1781062266774,3396,Config 2,200,OK,Stress Test 1-7,text,true,,231,158,111,111,http://localhost:8080/?token=494370254&user=-1356109124&config=2,3396,0,0
1781062266774,3396,Config 2,200,OK,Stress Test 1-14,text,true,,231,158,111,111,http://localhost:8080/?token=494370254&user=-1356109124&config=2,3396,0,0
1781062266775,3396,Config 2,200,OK,Stress Test 1-93,text,true,,231,158,111,111,http://localhost:8080/?token=494370254&user=-1356109124&config=2,3396,0,0
1781062266216,5370,Config 2,200,OK,Stress Test 1-105,text,true,,231,158,113,113,http://localhost:8080/?token=494370254&user=-1356109124&config=2,5370,0,2
1781062265618,5968,Config 2,200,OK,Stress Test 1-104,text,true,,231,158,113,113,http://localhost:8080/?token=494370254&user=-1356109124&config=2,5968,0,0
1781062266776,4843,Config 2,200,OK,Stress Test 1-78,text,true,,231,158,114,114,http://localhost:8080/?token=494370254&user=-1356109124&config=2,4843,0,0
1781062266778,4848,Config 2,200,OK,Stress Test 1-13,text,true,,231,158,114,114,http://localhost:8080/?token=494370254&user=-1356109124&config=2,4848,0,0
1781062266787,4839,Config 2,200,OK,Stress Test 1-9,text,true,,231,158,114,114,http://localhost:8080/?token=494370254&user=-1356109124&config=2,4839,0,0
1781062266788,4838,Config 2,200,OK,Stress Test 1-36,text,true,,231,158,114,114,http://localhost:8080/?token=494370254&user=-1356109124&config=2,4838,0,0
1781062266784,4842,Config 2,200,OK,Stress Test 1-27,text,true,,231,158,114,114,http://localhost:8080/?token=494370254&user=-1356109124&config=2,4842,0,0
1781062266784,4842,Config 2,200,OK,Stress Test 1-21,text,true,,231,158,114,114,http://localhost:8080/?token=494370254&user=-1356109124&config=2,4842,0,0
1781062266788,4838,Config 2,200,OK,Stress Test 1-42,text,true,,231,158,114,114,http://localhost:8080/?token=494370254&user=-1356109124&config=2,4838,0,0
1781062266785,4841,Config 2,200,OK,Stress Test 1-46,text,true,,231,158,114,114,http://localhost:8080/?token=494370254&user=-1356109124&config=2,4841,0,0
1781062266779,4847,Config 2,200,OK,Stress Test 1-49,text,true,,231,158,114,114,http://localhost:8080/?token=494370254&user=-1356109124&config=2,4847,0,0
1781062266779,4847,Config 2,200,OK,Stress Test 1-51,text,true,,231,158,114,114,http://localhost:8080/?token=494370254&user=-1356109124&config=2,4847,0,0
1781062266779,4847,Config 2,200,OK,Stress Test 1-55,text,true,,231,158,114,114,http://localhost:8080/?token=494370254&user=-1356109124&config=2,4847,0,0
1781062266780,4847,Config 2,200,OK,Stress Test 1-64,text,true,,231,158,114,114,http://localhost:8080/?token=494370254&user=-1356109124&config=2,4847,0,0
1781062266780,4847,Config 2,200,OK,Stress Test 1-76,text,true,,231,158,114,114,http://localhost:8080/?token=494370254&user=-1356109124&config=2,4847,0,0
1781062266785,4842,Config 2,200,OK,Stress Test 1-70,text,true,,231,158,114,114,http://localhost:8080/?token=494370254&user=-1356109124&config=2,4842,0,0
1781062266776,4851,Config 2,200,OK,Stress Test 1-72,text,true,,231,158,114,114,http://localhost:8080/?token=494370254&user=-1356109124&config=2,4851,0,0
1781062266780,4847,Config 2,200,OK,Stress Test 1-82,text,true,,231,158,114,114,http://localhost:8080/?token=494370254&user=-1356109124&config=2,4847,0,0
1781062266786,4841,Config 2,200,OK,Stress Test 1-87,text,true,,231,158,114,114,http://localhost:8080/?token=494370254&user=-1356109124&config=2,4841,0,0
1781062266776,4851,Config 2,200,OK,Stress Test 1-88,text,true,,231,158,114,114,http://localhost:8080/?token=494370254&user=-1356109124&config=2,4851,0,0
1781062266782,4845,Config 2,200,OK,Stress Test 1-94,text,true,,231,158,114,114,http://localhost:8080/?token=494370254&user=-1356109124&config=2,4845,0,0
1781062266787,4845,Config 2,200,OK,Stress Test 1-29,text,true,,231,158,114,114,http://localhost:8080/?token=494370254&user=-1356109124&config=2,4845,0,0
1781062266788,4844,Config 2,200,OK,Stress Test 1-95,text,true,,231,158,114,114,http://localhost:8080/?token=494370254&user=-1356109124&config=2,4844,0,0
1781062266787,4845,Config 2,200,OK,Stress Test 1-31,text,true,,231,158,114,114,http://localhost:8080/?token=494370254&user=-1356109124&config=2,4845,0,0
1781062267411,4222,Config 2,200,OK,Stress Test 1-107,text,true,,231,158,114,114,http://localhost:8080/?token=494370254&user=-1356109124&config=2,4222,0,0
1781062268018,3615,Config 2,200,OK,Stress Test 1-108,text,true,,231,158,114,114,http://localhost:8080/?token=494370254&user=-1356109124&config=2,3615,0,1
1781062268685,2949,Config 2,200,OK,Stress Test 1-15,text,true,,231,158,114,114,http://localhost:8080/?token=494370254&user=-1356109124&config=2,2949,0,0
1781062268690,2951,Config 2,200,OK,Stress Test 1-41,text,true,,231,158,114,114,http://localhost:8080/?token=494370254&user=-1356109124&config=2,2951,0,0
1781062268691,2950,Config 2,200,OK,Stress Test 1-54,text,true,,231,158,114,114,http://localhost:8080/?token=494370254&user=-1356109124&config=2,2950,0,0
1781062268692,2950,Config 2,200,OK,Stress Test 1-63,text,true,,231,158,114,114,http://localhost:8080/?token=494370254&user=-1356109124&config=2,2950,0,0
1781062268694,2948,Config 2,200,OK,Stress Test 1-69,text,true,,231,158,114,114,http://localhost:8080/?token=494370254&user=-1356109124&config=2,2948,0,0
1781062268689,2953,Config 2,200,OK,Stress Test 1-34,text,true,,231,158,114,114,http://localhost:8080/?token=494370254&user=-1356109124&config=2,2953,0,0
1781062268694,2948,Config 2,200,OK,Stress Test 1-73,text,true,,231,158,114,114,http://localhost:8080/?token=494370254&user=-1356109124&config=2,2948,0,0
1781062266781,4863,Config 2,200,OK,Stress Test 1-83,text,true,,231,158,114,114,http://localhost:8080/?token=494370254&user=-1356109124&config=2,4863,0,0
1781062268695,2950,Config 2,200,OK,Stress Test 1-84,text,true,,231,158,114,114,http://localhost:8080/?token=494370254&user=-1356109124&config=2,2950,0,0
1781062266781,4865,Config 2,200,OK,Stress Test 1-89,text,true,,231,158,114,114,http://localhost:8080/?token=494370254&user=-1356109124&config=2,4865,0,0
1781062266782,4864,Config 2,200,OK,Stress Test 1-90,text,true,,231,158,114,114,http://localhost:8080/?token=494370254&user=-1356109124&config=2,4864,0,0
1781062268695,2952,Config 2,200,OK,Stress Test 1-97,text,true,,231,158,114,114,http://localhost:8080/?token=494370254&user=-1356109124&config=2,2952,0,0
1781062266789,4859,Config 2,200,OK,Stress Test 1-100,text,true,,231,158,114,114,http://localhost:8080/?token=494370254&user=-1356109124&config=2,4859,0,0
1781062268663,2985,Config 2,200,OK,Stress Test 1-101,text,true,,231,158,114,114,http://localhost:8080/?token=494370254&user=-1356109124&config=2,2985,0,0
1781062266777,4872,Config 2,200,OK,Stress Test 1-2,text,true,,231,158,114,114,http://localhost:8080/?token=494370254&user=-1356109124&config=2,4872,0,4
1781062266777,4872,Config 2,200,OK,Stress Test 1-4,text,true,,231,158,114,114,http://localhost:8080/?token=494370254&user=-1356109124&config=2,4872,0,3
1781062266815,4835,Config 2,200,OK,Stress Test 1-106,text,true,,231,158,114,114,http://localhost:8080/?token=494370254&user=-1356109124&config=2,4835,0,1
1781062268618,3032,Config 2,200,OK,Stress Test 1-109,text,true,,231,158,114,114,http://localhost:8080/?token=494370254&user=-1356109124&config=2,3032,0,1
1781062268686,4221,Config 2,200,OK,Stress Test 1-20,text,true,,231,158,116,116,http://localhost:8080/?token=494370254&user=-1356109124&config=2,4221,0,0
1781062268685,4222,Config 2,200,OK,Stress Test 1-18,text,true,,231,158,116,116,http://localhost:8080/?token=494370254&user=-1356109124&config=2,4222,0,0
1781062268687,4221,Config 2,200,OK,Stress Test 1-23,text,true,,231,158,116,116,http://localhost:8080/?token=494370254&user=-1356109124&config=2,4221,0,0
1781062268690,4219,Config 2,200,OK,Stress Test 1-50,text,true,,231,158,116,116,http://localhost:8080/?token=494370254&user=-1356109124&config=2,4218,0,0
1781062268695,4214,Config 2,200,OK,Stress Test 1-79,text,true,,231,158,116,116,http://localhost:8080/?token=494370254&user=-1356109124&config=2,4214,0,0
1781062268695,4214,Config 2,200,OK,Stress Test 1-91,text,true,,231,158,116,116,http://localhost:8080/?token=494370254&user=-1356109124&config=2,4214,0,0
1781062268696,4213,Config 2,200,OK,Stress Test 1-103,text,true,,231,158,116,116,http://localhost:8080/?token=494370254&user=-1356109124&config=2,4213,0,0
1781062268663,4246,Config 2,200,OK,Stress Test 1-5,text,true,,231,158,116,116,http://localhost:8080/?token=494370254&user=-1356109124&config=2,4246,0,1
1781062268687,4222,Config 2,200,OK,Stress Test 1-24,text,true,,231,158,116,116,http://localhost:8080/?token=494370254&user=-1356109124&config=2,4222,0,0
1781062268681,4228,Config 2,200,OK,Stress Test 1-12,text,true,,231,158,116,116,http://localhost:8080/?token=494370254&user=-1356109124&config=2,4228,0,0
1781062268688,4221,Config 2,200,OK,Stress Test 1-32,text,true,,231,158,116,116,http://localhost:8080/?token=494370254&user=-1356109124&config=2,4221,0,0
1781062268690,4219,Config 2,200,OK,Stress Test 1-43,text,true,,231,158,116,116,http://localhost:8080/?token=494370254&user=-1356109124&config=2,4219,0,0
1781062268690,4219,Config 2,200,OK,Stress Test 1-48,text,true,,231,158,116,116,http://localhost:8080/?token=494370254&user=-1356109124&config=2,4219,0,0
1781062268692,4218,Config 2,200,OK,Stress Test 1-68,text,true,,231,158,116,116,http://localhost:8080/?token=494370254&user=-1356109124&config=2,4218,0,0
1781062268685,4228,Config 2,200,OK,Stress Test 1-16,text,true,,231,158,116,116,http://localhost:8080/?token=494370254&user=-1356109124&config=2,4228,0,0
1781062268686,4227,Config 2,200,OK,Stress Test 1-19,text,true,,231,158,116,116,http://localhost:8080/?token=494370254&user=-1356109124&config=2,4227,0,0
1781062268687,4228,Config 2,200,OK,Stress Test 1-22,text,true,,231,158,116,116,http://localhost:8080/?token=494370254&user=-1356109124&config=2,4228,0,0
1781062268688,4228,Config 2,200,OK,Stress Test 1-25,text,true,,231,158,116,116,http://localhost:8080/?token=494370254&user=-1356109124&config=2,4228,0,0
1781062268688,4228,Config 2,200,OK,Stress Test 1-28,text,true,,231,158,116,116,http://localhost:8080/?token=494370254&user=-1356109124&config=2,4228,0,0
1781062270159,2759,Config 2,200,OK,Stress Test 1-30,text,true,,231,158,116,116,http://localhost:8080/?token=494370254&user=-1356109124&config=2,2759,0,0
1781062270156,2762,Config 2,200,OK,Stress Test 1-33,text,true,,231,158,116,116,http://localhost:8080/?token=494370254&user=-1356109124&config=2,2762,0,0
1781062268689,4228,Config 2,200,OK,Stress Test 1-35,text,true,,231,158,116,116,http://localhost:8080/?token=494370254&user=-1356109124&config=2,4228,0,0
1781062270155,2764,Config 2,200,OK,Stress Test 1-37,text,true,,231,158,116,116,http://localhost:8080/?token=494370254&user=-1356109124&config=2,2764,0,0
1781062268689,4229,Config 2,200,OK,Stress Test 1-38,text,true,,231,158,116,116,http://localhost:8080/?token=494370254&user=-1356109124&config=2,4229,0,0
1781062268689,4230,Config 2,200,OK,Stress Test 1-39,text,true,,231,158,116,116,http://localhost:8080/?token=494370254&user=-1356109124&config=2,4230,0,0
1781062268690,4230,Config 2,200,OK,Stress Test 1-44,text,true,,231,158,116,116,http://localhost:8080/?token=494370254&user=-1356109124&config=2,4230,0,0
1781062270157,2764,Config 2,200,OK,Stress Test 1-45,text,true,,231,158,116,116,http://localhost:8080/?token=494370254&user=-1356109124&config=2,2764,0,0
1781062268691,4230,Config 2,200,OK,Stress Test 1-53,text,true,,231,158,116,116,http://localhost:8080/?token=494370254&user=-1356109124&config=2,4230,0,0
1781062268691,4231,Config 2,200,OK,Stress Test 1-56,text,true,,231,158,116,116,http://localhost:8080/?token=494370254&user=-1356109124&config=2,4231,0,0
1781062268692,4230,Config 2,200,OK,Stress Test 1-58,text,true,,231,158,116,116,http://localhost:8080/?token=494370254&user=-1356109124&config=2,4230,0,0
1781062270158,2766,Config 2,200,OK,Stress Test 1-65,text,true,,231,158,116,116,http://localhost:8080/?token=494370254&user=-1356109124&config=2,2766,0,0
1781062270158,2766,Config 2,200,OK,Stress Test 1-98,text,true,,231,158,116,116,http://localhost:8080/?token=494370254&user=-1356109124&config=2,2766,0,0
1781062268696,4229,Config 2,200,OK,Stress Test 1-102,text,true,,231,158,116,116,http://localhost:8080/?token=494370254&user=-1356109124&config=2,4229,0,0
1781062268681,4244,Config 2,200,OK,Stress Test 1-8,text,true,,231,158,116,116,http://localhost:8080/?token=494370254&user=-1356109124&config=2,4244,0,4
1781062269815,3114,Config 2,200,OK,Stress Test 1-111,text,true,,231,158,116,116,http://localhost:8080/?token=494370254&user=-1356109124&config=2,3114,0,3
1781062269211,3718,Config 2,200,OK,Stress Test 1-110,text,true,,231,158,116,116,http://localhost:8080/?token=494370254&user=-1356109124&config=2,3718,0,1
1781062270157,2773,Config 2,200,OK,Stress Test 1-40,text,true,,231,158,116,116,http://localhost:8080/?token=494370254&user=-1356109124&config=2,2773,0,0
1781062270171,2759,Config 2,200,OK,Stress Test 1-14,text,true,,231,158,116,116,http://localhost:8080/?token=494370254&user=-1356109124&config=2,2759,0,0
1781062270163,2769,Config 2,200,OK,Stress Test 1-75,text,true,,231,158,116,116,http://localhost:8080/?token=494370254&user=-1356109124&config=2,2769,0,0
1781062268681,4250,Config 2,200,OK,Stress Test 1-6,text,true,,231,158,116,116,http://localhost:8080/?token=494370254&user=-1356109124&config=2,4250,0,5
1781062270161,4670,Config 2,200,OK,Stress Test 1-26,text,true,,231,158,119,119,http://localhost:8080/?token=494370254&user=-1356109124&config=2,4670,0,0
1781062270162,4669,Config 2,200,OK,Stress Test 1-17,text,true,,231,158,119,119,http://localhost:8080/?token=494370254&user=-1356109124&config=2,4669,0,0
1781062270166,4667,Config 2,200,OK,Stress Test 1-71,text,true,,231,158,119,119,http://localhost:8080/?token=494370254&user=-1356109124&config=2,4667,0,0
1781062270162,4671,Config 2,200,OK,Stress Test 1-74,text,true,,231,158,119,119,http://localhost:8080/?token=494370254&user=-1356109124&config=2,4671,0,0
1781062270160,4682,Config 2,200,OK,Stress Test 1-52,text,true,,231,158,119,119,http://localhost:8080/?token=494370254&user=-1356109124&config=2,4682,0,0
1781062270161,4681,Config 2,200,OK,Stress Test 1-47,text,true,,231,158,119,119,http://localhost:8080/?token=494370254&user=-1356109124&config=2,4681,0,0
1781062270165,4678,Config 2,200,OK,Stress Test 1-57,text,true,,231,158,119,119,http://localhost:8080/?token=494370254&user=-1356109124&config=2,4678,0,0
1781062270161,4682,Config 2,200,OK,Stress Test 1-59,text,true,,231,158,119,119,http://localhost:8080/?token=494370254&user=-1356109124&config=2,4682,0,0
1781062270162,4681,Config 2,200,OK,Stress Test 1-60,text,true,,231,158,119,119,http://localhost:8080/?token=494370254&user=-1356109124&config=2,4681,0,0
1781062270160,4683,Config 2,200,OK,Stress Test 1-61,text,true,,231,158,119,119,http://localhost:8080/?token=494370254&user=-1356109124&config=2,4683,0,0
1781062270166,4678,Config 2,200,OK,Stress Test 1-62,text,true,,231,158,119,119,http://localhost:8080/?token=494370254&user=-1356109124&config=2,4678,0,0
1781062270168,4676,Config 2,200,OK,Stress Test 1-77,text,true,,231,158,119,119,http://localhost:8080/?token=494370254&user=-1356109124&config=2,4676,0,0
1781062270162,4682,Config 2,200,OK,Stress Test 1-66,text,true,,231,158,119,119,http://localhost:8080/?token=494370254&user=-1356109124&config=2,4682,0,0
1781062270164,4680,Config 2,200,OK,Stress Test 1-85,text,true,,231,158,119,119,http://localhost:8080/?token=494370254&user=-1356109124&config=2,4680,0,0
1781062270165,4679,Config 2,200,OK,Stress Test 1-67,text,true,,231,158,119,119,http://localhost:8080/?token=494370254&user=-1356109124&config=2,4679,0,0
1781062270163,4681,Config 2,200,OK,Stress Test 1-80,text,true,,231,158,119,119,http://localhost:8080/?token=494370254&user=-1356109124&config=2,4681,0,0
1781062270163,4681,Config 2,200,OK,Stress Test 1-81,text,true,,231,158,119,119,http://localhost:8080/?token=494370254&user=-1356109124&config=2,4681,0,0
1781062270160,4685,Config 2,200,OK,Stress Test 1-86,text,true,,231,158,119,119,http://localhost:8080/?token=494370254&user=-1356109124&config=2,4685,0,0
1781062270172,4673,Config 2,200,OK,Stress Test 1-93,text,true,,231,158,119,119,http://localhost:8080/?token=494370254&user=-1356109124&config=2,4673,0,0
1781062270168,4677,Config 2,200,OK,Stress Test 1-92,text,true,,231,158,119,119,http://localhost:8080/?token=494370254&user=-1356109124&config=2,4677,0,0
1781062270170,4676,Config 2,200,OK,Stress Test 1-99,text,true,,231,158,119,119,http://localhost:8080/?token=494370254&user=-1356109124&config=2,4676,0,0
1781062270170,4676,Config 2,200,OK,Stress Test 1-3,text,true,,231,158,119,119,http://localhost:8080/?token=494370254&user=-1356109124&config=2,4676,0,0
1781062270164,4682,Config 2,200,OK,Stress Test 1-96,text,true,,231,158,119,119,http://localhost:8080/?token=494370254&user=-1356109124&config=2,4682,0,0
1781062270170,4677,Config 2,200,OK,Stress Test 1-1,text,true,,231,158,119,119,http://localhost:8080/?token=494370254&user=-1356109124&config=2,4677,0,0
1781062270157,4690,Config 2,200,OK,Stress Test 1-11,text,true,,231,158,119,119,http://localhost:8080/?token=494370254&user=-1356109124&config=2,4690,0,1
1781062271588,3260,Config 2,200,OK,Stress Test 1-104,text,true,,231,158,119,119,http://localhost:8080/?token=494370254&user=-1356109124&config=2,3260,0,0
1781062271588,3260,Config 2,200,OK,Stress Test 1-105,text,true,,231,158,119,119,http://localhost:8080/?token=494370254&user=-1356109124&config=2,3260,0,0
1781062270418,4432,Config 2,200,OK,Stress Test 1-112,text,true,,231,158,119,119,http://localhost:8080/?token=494370254&user=-1356109124&config=2,4432,0,2
1781062270157,4693,Config 2,200,OK,Stress Test 1-10,text,true,,231,158,119,119,http://localhost:8080/?token=494370254&user=-1356109124&config=2,4693,0,1
1781062271019,3831,Config 2,200,OK,Stress Test 1-113,text,true,,231,158,119,119,http://localhost:8080/?token=494370254&user=-1356109124&config=2,3831,0,2
1781062271641,3210,Config 2,200,OK,Stress Test 1-15,text,true,,231,158,119,119,http://localhost:8080/?token=494370254&user=-1356109124&config=2,3210,0,0
1781062271643,3208,Config 2,200,OK,Stress Test 1-63,text,true,,231,158,119,119,http://localhost:8080/?token=494370254&user=-1356109124&config=2,3208,0,0
1781062271621,3231,Config 2,200,OK,Stress Test 1-78,text,true,,231,158,119,119,http://localhost:8080/?token=494370254&user=-1356109124&config=2,3231,0,0
1781062271632,3221,Config 2,200,OK,Stress Test 1-88,text,true,,231,158,119,119,http://localhost:8080/?token=494370254&user=-1356109124&config=2,3221,0,0
1781062270171,4682,Config 2,200,OK,Stress Test 1-7,text,true,,231,158,119,119,http://localhost:8080/?token=494370254&user=-1356109124&config=2,4682,0,2
1781062271642,3212,Config 2,200,OK,Stress Test 1-41,text,true,,231,158,119,119,http://localhost:8080/?token=494370254&user=-1356109124&config=2,3212,0,0
1781062271635,3219,Config 2,200,OK,Stress Test 1-107,text,true,,231,158,119,119,http://localhost:8080/?token=494370254&user=-1356109124&config=2,3219,0,0
1781062271630,3224,Config 2,200,OK,Stress Test 1-49,text,true,,231,158,119,119,http://localhost:8080/?token=494370254&user=-1356109124&config=2,3224,0,0
1781062271643,3212,Config 2,200,OK,Stress Test 1-54,text,true,,231,158,119,119,http://localhost:8080/?token=494370254&user=-1356109124&config=2,3212,0,0
1781062271645,3210,Config 2,200,OK,Stress Test 1-83,text,true,,231,158,119,119,http://localhost:8080/?token=494370254&user=-1356109124&config=2,3210,0,0
1781062271644,3211,Config 2,200,OK,Stress Test 1-73,text,true,,231,158,119,119,http://localhost:8080/?token=494370254&user=-1356109124&config=2,3211,0,0
1781062271647,3209,Config 2,200,OK,Stress Test 1-89,text,true,,231,158,119,119,http://localhost:8080/?token=494370254&user=-1356109124&config=2,3209,0,0
1781062271649,3207,Config 2,200,OK,Stress Test 1-97,text,true,,231,158,119,119,http://localhost:8080/?token=494370254&user=-1356109124&config=2,3207,0,0
1781062271646,3210,Config 2,200,OK,Stress Test 1-84,text,true,,231,158,119,119,http://localhost:8080/?token=494370254&user=-1356109124&config=2,3210,0,0
1781062271650,3207,Config 2,200,OK,Stress Test 1-2,text,true,,231,158,119,119,http://localhost:8080/?token=494370254&user=-1356109124&config=2,3207,0,0
1781062271635,4648,Config 2,200,OK,Stress Test 1-108,text,true,,231,158,121,121,http://localhost:8080/?token=494370254&user=-1356109124&config=2,4648,0,0
1781062271629,4655,Config 2,200,OK,Stress Test 1-27,text,true,,231,158,121,121,http://localhost:8080/?token=494370254&user=-1356109124&config=2,4655,0,0
1781062271644,4640,Config 2,200,OK,Stress Test 1-69,text,true,,231,158,121,121,http://localhost:8080/?token=494370254&user=-1356109124&config=2,4640,0,0
1781062271644,4640,Config 2,200,OK,Stress Test 1-34,text,true,,231,158,121,121,http://localhost:8080/?token=494370254&user=-1356109124&config=2,4640,0,0
1781062271631,4653,Config 2,200,OK,Stress Test 1-70,text,true,,231,158,121,121,http://localhost:8080/?token=494370254&user=-1356109124&config=2,4653,0,0
1781062271632,4652,Config 2,200,OK,Stress Test 1-87,text,true,,231,158,121,121,http://localhost:8080/?token=494370254&user=-1356109124&config=2,4652,0,0
1781062271631,4653,Config 2,200,OK,Stress Test 1-76,text,true,,231,158,121,121,http://localhost:8080/?token=494370254&user=-1356109124&config=2,4653,0,0
1781062271649,4635,Config 2,200,OK,Stress Test 1-100,text,true,,231,158,121,121,http://localhost:8080/?token=494370254&user=-1356109124&config=2,4635,0,0
1781062271648,4636,Config 2,200,OK,Stress Test 1-90,text,true,,231,158,121,121,http://localhost:8080/?token=494370254&user=-1356109124&config=2,4636,0,0
1781062271631,4653,Config 2,200,OK,Stress Test 1-72,text,true,,231,158,121,121,http://localhost:8080/?token=494370254&user=-1356109124&config=2,4653,0,0
1781062271651,4634,Config 2,200,OK,Stress Test 1-106,text,true,,231,158,121,121,http://localhost:8080/?token=494370254&user=-1356109124&config=2,4634,0,0
1781062271649,4636,Config 2,200,OK,Stress Test 1-101,text,true,,231,158,121,121,http://localhost:8080/?token=494370254&user=-1356109124&config=2,4636,0,0
1781062271629,4657,Config 2,200,OK,Stress Test 1-21,text,true,,231,158,121,121,http://localhost:8080/?token=494370254&user=-1356109124&config=2,4657,0,0
1781062271629,4657,Config 2,200,OK,Stress Test 1-36,text,true,,231,158,121,121,http://localhost:8080/?token=494370254&user=-1356109124&config=2,4657,0,0
1781062271630,4656,Config 2,200,OK,Stress Test 1-46,text,true,,231,158,121,121,http://localhost:8080/?token=494370254&user=-1356109124&config=2,4656,0,0
1781062271631,4656,Config 2,200,OK,Stress Test 1-55,text,true,,231,158,121,121,http://localhost:8080/?token=494370254&user=-1356109124&config=2,4656,0,0
1781062271633,4654,Config 2,200,OK,Stress Test 1-95,text,true,,231,158,121,121,http://localhost:8080/?token=494370254&user=-1356109124&config=2,4654,0,0
1781062272929,3359,Config 2,200,OK,Stress Test 1-111,text,true,,231,158,121,121,http://localhost:8080/?token=494370254&user=-1356109124&config=2,3359,0,0
1781062272217,4071,Config 2,200,OK,Stress Test 1-115,text,true,,231,158,121,121,http://localhost:8080/?token=494370254&user=-1356109124&config=2,4071,0,2
1781062271606,4682,Config 2,200,OK,Stress Test 1-114,text,true,,231,158,121,121,http://localhost:8080/?token=494370254&user=-1356109124&config=2,4682,0,1
1781062272909,3380,Config 2,200,OK,Stress Test 1-18,text,true,,231,158,121,121,http://localhost:8080/?token=494370254&user=-1356109124&config=2,3380,0,0
1781062272909,3380,Config 2,200,OK,Stress Test 1-20,text,true,,231,158,121,121,http://localhost:8080/?token=494370254&user=-1356109124&config=2,3380,0,0
1781062272915,3374,Config 2,200,OK,Stress Test 1-19,text,true,,231,158,121,121,http://localhost:8080/?token=494370254&user=-1356109124&config=2,3374,0,0
1781062271633,4658,Config 2,200,OK,Stress Test 1-29,text,true,,231,158,121,121,http://localhost:8080/?token=494370254&user=-1356109124&config=2,4658,0,0
1781062272919,3373,Config 2,200,OK,Stress Test 1-35,text,true,,231,158,121,121,http://localhost:8080/?token=494370254&user=-1356109124&config=2,3373,0,0
1781062271633,4659,Config 2,200,OK,Stress Test 1-31,text,true,,231,158,121,121,http://localhost:8080/?token=494370254&user=-1356109124&config=2,4659,0,0
1781062271630,4662,Config 2,200,OK,Stress Test 1-42,text,true,,231,158,121,121,http://localhost:8080/?token=494370254&user=-1356109124&config=2,4662,0,0
1781062271631,4662,Config 2,200,OK,Stress Test 1-51,text,true,,231,158,121,121,http://localhost:8080/?token=494370254&user=-1356109124&config=2,4662,0,0
1781062271631,4663,Config 2,200,OK,Stress Test 1-64,text,true,,231,158,121,121,http://localhost:8080/?token=494370254&user=-1356109124&config=2,4663,0,0
1781062271631,4663,Config 2,200,OK,Stress Test 1-82,text,true,,231,158,121,121,http://localhost:8080/?token=494370254&user=-1356109124&config=2,4663,0,0
1781062271650,4645,Config 2,200,OK,Stress Test 1-4,text,true,,231,158,121,121,http://localhost:8080/?token=494370254&user=-1356109124&config=2,4645,0,0
1781062271632,4663,Config 2,200,OK,Stress Test 1-94,text,true,,231,158,121,121,http://localhost:8080/?token=494370254&user=-1356109124&config=2,4663,0,0
1781062271652,4643,Config 2,200,OK,Stress Test 1-109,text,true,,231,158,121,121,http://localhost:8080/?token=494370254&user=-1356109124&config=2,4643,0,0
1781062271627,4669,Config 2,200,OK,Stress Test 1-13,text,true,,231,158,121,121,http://localhost:8080/?token=494370254&user=-1356109124&config=2,4669,0,5
1781062271629,4667,Config 2,200,OK,Stress Test 1-9,text,true,,231,158,121,121,http://localhost:8080/?token=494370254&user=-1356109124&config=2,4667,0,1
1781062272917,3380,Config 2,200,OK,Stress Test 1-22,text,true,,231,158,121,121,http://localhost:8080/?token=494370254&user=-1356109124&config=2,3380,0,0
1781062272917,3380,Config 2,200,OK,Stress Test 1-25,text,true,,231,158,121,121,http://localhost:8080/?token=494370254&user=-1356109124&config=2,3380,0,0
1781062272918,3379,Config 2,200,OK,Stress Test 1-28,text,true,,231,158,121,121,http://localhost:8080/?token=494370254&user=-1356109124&config=2,3379,0,0
1781062272920,3378,Config 2,200,OK,Stress Test 1-39,text,true,,231,158,121,121,http://localhost:8080/?token=494370254&user=-1356109124&config=2,3378,0,0
1781062272923,3375,Config 2,200,OK,Stress Test 1-53,text,true,,231,158,121,121,http://localhost:8080/?token=494370254&user=-1356109124&config=2,3375,0,0
1781062272920,3378,Config 2,200,OK,Stress Test 1-38,text,true,,231,158,121,121,http://localhost:8080/?token=494370254&user=-1356109124&config=2,3378,0,0
1781062272923,3376,Config 2,200,OK,Stress Test 1-56,text,true,,231,158,121,121,http://localhost:8080/?token=494370254&user=-1356109124&config=2,3376,0,0
1781062272912,5287,Config 2,200,OK,Stress Test 1-43,text,true,,231,158,124,124,http://localhost:8080/?token=494370254&user=-1356109124&config=2,5287,0,0
1781062272808,5391,Config 2,200,OK,Stress Test 1-116,text,true,,231,158,124,124,http://localhost:8080/?token=494370254&user=-1356109124&config=2,5391,0,2
1781062272926,5273,Config 2,200,OK,Stress Test 1-102,text,true,,231,158,124,124,http://localhost:8080/?token=494370254&user=-1356109124&config=2,5273,0,0
1781062272910,5300,Config 2,200,OK,Stress Test 1-23,text,true,,231,158,124,124,http://localhost:8080/?token=494370254&user=-1356109124&config=2,5300,0,0
1781062272929,5281,Config 2,200,OK,Stress Test 1-110,text,true,,231,158,124,124,http://localhost:8080/?token=494370254&user=-1356109124&config=2,5281,0,0
1781062272919,5293,Config 2,200,OK,Stress Test 1-30,text,true,,231,158,124,124,http://localhost:8080/?token=494370254&user=-1356109124&config=2,5293,0,0
1781062272919,5293,Config 2,200,OK,Stress Test 1-33,text,true,,231,158,124,124,http://localhost:8080/?token=494370254&user=-1356109124&config=2,5293,0,0
1781062272920,5292,Config 2,200,OK,Stress Test 1-37,text,true,,231,158,124,124,http://localhost:8080/?token=494370254&user=-1356109124&config=2,5292,0,0
1781062272922,5291,Config 2,200,OK,Stress Test 1-44,text,true,,231,158,124,124,http://localhost:8080/?token=494370254&user=-1356109124&config=2,5291,0,0
1781062272930,5283,Config 2,200,OK,Stress Test 1-40,text,true,,231,158,124,124,http://localhost:8080/?token=494370254&user=-1356109124&config=2,5283,0,0
1781062272922,5291,Config 2,200,OK,Stress Test 1-45,text,true,,231,158,124,124,http://localhost:8080/?token=494370254&user=-1356109124&config=2,5291,0,0
1781062272912,5301,Config 2,200,OK,Stress Test 1-48,text,true,,231,158,124,124,http://localhost:8080/?token=494370254&user=-1356109124&config=2,5301,0,0
1781062272924,5289,Config 2,200,OK,Stress Test 1-58,text,true,,231,158,124,124,http://localhost:8080/?token=494370254&user=-1356109124&config=2,5289,0,0
1781062272910,5303,Config 2,200,OK,Stress Test 1-50,text,true,,231,158,124,124,http://localhost:8080/?token=494370254&user=-1356109124&config=2,5303,0,0
1781062272912,5301,Config 2,200,OK,Stress Test 1-68,text,true,,231,158,124,124,http://localhost:8080/?token=494370254&user=-1356109124&config=2,5301,0,0
1781062272924,5289,Config 2,200,OK,Stress Test 1-65,text,true,,231,158,124,124,http://localhost:8080/?token=494370254&user=-1356109124&config=2,5289,0,0
1781062272933,5280,Config 2,200,OK,Stress Test 1-75,text,true,,231,158,124,124,http://localhost:8080/?token=494370254&user=-1356109124&config=2,5280,0,0
1781062272911,5302,Config 2,200,OK,Stress Test 1-91,text,true,,231,158,124,124,http://localhost:8080/?token=494370254&user=-1356109124&config=2,5302,0,0
1781062272910,5303,Config 2,200,OK,Stress Test 1-79,text,true,,231,158,124,124,http://localhost:8080/?token=494370254&user=-1356109124&config=2,5303,0,0
1781062272925,5288,Config 2,200,OK,Stress Test 1-98,text,true,,231,158,124,124,http://localhost:8080/?token=494370254&user=-1356109124&config=2,5288,0,0
1781062272911,5302,Config 2,200,OK,Stress Test 1-103,text,true,,231,158,124,124,http://localhost:8080/?token=494370254&user=-1356109124&config=2,5302,0,0
1781062272911,5302,Config 2,200,OK,Stress Test 1-5,text,true,,231,158,124,124,http://localhost:8080/?token=494370254&user=-1356109124&config=2,5302,0,0
1781062272926,5287,Config 2,200,OK,Stress Test 1-8,text,true,,231,158,124,124,http://localhost:8080/?token=494370254&user=-1356109124&config=2,5287,0,0
1781062272933,5280,Config 2,200,OK,Stress Test 1-6,text,true,,231,158,124,124,http://localhost:8080/?token=494370254&user=-1356109124&config=2,5280,0,0
1781062273414,4802,Config 2,200,OK,Stress Test 1-117,text,true,,231,158,124,124,http://localhost:8080/?token=494370254&user=-1356109124&config=2,4802,0,1
1781062274008,4209,Config 2,200,OK,Stress Test 1-118,text,true,,231,158,124,124,http://localhost:8080/?token=494370254&user=-1356109124&config=2,4209,0,1
1781062274613,3603,Config 2,200,OK,Stress Test 1-119,text,true,,231,158,124,124,http://localhost:8080/?token=494370254&user=-1356109124&config=2,3603,0,1
1781062272911,5307,Config 2,200,OK,Stress Test 1-24,text,true,,231,158,124,124,http://localhost:8080/?token=494370254&user=-1356109124&config=2,5307,0,0
1781062274831,3386,Config 2,200,OK,Stress Test 1-26,text,true,,231,158,124,124,http://localhost:8080/?token=494370254&user=-1356109124&config=2,3386,0,0
1781062272911,5307,Config 2,200,OK,Stress Test 1-32,text,true,,231,158,124,124,http://localhost:8080/?token=494370254&user=-1356109124&config=2,5307,0,0
1781062274842,3376,Config 2,200,OK,Stress Test 1-47,text,true,,231,158,124,124,http://localhost:8080/?token=494370254&user=-1356109124&config=2,3376,0,0
1781062274842,3376,Config 2,200,OK,Stress Test 1-59,text,true,,231,158,124,124,http://localhost:8080/?token=494370254&user=-1356109124&config=2,3376,0,0
1781062274842,3377,Config 2,200,OK,Stress Test 1-52,text,true,,231,158,124,124,http://localhost:8080/?token=494370254&user=-1356109124&config=2,3377,0,0
1781062274842,3378,Config 2,200,OK,Stress Test 1-61,text,true,,231,158,125,125,http://localhost:8080/?token=494370254&user=-1356109124&config=2,3378,0,0
1781062274842,3378,Config 2,200,OK,Stress Test 1-60,text,true,,231,158,125,125,http://localhost:8080/?token=494370254&user=-1356109124&config=2,3378,0,0
1781062274843,3378,Config 2,200,OK,Stress Test 1-66,text,true,,231,158,125,125,http://localhost:8080/?token=494370254&user=-1356109124&config=2,3378,0,0
1781062274832,3389,Config 2,200,OK,Stress Test 1-71,text,true,,231,158,125,125,http://localhost:8080/?token=494370254&user=-1356109124&config=2,3389,0,0
1781062274832,3392,Config 2,200,OK,Stress Test 1-74,text,true,,231,158,125,125,http://localhost:8080/?token=494370254&user=-1356109124&config=2,3392,0,0
1781062274843,3382,Config 2,200,OK,Stress Test 1-77,text,true,,231,158,125,125,http://localhost:8080/?token=494370254&user=-1356109124&config=2,3382,0,0
1781062274844,3381,Config 2,200,OK,Stress Test 1-80,text,true,,231,158,125,125,http://localhost:8080/?token=494370254&user=-1356109124&config=2,3381,0,0
1781062274843,3382,Config 2,200,OK,Stress Test 1-85,text,true,,231,158,125,125,http://localhost:8080/?token=494370254&user=-1356109124&config=2,3382,0,0
1781062274845,3381,Config 2,200,OK,Stress Test 1-86,text,true,,231,158,125,125,http://localhost:8080/?token=494370254&user=-1356109124&config=2,3381,0,0
1781062272911,5317,Config 2,200,OK,Stress Test 1-12,text,true,,231,158,125,125,http://localhost:8080/?token=494370254&user=-1356109124&config=2,5317,0,2
1781062272915,5313,Config 2,200,OK,Stress Test 1-16,text,true,,231,158,125,125,http://localhost:8080/?token=494370254&user=-1356109124&config=2,5313,0,5
1781062272930,5298,Config 2,200,OK,Stress Test 1-14,text,true,,231,158,125,125,http://localhost:8080/?token=494370254&user=-1356109124&config=2,5298,0,2
1781062274844,3385,Config 2,200,OK,Stress Test 1-81,text,true,,231,158,125,125,http://localhost:8080/?token=494370254&user=-1356109124&config=2,3385,0,0
1781062274845,3384,Config 2,200,OK,Stress Test 1-96,text,true,,231,158,125,125,http://localhost:8080/?token=494370254&user=-1356109124&config=2,3384,0,0
1781062274844,3385,Config 2,200,OK,Stress Test 1-92,text,true,,231,158,125,125,http://localhost:8080/?token=494370254&user=-1356109124&config=2,3385,0,0
1781062274843,5059,Config 2,200,OK,Stress Test 1-67,text,true,,231,158,127,127,http://localhost:8080/?token=494370254&user=-1356109124&config=2,5059,0,0
1781062274844,5063,Config 2,200,OK,Stress Test 1-93,text,true,,231,158,127,127,http://localhost:8080/?token=494370254&user=-1356109124&config=2,5063,0,0
1781062274843,5064,Config 2,200,OK,Stress Test 1-62,text,true,,231,158,127,127,http://localhost:8080/?token=494370254&user=-1356109124&config=2,5064,0,0
1781062274854,5053,Config 2,200,OK,Stress Test 1-54,text,true,,231,158,127,127,http://localhost:8080/?token=494370254&user=-1356109124&config=2,5053,0,0
1781062274853,5054,Config 2,200,OK,Stress Test 1-107,text,true,,231,158,127,127,http://localhost:8080/?token=494370254&user=-1356109124&config=2,5054,0,0
1781062274842,5065,Config 2,200,OK,Stress Test 1-57,text,true,,231,158,127,127,http://localhost:8080/?token=494370254&user=-1356109124&config=2,5065,0,0
1781062274850,5058,Config 2,200,OK,Stress Test 1-63,text,true,,231,158,127,127,http://localhost:8080/?token=494370254&user=-1356109124&config=2,5058,0,0
1781062274853,5055,Config 2,200,OK,Stress Test 1-88,text,true,,231,158,127,127,http://localhost:8080/?token=494370254&user=-1356109124&config=2,5055,0,0
1781062274845,5063,Config 2,200,OK,Stress Test 1-99,text,true,,231,158,127,127,http://localhost:8080/?token=494370254&user=-1356109124&config=2,5063,0,0
1781062274845,5063,Config 2,200,OK,Stress Test 1-3,text,true,,231,158,127,127,http://localhost:8080/?token=494370254&user=-1356109124&config=2,5063,0,0
1781062274848,5062,Config 2,200,OK,Stress Test 1-105,text,true,,231,158,127,127,http://localhost:8080/?token=494370254&user=-1356109124&config=2,5062,0,0
1781062274848,5061,Config 2,200,OK,Stress Test 1-104,text,true,,231,158,127,127,http://localhost:8080/?token=494370254&user=-1356109124&config=2,5061,0,0
1781062274849,5061,Config 2,200,OK,Stress Test 1-112,text,true,,231,158,127,127,http://localhost:8080/?token=494370254&user=-1356109124&config=2,5061,0,0
1781062274854,5057,Config 2,200,OK,Stress Test 1-73,text,true,,231,158,127,127,http://localhost:8080/?token=494370254&user=-1356109124&config=2,5057,0,0
1781062274853,5058,Config 2,200,OK,Stress Test 1-41,text,true,,231,158,127,127,http://localhost:8080/?token=494370254&user=-1356109124&config=2,5057,0,0
1781062274852,5059,Config 2,200,OK,Stress Test 1-78,text,true,,231,158,127,127,http://localhost:8080/?token=494370254&user=-1356109124&config=2,5059,0,0
1781062274855,5057,Config 2,200,OK,Stress Test 1-84,text,true,,231,158,127,127,http://localhost:8080/?token=494370254&user=-1356109124&config=2,5057,0,0
1781062274855,5057,Config 2,200,OK,Stress Test 1-89,text,true,,231,158,127,127,http://localhost:8080/?token=494370254&user=-1356109124&config=2,5057,0,0
1781062274855,5057,Config 2,200,OK,Stress Test 1-97,text,true,,231,158,127,127,http://localhost:8080/?token=494370254&user=-1356109124&config=2,5057,0,0
1781062274856,5057,Config 2,200,OK,Stress Test 1-2,text,true,,231,158,127,127,http://localhost:8080/?token=494370254&user=-1356109124&config=2,5057,0,0
1781062274854,5059,Config 2,200,OK,Stress Test 1-83,text,true,,231,158,127,127,http://localhost:8080/?token=494370254&user=-1356109124&config=2,5059,0,0
1781062274849,5064,Config 2,200,OK,Stress Test 1-113,text,true,,231,158,127,127,http://localhost:8080/?token=494370254&user=-1356109124&config=2,5064,0,0
1781062274847,5067,Config 2,200,OK,Stress Test 1-11,text,true,,231,158,127,127,http://localhost:8080/?token=494370254&user=-1356109124&config=2,5067,0,0
1781062276283,3632,Config 2,200,OK,Stress Test 1-108,text,true,,231,158,127,127,http://localhost:8080/?token=494370254&user=-1356109124&config=2,3631,0,0
1781062276288,3627,Config 2,200,OK,Stress Test 1-111,text,true,,231,158,127,127,http://localhost:8080/?token=494370254&user=-1356109124&config=2,3627,0,0
1781062274849,5066,Config 2,200,OK,Stress Test 1-10,text,true,,231,158,127,127,http://localhost:8080/?token=494370254&user=-1356109124&config=2,5066,0,0
1781062276288,3627,Config 2,200,OK,Stress Test 1-115,text,true,,231,158,127,127,http://localhost:8080/?token=494370254&user=-1356109124&config=2,3627,0,0
1781062276288,3627,Config 2,200,OK,Stress Test 1-114,text,true,,231,158,127,127,http://localhost:8080/?token=494370254&user=-1356109124&config=2,3627,0,0
1781062276283,3633,Config 2,200,OK,Stress Test 1-27,text,true,,231,158,127,127,http://localhost:8080/?token=494370254&user=-1356109124&config=2,3633,0,0
1781062276284,3632,Config 2,200,OK,Stress Test 1-34,text,true,,231,158,127,127,http://localhost:8080/?token=494370254&user=-1356109124&config=2,3632,0,0
1781062276291,3625,Config 2,200,OK,Stress Test 1-35,text,true,,231,158,127,127,http://localhost:8080/?token=494370254&user=-1356109124&config=2,3625,0,0
1781062274853,5064,Config 2,200,OK,Stress Test 1-49,text,true,,231,158,127,127,http://localhost:8080/?token=494370254&user=-1356109124&config=2,5064,0,0
1781062276284,3634,Config 2,200,OK,Stress Test 1-69,text,true,,231,158,127,127,http://localhost:8080/?token=494370254&user=-1356109124&config=2,3634,0,0
1781062276284,3635,Config 2,200,OK,Stress Test 1-70,text,true,,231,158,127,127,http://localhost:8080/?token=494370254&user=-1356109124&config=2,3635,0,0
1781062276285,3634,Config 2,200,OK,Stress Test 1-72,text,true,,231,158,127,127,http://localhost:8080/?token=494370254&user=-1356109124&config=2,3634,0,0
1781062276285,3634,Config 2,200,OK,Stress Test 1-76,text,true,,231,158,127,127,http://localhost:8080/?token=494370254&user=-1356109124&config=2,3634,0,0
1781062276284,3635,Config 2,200,OK,Stress Test 1-87,text,true,,231,158,127,127,http://localhost:8080/?token=494370254&user=-1356109124&config=2,3635,0,0
1781062276285,3634,Config 2,200,OK,Stress Test 1-100,text,true,,231,158,127,127,http://localhost:8080/?token=494370254&user=-1356109124&config=2,3634,0,0
1781062274846,5074,Config 2,200,OK,Stress Test 1-1,text,true,,231,158,127,127,http://localhost:8080/?token=494370254&user=-1356109124&config=2,5074,0,0
1781062276285,3634,Config 2,200,OK,Stress Test 1-90,text,true,,231,158,127,127,http://localhost:8080/?token=494370254&user=-1356109124&config=2,3634,0,0
1781062274853,5067,Config 2,200,OK,Stress Test 1-7,text,true,,231,158,127,127,http://localhost:8080/?token=494370254&user=-1356109124&config=2,5067,0,0
1781062274831,5089,Config 2,200,OK,Stress Test 1-17,text,true,,231,158,127,127,http://localhost:8080/?token=494370254&user=-1356109124&config=2,5089,0,1
1781062274850,7158,Config 2,200,OK,Stress Test 1-15,text,true,,231,158,131,131,http://localhost:8080/?token=494370254&user=-1356109124&config=2,7158,0,2
1781062275219,6789,Config 2,200,OK,Stress Test 1-120,text,true,,231,158,131,131,http://localhost:8080/?token=494370254&user=-1356109124&config=2,6789,0,1
1781062275808,6200,Config 2,200,OK,Stress Test 1-121,text,true,,231,158,131,131,http://localhost:8080/?token=494370254&user=-1356109124&config=2,6200,0,2
1781062276295,5753,Config 2,200,OK,Stress Test 1-13,text,true,,231,158,131,131,http://localhost:8080/?token=494370254&user=-1356109124&config=2,5753,0,0
1781062278199,3882,Config 2,200,OK,Stress Test 1-116,text,true,,231,158,131,131,http://localhost:8080/?token=494370254&user=-1356109124&config=2,3882,0,0
1781062276417,5664,Config 2,200,OK,Stress Test 1-122,text,true,,231,158,131,131,http://localhost:8080/?token=494370254&user=-1356109124&config=2,5664,0,1
1781062277619,4463,Config 2,200,OK,Stress Test 1-124,text,true,,231,158,131,131,http://localhost:8080/?token=494370254&user=-1356109124&config=2,4463,0,1
1781062276297,5785,Config 2,200,OK,Stress Test 1-22,text,true,,231,158,131,131,http://localhost:8080/?token=494370254&user=-1356109124&config=2,5785,0,0
1781062276297,5785,Config 2,200,OK,Stress Test 1-25,text,true,,231,158,131,131,http://localhost:8080/?token=494370254&user=-1356109124&config=2,5785,0,0
1781062276297,5786,Config 2,200,OK,Stress Test 1-28,text,true,,231,158,131,131,http://localhost:8080/?token=494370254&user=-1356109124&config=2,5786,0,0
1781062276290,5793,Config 2,200,OK,Stress Test 1-29,text,true,,231,158,131,131,http://localhost:8080/?token=494370254&user=-1356109124&config=2,5793,0,0
1781062277023,5059,Config 2,200,OK,Stress Test 1-123,text,true,,231,158,131,131,http://localhost:8080/?token=494370254&user=-1356109124&config=2,5059,0,1
1781062278211,3873,Config 2,200,OK,Stress Test 1-30,text,true,,231,158,131,131,http://localhost:8080/?token=494370254&user=-1356109124&config=2,3873,0,0
1781062278212,3873,Config 2,200,OK,Stress Test 1-33,text,true,,231,158,131,131,http://localhost:8080/?token=494370254&user=-1356109124&config=2,3872,0,0
1781062276292,5793,Config 2,200,OK,Stress Test 1-31,text,true,,231,158,131,131,http://localhost:8080/?token=494370254&user=-1356109124&config=2,5792,0,0
1781062278212,3873,Config 2,200,OK,Stress Test 1-37,text,true,,231,158,131,131,http://localhost:8080/?token=494370254&user=-1356109124&config=2,3873,0,0
1781062276297,5788,Config 2,200,OK,Stress Test 1-38,text,true,,231,158,131,131,http://localhost:8080/?token=494370254&user=-1356109124&config=2,5788,0,0
1781062276297,5788,Config 2,200,OK,Stress Test 1-39,text,true,,231,158,131,131,http://localhost:8080/?token=494370254&user=-1356109124&config=2,5788,0,0
1781062278199,3886,Config 2,200,OK,Stress Test 1-43,text,true,,231,158,131,131,http://localhost:8080/?token=494370254&user=-1356109124&config=2,3886,0,0
1781062276292,5793,Config 2,200,OK,Stress Test 1-42,text,true,,231,158,131,131,http://localhost:8080/?token=494370254&user=-1356109124&config=2,5793,0,0
1781062278212,3873,Config 2,200,OK,Stress Test 1-40,text,true,,231,158,131,131,http://localhost:8080/?token=494370254&user=-1356109124&config=2,3873,0,0
1781062278213,3872,Config 2,200,OK,Stress Test 1-45,text,true,,231,158,131,131,http://localhost:8080/?token=494370254&user=-1356109124&config=2,3872,0,0
1781062276286,5799,Config 2,200,OK,Stress Test 1-46,text,true,,231,158,131,131,http://localhost:8080/?token=494370254&user=-1356109124&config=2,5799,0,0
1781062276286,5799,Config 2,200,OK,Stress Test 1-36,text,true,,231,158,131,131,http://localhost:8080/?token=494370254&user=-1356109124&config=2,5798,0,0
1781062278219,3868,Config 2,200,OK,Stress Test 1-47,text,true,,231,158,131,131,http://localhost:8080/?token=494370254&user=-1356109124&config=2,3868,0,0
1781062276293,5794,Config 2,200,OK,Stress Test 1-51,text,true,,231,158,131,131,http://localhost:8080/?token=494370254&user=-1356109124&config=2,5794,0,0
1781062278219,3868,Config 2,200,OK,Stress Test 1-52,text,true,,231,158,131,131,http://localhost:8080/?token=494370254&user=-1356109124&config=2,3868,0,0
1781062276286,5802,Config 2,200,OK,Stress Test 1-55,text,true,,231,158,131,131,http://localhost:8080/?token=494370254&user=-1356109124&config=2,5802,0,0
1781062276298,5790,Config 2,200,OK,Stress Test 1-56,text,true,,231,158,131,131,http://localhost:8080/?token=494370254&user=-1356109124&config=2,5790,0,0
1781062276297,5791,Config 2,200,OK,Stress Test 1-53,text,true,,231,158,131,131,http://localhost:8080/?token=494370254&user=-1356109124&config=2,5791,0,0
1781062278220,3869,Config 2,200,OK,Stress Test 1-61,text,true,,231,158,131,131,http://localhost:8080/?token=494370254&user=-1356109124&config=2,3869,0,0
1781062278220,3869,Config 2,200,OK,Stress Test 1-60,text,true,,231,158,131,131,http://localhost:8080/?token=494370254&user=-1356109124&config=2,3869,0,0
1781062276293,5797,Config 2,200,OK,Stress Test 1-64,text,true,,231,158,131,131,http://localhost:8080/?token=494370254&user=-1356109124&config=2,5797,0,0
1781062278213,3877,Config 2,200,OK,Stress Test 1-65,text,true,,231,158,131,131,http://localhost:8080/?token=494370254&user=-1356109124&config=2,3877,0,0
1781062278222,3868,Config 2,200,OK,Stress Test 1-66,text,true,,231,158,131,131,http://localhost:8080/?token=494370254&user=-1356109124&config=2,3868,0,0
1781062278225,3865,Config 2,200,OK,Stress Test 1-77,text,true,,231,158,131,131,http://localhost:8080/?token=494370254&user=-1356109124&config=2,3865,0,0
1781062276294,5797,Config 2,200,OK,Stress Test 1-82,text,true,,231,158,131,131,http://localhost:8080/?token=494370254&user=-1356109124&config=2,5797,0,0
1781062278225,3866,Config 2,200,OK,Stress Test 1-85,text,true,,231,158,131,131,http://localhost:8080/?token=494370254&user=-1356109124&config=2,3866,0,0
1781062278227,3865,Config 2,200,OK,Stress Test 1-86,text,true,,231,158,131,131,http://localhost:8080/?token=494370254&user=-1356109124&config=2,3865,0,0
1781062276294,5798,Config 2,200,OK,Stress Test 1-94,text,true,,231,158,131,131,http://localhost:8080/?token=494370254&user=-1356109124&config=2,5798,0,0
1781062276286,5807,Config 2,200,OK,Stress Test 1-95,text,true,,231,158,131,131,http://localhost:8080/?token=494370254&user=-1356109124&config=2,5807,0,0
1781062278214,3879,Config 2,200,OK,Stress Test 1-98,text,true,,231,158,131,131,http://localhost:8080/?token=494370254&user=-1356109124&config=2,3879,0,0
1781062276285,5809,Config 2,200,OK,Stress Test 1-101,text,true,,231,158,131,131,http://localhost:8080/?token=494370254&user=-1356109124&config=2,5809,0,0
1781062278199,3895,Config 2,200,OK,Stress Test 1-102,text,true,,231,158,131,131,http://localhost:8080/?token=494370254&user=-1356109124&config=2,3895,0,0
1781062276294,5800,Config 2,200,OK,Stress Test 1-4,text,true,,231,158,131,131,http://localhost:8080/?token=494370254&user=-1356109124&config=2,5800,0,0
1781062276285,5810,Config 2,200,OK,Stress Test 1-106,text,true,,231,158,131,131,http://localhost:8080/?token=494370254&user=-1356109124&config=2,5810,0,0
1781062276295,5800,Config 2,200,OK,Stress Test 1-109,text,true,,231,158,131,131,http://localhost:8080/?token=494370254&user=-1356109124&config=2,5800,0,0
1781062278214,3881,Config 2,200,OK,Stress Test 1-8,text,true,,231,158,131,131,http://localhost:8080/?token=494370254&user=-1356109124&config=2,3881,0,0
1781062276295,5801,Config 2,200,OK,Stress Test 1-9,text,true,,231,158,131,131,http://localhost:8080/?token=494370254&user=-1356109124&config=2,5801,0,0
1781062276286,5810,Config 2,200,OK,Stress Test 1-21,text,true,,231,158,131,131,http://localhost:8080/?token=494370254&user=-1356109124&config=2,5810,0,1
1781062278228,3868,Config 2,200,OK,Stress Test 1-14,text,true,,231,158,131,131,http://localhost:8080/?token=494370254&user=-1356109124&config=2,3868,0,0
1781062276289,5808,Config 2,200,OK,Stress Test 1-20,text,true,,231,158,131,131,http://localhost:8080/?token=494370254&user=-1356109124&config=2,5808,0,1
1781062276289,5808,Config 2,200,OK,Stress Test 1-19,text,true,,231,158,131,131,http://localhost:8080/?token=494370254&user=-1356109124&config=2,5808,0,1
1781062276289,5808,Config 2,200,OK,Stress Test 1-18,text,true,,231,158,131,131,http://localhost:8080/?token=494370254&user=-1356109124&config=2,5808,0,3
1781062278217,5541,Config 2,200,OK,Stress Test 1-119,text,true,,231,158,134,134,http://localhost:8080/?token=494370254&user=-1356109124&config=2,5541,0,0
1781062278214,5546,Config 2,200,OK,Stress Test 1-5,text,true,,231,158,134,134,http://localhost:8080/?token=494370254&user=-1356109124&config=2,5546,0,0
1781062278211,5553,Config 2,200,OK,Stress Test 1-110,text,true,,231,158,134,134,http://localhost:8080/?token=494370254&user=-1356109124&config=2,5553,0,0
1781062278216,5550,Config 2,200,OK,Stress Test 1-117,text,true,,231,158,134,134,http://localhost:8080/?token=494370254&user=-1356109124&config=2,5549,0,0
1781062278217,5564,Config 2,200,OK,Stress Test 1-26,text,true,,231,158,134,134,http://localhost:8080/?token=494370254&user=-1356109124&config=2,5564,0,0
1781062278212,5572,Config 2,200,OK,Stress Test 1-44,text,true,,231,158,134,134,http://localhost:8080/?token=494370254&user=-1356109124&config=2,5572,0,0
1781062278213,5573,Config 2,200,OK,Stress Test 1-48,text,true,,231,158,134,134,http://localhost:8080/?token=494370254&user=-1356109124&config=2,5573,0,0
1781062278213,5584,Config 2,200,OK,Stress Test 1-50,text,true,,231,158,134,134,http://localhost:8080/?token=494370254&user=-1356109124&config=2,5584,0,0
1781062278213,5585,Config 2,200,OK,Stress Test 1-58,text,true,,231,158,134,134,http://localhost:8080/?token=494370254&user=-1356109124&config=2,5585,0,0
1781062278219,5580,Config 2,200,OK,Stress Test 1-59,text,true,,231,158,134,134,http://localhost:8080/?token=494370254&user=-1356109124&config=2,5580,0,0
1781062278225,5575,Config 2,200,OK,Stress Test 1-74,text,true,,231,158,134,134,http://localhost:8080/?token=494370254&user=-1356109124&config=2,5575,0,0
1781062278213,5619,Config 2,200,OK,Stress Test 1-75,text,true,,231,158,134,134,http://localhost:8080/?token=494370254&user=-1356109124&config=2,5619,0,0
1781062278225,5608,Config 2,200,OK,Stress Test 1-80,text,true,,231,158,134,134,http://localhost:8080/?token=494370254&user=-1356109124&config=2,5608,0,0
1781062278229,5607,Config 2,200,OK,Stress Test 1-81,text,true,,231,158,134,134,http://localhost:8080/?token=494370254&user=-1356109124&config=2,5607,0,0
1781062278229,5608,Config 2,200,OK,Stress Test 1-96,text,true,,231,158,134,134,http://localhost:8080/?token=494370254&user=-1356109124&config=2,5608,0,0
1781062278214,5624,Config 2,200,OK,Stress Test 1-6,text,true,,231,158,134,134,http://localhost:8080/?token=494370254&user=-1356109124&config=2,5624,0,0
1781062278227,5612,Config 2,200,OK,Stress Test 1-12,text,true,,231,158,134,134,http://localhost:8080/?token=494370254&user=-1356109124&config=2,5612,0,0
1781062278228,5611,Config 2,200,OK,Stress Test 1-16,text,true,,231,158,134,134,http://localhost:8080/?token=494370254&user=-1356109124&config=2,5611,0,0
1781062279911,3930,Config 2,200,OK,Stress Test 1-104,text,true,,231,158,134,134,http://localhost:8080/?token=494370254&user=-1356109124&config=2,3930,0,0
1781062279909,3933,Config 2,200,OK,Stress Test 1-107,text,true,,231,158,134,134,http://localhost:8080/?token=494370254&user=-1356109124&config=2,3933,0,0
1781062279911,3932,Config 2,200,OK,Stress Test 1-105,text,true,,231,158,134,134,http://localhost:8080/?token=494370254&user=-1356109124&config=2,3932,0,0
1781062279911,3932,Config 2,200,OK,Stress Test 1-112,text,true,,231,158,134,134,http://localhost:8080/?token=494370254&user=-1356109124&config=2,3932,0,0
1781062278217,5630,Config 2,200,OK,Stress Test 1-32,text,true,,231,158,134,134,http://localhost:8080/?token=494370254&user=-1356109124&config=2,5630,0,0
1781062278216,5631,Config 2,200,OK,Stress Test 1-118,text,true,,231,158,134,134,http://localhost:8080/?token=494370254&user=-1356109124&config=2,5631,0,0
1781062279912,3937,Config 2,200,OK,Stress Test 1-41,text,true,,231,158,134,134,http://localhost:8080/?token=494370254&user=-1356109124&config=2,3937,0,0
1781062279909,3942,Config 2,200,OK,Stress Test 1-62,text,true,,231,158,134,134,http://localhost:8080/?token=494370254&user=-1356109124&config=2,3942,0,0
1781062279909,3941,Config 2,200,OK,Stress Test 1-54,text,true,,231,158,134,134,http://localhost:8080/?token=494370254&user=-1356109124&config=2,3941,0,0
1781062279909,3942,Config 2,200,OK,Stress Test 1-57,text,true,,231,158,134,134,http://localhost:8080/?token=494370254&user=-1356109124&config=2,3942,0,0
1781062279904,3948,Config 2,200,OK,Stress Test 1-67,text,true,,231,158,134,134,http://localhost:8080/?token=494370254&user=-1356109124&config=2,3948,0,0
1781062279909,3943,Config 2,200,OK,Stress Test 1-63,text,true,,231,158,134,134,http://localhost:8080/?token=494370254&user=-1356109124&config=2,3943,0,0
1781062278213,5639,Config 2,200,OK,Stress Test 1-68,text,true,,231,158,134,134,http://localhost:8080/?token=494370254&user=-1356109124&config=2,5639,0,0
1781062278222,5630,Config 2,200,OK,Stress Test 1-71,text,true,,231,158,134,134,http://localhost:8080/?token=494370254&user=-1356109124&config=2,5630,0,0
1781062279912,3942,Config 2,200,OK,Stress Test 1-73,text,true,,231,158,134,134,http://localhost:8080/?token=494370254&user=-1356109124&config=2,3942,0,0
1781062279912,3943,Config 2,200,OK,Stress Test 1-78,text,true,,231,158,134,134,http://localhost:8080/?token=494370254&user=-1356109124&config=2,3943,0,0
1781062278214,5641,Config 2,200,OK,Stress Test 1-79,text,true,,231,158,134,134,http://localhost:8080/?token=494370254&user=-1356109124&config=2,5641,0,0
1781062279913,3943,Config 2,200,OK,Stress Test 1-84,text,true,,231,158,134,134,http://localhost:8080/?token=494370254&user=-1356109124&config=2,3943,0,0
1781062278213,5645,Config 2,200,OK,Stress Test 1-91,text,true,,231,158,134,134,http://localhost:8080/?token=494370254&user=-1356109124&config=2,5645,0,0
1781062279910,3949,Config 2,200,OK,Stress Test 1-88,text,true,,231,158,134,134,http://localhost:8080/?token=494370254&user=-1356109124&config=2,3949,0,0
1781062278229,5629,Config 2,200,OK,Stress Test 1-92,text,true,,231,158,134,134,http://localhost:8080/?token=494370254&user=-1356109124&config=2,5629,0,0
1781062279909,3950,Config 2,200,OK,Stress Test 1-93,text,true,,231,158,134,134,http://localhost:8080/?token=494370254&user=-1356109124&config=2,3950,0,0
1781062279913,3947,Config 2,200,OK,Stress Test 1-97,text,true,,231,158,134,134,http://localhost:8080/?token=494370254&user=-1356109124&config=2,3947,0,0
1781062279910,3951,Config 2,200,OK,Stress Test 1-99,text,true,,231,158,134,134,http://localhost:8080/?token=494370254&user=-1356109124&config=2,3951,0,0
1781062279910,3953,Config 2,200,OK,Stress Test 1-3,text,true,,231,158,134,134,http://localhost:8080/?token=494370254&user=-1356109124&config=2,3953,0,0
1781062278214,5648,Config 2,200,OK,Stress Test 1-103,text,true,,231,158,134,134,http://localhost:8080/?token=494370254&user=-1356109124&config=2,5648,0,0
1781062278217,5646,Config 2,200,OK,Stress Test 1-24,text,true,,231,158,134,134,http://localhost:8080/?token=494370254&user=-1356109124&config=2,5646,0,2
1781062278227,5636,Config 2,200,OK,Stress Test 1-125,text,true,,231,158,134,134,http://localhost:8080/?token=494370254&user=-1356109124&config=2,5636,0,3
1781062278210,7598,Config 2,200,OK,Stress Test 1-23,text,true,,231,158,137,137,http://localhost:8080/?token=494370254&user=-1356109124&config=2,7598,0,5
1781062279420,6389,Config 2,200,OK,Stress Test 1-127,text,true,,231,158,137,137,http://localhost:8080/?token=494370254&user=-1356109124&config=2,6389,0,1
1781062278816,6992,Config 2,200,OK,Stress Test 1-126,text,true,,231,158,137,137,http://localhost:8080/?token=494370254&user=-1356109124&config=2,6992,0,0
1781062279915,5968,Config 2,200,OK,Stress Test 1-83,text,true,,231,158,137,137,http://localhost:8080/?token=494370254&user=-1356109124&config=2,5968,0,0
1781062279913,5970,Config 2,200,OK,Stress Test 1-89,text,true,,231,158,137,137,http://localhost:8080/?token=494370254&user=-1356109124&config=2,5970,0,0
1781062279917,5967,Config 2,200,OK,Stress Test 1-115,text,true,,231,158,137,137,http://localhost:8080/?token=494370254&user=-1356109124&config=2,5967,0,0
1781062279918,5966,Config 2,200,OK,Stress Test 1-49,text,true,,231,158,137,137,http://localhost:8080/?token=494370254&user=-1356109124&config=2,5966,0,0
1781062279915,5969,Config 2,200,OK,Stress Test 1-2,text,true,,231,158,137,137,http://localhost:8080/?token=494370254&user=-1356109124&config=2,5969,0,0
1781062279922,5963,Config 2,200,OK,Stress Test 1-17,text,true,,231,158,137,137,http://localhost:8080/?token=494370254&user=-1356109124&config=2,5963,0,0
1781062279916,5971,Config 2,200,OK,Stress Test 1-111,text,true,,231,158,137,137,http://localhost:8080/?token=494370254&user=-1356109124&config=2,5971,0,0
1781062279917,5971,Config 2,200,OK,Stress Test 1-114,text,true,,231,158,137,137,http://localhost:8080/?token=494370254&user=-1356109124&config=2,5971,0,0
1781062279917,5972,Config 2,200,OK,Stress Test 1-34,text,true,,231,158,137,137,http://localhost:8080/?token=494370254&user=-1356109124&config=2,5972,0,0
1781062279917,5974,Config 2,200,OK,Stress Test 1-35,text,true,,231,158,137,137,http://localhost:8080/?token=494370254&user=-1356109124&config=2,5974,0,0
1781062279919,5973,Config 2,200,OK,Stress Test 1-69,text,true,,231,158,137,137,http://localhost:8080/?token=494370254&user=-1356109124&config=2,5973,0,0
1781062279920,5972,Config 2,200,OK,Stress Test 1-76,text,true,,231,158,137,137,http://localhost:8080/?token=494370254&user=-1356109124&config=2,5972,0,0
1781062279921,5973,Config 2,200,OK,Stress Test 1-87,text,true,,231,158,137,137,http://localhost:8080/?token=494370254&user=-1356109124&config=2,5973,0,0
1781062279915,5981,Config 2,200,OK,Stress Test 1-113,text,true,,231,158,137,137,http://localhost:8080/?token=494370254&user=-1356109124&config=2,5981,0,0
1781062279920,5979,Config 2,200,OK,Stress Test 1-70,text,true,,231,158,137,137,http://localhost:8080/?token=494370254&user=-1356109124&config=2,5979,0,0
1781062279921,5979,Config 2,200,OK,Stress Test 1-90,text,true,,231,158,137,137,http://localhost:8080/?token=494370254&user=-1356109124&config=2,5979,0,0
1781062279921,5979,Config 2,200,OK,Stress Test 1-100,text,true,,231,158,137,137,http://localhost:8080/?token=494370254&user=-1356109124&config=2,5979,0,0
1781062279922,5979,Config 2,200,OK,Stress Test 1-7,text,true,,231,158,137,137,http://localhost:8080/?token=494370254&user=-1356109124&config=2,5979,0,0
1781062279915,5986,Config 2,200,OK,Stress Test 1-11,text,true,,231,158,137,137,http://localhost:8080/?token=494370254&user=-1356109124&config=2,5986,0,0
1781062279916,5988,Config 2,200,OK,Stress Test 1-108,text,true,,231,158,137,137,http://localhost:8080/?token=494370254&user=-1356109124&config=2,5988,0,0
1781062279917,5988,Config 2,200,OK,Stress Test 1-10,text,true,,231,158,137,137,http://localhost:8080/?token=494370254&user=-1356109124&config=2,5988,0,0
1781062282083,3823,Config 2,200,OK,Stress Test 1-116,text,true,,231,158,137,137,http://localhost:8080/?token=494370254&user=-1356109124&config=2,3823,0,0
1781062282010,3896,Config 2,200,OK,Stress Test 1-120,text,true,,231,158,137,137,http://localhost:8080/?token=494370254&user=-1356109124&config=2,3896,0,0
1781062282010,3897,Config 2,200,OK,Stress Test 1-121,text,true,,231,158,137,137,http://localhost:8080/?token=494370254&user=-1356109124&config=2,3897,0,0
1781062282083,3824,Config 2,200,OK,Stress Test 1-122,text,true,,231,158,137,137,http://localhost:8080/?token=494370254&user=-1356109124&config=2,3824,0,0
1781062282085,3823,Config 2,200,OK,Stress Test 1-123,text,true,,231,158,137,137,http://localhost:8080/?token=494370254&user=-1356109124&config=2,3823,0,0
1781062282084,3825,Config 2,200,OK,Stress Test 1-124,text,true,,231,158,137,137,http://localhost:8080/?token=494370254&user=-1356109124&config=2,3825,0,0
1781062280024,5885,Config 2,200,OK,Stress Test 1-128,text,true,,231,158,137,137,http://localhost:8080/?token=494370254&user=-1356109124&config=2,5885,0,1
1781062282086,3824,Config 2,200,OK,Stress Test 1-33,text,true,,231,158,137,137,http://localhost:8080/?token=494370254&user=-1356109124&config=2,3824,0,0
1781062282086,3827,Config 2,200,OK,Stress Test 1-37,text,true,,231,158,137,137,http://localhost:8080/?token=494370254&user=-1356109124&config=2,3827,0,0
1781062282087,3828,Config 2,200,OK,Stress Test 1-38,text,true,,231,158,137,137,http://localhost:8080/?token=494370254&user=-1356109124&config=2,3828,0,0
1781062282087,3830,Config 2,200,OK,Stress Test 1-39,text,true,,231,158,137,137,http://localhost:8080/?token=494370254&user=-1356109124&config=2,3830,0,0
1781062282087,3833,Config 2,200,OK,Stress Test 1-43,text,true,,231,158,137,137,http://localhost:8080/?token=494370254&user=-1356109124&config=2,3833,0,0
1781062282089,3831,Config 2,200,OK,Stress Test 1-51,text,true,,231,158,137,137,http://localhost:8080/?token=494370254&user=-1356109124&config=2,3831,0,0
1781062282090,3831,Config 2,200,OK,Stress Test 1-55,text,true,,231,158,137,137,http://localhost:8080/?token=494370254&user=-1356109124&config=2,3831,0,0
1781062282090,3831,Config 2,200,OK,Stress Test 1-53,text,true,,231,158,137,137,http://localhost:8080/?token=494370254&user=-1356109124&config=2,3831,0,0
1781062282090,3832,Config 2,200,OK,Stress Test 1-56,text,true,,231,158,137,137,http://localhost:8080/?token=494370254&user=-1356109124&config=2,3832,0,0
1781062282091,3831,Config 2,200,OK,Stress Test 1-64,text,true,,231,158,137,137,http://localhost:8080/?token=494370254&user=-1356109124&config=2,3831,0,0
1781062282091,3832,Config 2,200,OK,Stress Test 1-65,text,true,,231,158,137,137,http://localhost:8080/?token=494370254&user=-1356109124&config=2,3832,0,0
1781062279920,6003,Config 2,200,OK,Stress Test 1-72,text,true,,231,158,137,137,http://localhost:8080/?token=494370254&user=-1356109124&config=2,6003,0,0
1781062282092,3832,Config 2,200,OK,Stress Test 1-82,text,true,,231,158,137,137,http://localhost:8080/?token=494370254&user=-1356109124&config=2,3832,0,0
1781062282093,3832,Config 2,200,OK,Stress Test 1-94,text,true,,231,158,137,137,http://localhost:8080/?token=494370254&user=-1356109124&config=2,3832,0,0
1781062282096,3829,Config 2,200,OK,Stress Test 1-102,text,true,,231,158,137,137,http://localhost:8080/?token=494370254&user=-1356109124&config=2,3829,0,0
1781062279921,6005,Config 2,200,OK,Stress Test 1-1,text,true,,231,158,137,137,http://localhost:8080/?token=494370254&user=-1356109124&config=2,6005,0,0
1781062282049,3881,Config 2,200,OK,Stress Test 1-13,text,true,,231,158,137,137,http://localhost:8080/?token=494370254&user=-1356109124&config=2,3881,0,0
1781062282097,3833,Config 2,200,OK,Stress Test 1-9,text,true,,231,158,137,137,http://localhost:8080/?token=494370254&user=-1356109124&config=2,3833,0,0
1781062282010,3921,Config 2,200,OK,Stress Test 1-15,text,true,,231,158,137,137,http://localhost:8080/?token=494370254&user=-1356109124&config=2,3921,0,0
1781062282098,3833,Config 2,200,OK,Stress Test 1-20,text,true,,231,158,137,137,http://localhost:8080/?token=494370254&user=-1356109124&config=2,3833,0,0
1781062282098,3834,Config 2,200,OK,Stress Test 1-19,text,true,,231,158,137,137,http://localhost:8080/?token=494370254&user=-1356109124&config=2,3834,0,0
1781062282098,3835,Config 2,200,OK,Stress Test 1-18,text,true,,231,158,137,137,http://localhost:8080/?token=494370254&user=-1356109124&config=2,3835,0,0
1781062279917,6016,Config 2,200,OK,Stress Test 1-27,text,true,,231,158,137,137,http://localhost:8080/?token=494370254&user=-1356109124&config=2,6016,0,2
1781062280617,5317,Config 2,200,OK,Stress Test 1-129,text,true,,231,158,137,137,http://localhost:8080/?token=494370254&user=-1356109124&config=2,5317,0,1
1781062281224,4711,Config 2,200,OK,Stress Test 1-130,text,true,,231,158,137,137,http://localhost:8080/?token=494370254&user=-1356109124&config=2,4711,0,1
1781062281817,4119,Config 2,200,OK,Stress Test 1-131,text,true,,231,158,137,137,http://localhost:8080/?token=494370254&user=-1356109124&config=2,4119,0,1
1781062282091,5651,Config 2,200,OK,Stress Test 1-61,text,true,,231,158,140,140,http://localhost:8080/?token=494370254&user=-1356109124&config=2,5651,0,0
1781062282088,5654,Config 2,200,OK,Stress Test 1-45,text,true,,231,158,140,140,http://localhost:8080/?token=494370254&user=-1356109124&config=2,5654,0,0
1781062282095,5647,Config 2,200,OK,Stress Test 1-98,text,true,,231,158,140,140,http://localhost:8080/?token=494370254&user=-1356109124&config=2,5647,0,0
1781062282098,5645,Config 2,200,OK,Stress Test 1-14,text,true,,231,158,140,140,http://localhost:8080/?token=494370254&user=-1356109124&config=2,5645,0,0
1781062282089,5655,Config 2,200,OK,Stress Test 1-52,text,true,,231,158,140,140,http://localhost:8080/?token=494370254&user=-1356109124&config=2,5655,0,0
1781062282091,5653,Config 2,200,OK,Stress Test 1-60,text,true,,231,158,140,140,http://localhost:8080/?token=494370254&user=-1356109124&config=2,5653,0,0
1781062282091,5653,Config 2,200,OK,Stress Test 1-66,text,true,,231,158,140,140,http://localhost:8080/?token=494370254&user=-1356109124&config=2,5653,0,0
1781062282093,5651,Config 2,200,OK,Stress Test 1-86,text,true,,231,158,140,140,http://localhost:8080/?token=494370254&user=-1356109124&config=2,5651,0,0
1781062282097,5647,Config 2,200,OK,Stress Test 1-8,text,true,,231,158,140,140,http://localhost:8080/?token=494370254&user=-1356109124&config=2,5647,0,0
1781062282096,5648,Config 2,200,OK,Stress Test 1-106,text,true,,231,158,140,140,http://localhost:8080/?token=494370254&user=-1356109124&config=2,5648,0,0
1781062282087,5658,Config 2,200,OK,Stress Test 1-40,text,true,,231,158,140,140,http://localhost:8080/?token=494370254&user=-1356109124&config=2,5658,0,0
1781062282089,5656,Config 2,200,OK,Stress Test 1-47,text,true,,231,158,140,140,http://localhost:8080/?token=494370254&user=-1356109124&config=2,5656,0,0
1781062282092,5653,Config 2,200,OK,Stress Test 1-77,text,true,,231,158,140,140,http://localhost:8080/?token=494370254&user=-1356109124&config=2,5653,0,0
1781062282095,5651,Config 2,200,OK,Stress Test 1-101,text,true,,231,158,140,140,http://localhost:8080/?token=494370254&user=-1356109124&config=2,5651,0,0
1781062282088,5658,Config 2,200,OK,Stress Test 1-36,text,true,,231,158,140,140,http://localhost:8080/?token=494370254&user=-1356109124&config=2,5658,0,0
1781062282088,5659,Config 2,200,OK,Stress Test 1-46,text,true,,231,158,140,140,http://localhost:8080/?token=494370254&user=-1356109124&config=2,5659,0,0
1781062282092,5655,Config 2,200,OK,Stress Test 1-85,text,true,,231,158,140,140,http://localhost:8080/?token=494370254&user=-1356109124&config=2,5655,0,0
1781062282097,5651,Config 2,200,OK,Stress Test 1-109,text,true,,231,158,140,140,http://localhost:8080/?token=494370254&user=-1356109124&config=2,5651,0,0
1781062282094,5654,Config 2,200,OK,Stress Test 1-95,text,true,,231,158,140,140,http://localhost:8080/?token=494370254&user=-1356109124&config=2,5654,0,0
1781062282097,5651,Config 2,200,OK,Stress Test 1-21,text,true,,231,158,140,140,http://localhost:8080/?token=494370254&user=-1356109124&config=2,5651,0,0
1781062283843,3906,Config 2,200,OK,Stress Test 1-107,text,true,,231,158,140,140,http://localhost:8080/?token=494370254&user=-1356109124&config=2,3906,0,0
1781062283767,3983,Config 2,200,OK,Stress Test 1-117,text,true,,231,158,140,140,http://localhost:8080/?token=494370254&user=-1356109124&config=2,3983,0,0
1781062283766,3983,Config 2,200,OK,Stress Test 1-110,text,true,,231,158,140,140,http://localhost:8080/?token=494370254&user=-1356109124&config=2,3983,0,0
1781062283760,3990,Config 2,200,OK,Stress Test 1-119,text,true,,231,158,140,140,http://localhost:8080/?token=494370254&user=-1356109124&config=2,3990,0,0
1781062283786,3964,Config 2,200,OK,Stress Test 1-44,text,true,,231,158,140,140,http://localhost:8080/?token=494370254&user=-1356109124&config=2,3964,0,0
1781062283787,3964,Config 2,200,OK,Stress Test 1-48,text,true,,231,158,140,140,http://localhost:8080/?token=494370254&user=-1356109124&config=2,3964,0,0
1781062282087,5663,Config 2,200,OK,Stress Test 1-42,text,true,,231,158,140,140,http://localhost:8080/?token=494370254&user=-1356109124&config=2,5663,0,0
1781062283799,3952,Config 2,200,OK,Stress Test 1-50,text,true,,231,158,140,140,http://localhost:8080/?token=494370254&user=-1356109124&config=2,3952,0,0
1781062283800,3952,Config 2,200,OK,Stress Test 1-58,text,true,,231,158,140,140,http://localhost:8080/?token=494370254&user=-1356109124&config=2,3951,0,0
1781062283851,3901,Config 2,200,OK,Stress Test 1-62,text,true,,231,158,140,140,http://localhost:8080/?token=494370254&user=-1356109124&config=2,3901,0,0
1781062283852,3900,Config 2,200,OK,Stress Test 1-63,text,true,,231,158,140,140,http://localhost:8080/?token=494370254&user=-1356109124&config=2,3900,0,0
1781062283853,3900,Config 2,200,OK,Stress Test 1-71,text,true,,231,158,140,140,http://localhost:8080/?token=494370254&user=-1356109124&config=2,3900,0,0
1781062283852,3901,Config 2,200,OK,Stress Test 1-67,text,true,,231,158,140,140,http://localhost:8080/?token=494370254&user=-1356109124&config=2,3901,0,0
1781062283854,3900,Config 2,200,OK,Stress Test 1-73,text,true,,231,158,140,140,http://localhost:8080/?token=494370254&user=-1356109124&config=2,3900,0,0
1781062283855,3899,Config 2,200,OK,Stress Test 1-78,text,true,,231,158,140,140,http://localhost:8080/?token=494370254&user=-1356109124&config=2,3899,0,0
1781062283860,3896,Config 2,200,OK,Stress Test 1-88,text,true,,231,158,140,140,http://localhost:8080/?token=494370254&user=-1356109124&config=2,3896,0,0
1781062283857,3899,Config 2,200,OK,Stress Test 1-84,text,true,,231,158,140,140,http://localhost:8080/?token=494370254&user=-1356109124&config=2,3899,0,0
1781062283860,3897,Config 2,200,OK,Stress Test 1-91,text,true,,231,158,140,140,http://localhost:8080/?token=494370254&user=-1356109124&config=2,3897,0,0
1781062283860,3898,Config 2,200,OK,Stress Test 1-92,text,true,,231,158,140,140,http://localhost:8080/?token=494370254&user=-1356109124&config=2,3898,0,0
1781062283860,3899,Config 2,200,OK,Stress Test 1-93,text,true,,231,158,140,140,http://localhost:8080/?token=494370254&user=-1356109124&config=2,3899,0,0
1781062283861,3900,Config 2,200,OK,Stress Test 1-97,text,true,,231,158,140,140,http://localhost:8080/?token=494370254&user=-1356109124&config=2,3900,0,0
1781062282096,5694,Config 2,200,OK,Stress Test 1-4,text,true,,231,158,140,140,http://localhost:8080/?token=494370254&user=-1356109124&config=2,5694,0,0
1781062283762,4032,Config 2,200,OK,Stress Test 1-5,text,true,,231,158,140,140,http://localhost:8080/?token=494370254&user=-1356109124&config=2,4032,0,0
1781062282085,5724,Config 2,200,OK,Stress Test 1-30,text,true,,231,158,140,140,http://localhost:8080/?token=494370254&user=-1356109124&config=2,5724,0,2
1781062282084,5725,Config 2,200,OK,Stress Test 1-28,text,true,,231,158,140,140,http://localhost:8080/?token=494370254&user=-1356109124&config=2,5725,0,1
1781062282413,7527,Config 2,200,OK,Stress Test 1-132,text,true,,231,158,144,144,http://localhost:8080/?token=494370254&user=-1356109124&config=2,7527,0,1
1781062283018,6922,Config 2,200,OK,Stress Test 1-133,text,true,,231,158,144,144,http://localhost:8080/?token=494370254&user=-1356109124&config=2,6922,0,1
1781062282084,7857,Config 2,200,OK,Stress Test 1-25,text,true,,231,158,144,144,http://localhost:8080/?token=494370254&user=-1356109124&config=2,7857,0,1
1781062282084,7857,Config 2,200,OK,Stress Test 1-22,text,true,,231,158,144,144,http://localhost:8080/?token=494370254&user=-1356109124&config=2,7857,0,1
1781062282086,7855,Config 2,200,OK,Stress Test 1-31,text,true,,231,158,144,144,http://localhost:8080/?token=494370254&user=-1356109124&config=2,7855,0,2
1781062282084,7857,Config 2,200,OK,Stress Test 1-29,text,true,,231,158,144,144,http://localhost:8080/?token=494370254&user=-1356109124&config=2,7857,0,1
1781062283614,6327,Config 2,200,OK,Stress Test 1-134,text,true,,231,158,144,144,http://localhost:8080/?token=494370254&user=-1356109124&config=2,6327,0,5
1781062283851,6125,Config 2,200,OK,Stress Test 1-54,text,true,,231,158,144,144,http://localhost:8080/?token=494370254&user=-1356109124&config=2,6125,0,0
1781062283850,6128,Config 2,200,OK,Stress Test 1-41,text,true,,231,158,144,144,http://localhost:8080/?token=494370254&user=-1356109124&config=2,6128,0,0
1781062283851,6127,Config 2,200,OK,Stress Test 1-57,text,true,,231,158,144,144,http://localhost:8080/?token=494370254&user=-1356109124&config=2,6127,0,0
1781062283853,6126,Config 2,200,OK,Stress Test 1-68,text,true,,231,158,144,144,http://localhost:8080/?token=494370254&user=-1356109124&config=2,6126,0,0
1781062283856,6124,Config 2,200,OK,Stress Test 1-79,text,true,,231,158,144,144,http://localhost:8080/?token=494370254&user=-1356109124&config=2,6124,0,0
1781062283801,6179,Config 2,200,OK,Stress Test 1-59,text,true,,231,158,144,144,http://localhost:8080/?token=494370254&user=-1356109124&config=2,6179,0,0
1781062283849,6131,Config 2,200,OK,Stress Test 1-118,text,true,,231,158,144,144,http://localhost:8080/?token=494370254&user=-1356109124&config=2,6131,0,0
1781062283838,6143,Config 2,200,OK,Stress Test 1-96,text,true,,231,158,144,144,http://localhost:8080/?token=494370254&user=-1356109124&config=2,6143,0,0
1781062283862,6119,Config 2,200,OK,Stress Test 1-99,text,true,,231,158,144,144,http://localhost:8080/?token=494370254&user=-1356109124&config=2,6119,0,0
1781062283834,6147,Config 2,200,OK,Stress Test 1-80,text,true,,231,158,144,144,http://localhost:8080/?token=494370254&user=-1356109124&config=2,6147,0,0
1781062283863,6119,Config 2,200,OK,Stress Test 1-103,text,true,,231,158,144,144,http://localhost:8080/?token=494370254&user=-1356109124&config=2,6119,0,0
1781062283863,6120,Config 2,200,OK,Stress Test 1-3,text,true,,231,158,144,144,http://localhost:8080/?token=494370254&user=-1356109124&config=2,6120,0,0
1781062283864,6120,Config 2,200,OK,Stress Test 1-24,text,true,,231,158,144,144,http://localhost:8080/?token=494370254&user=-1356109124&config=2,6120,0,0
1781062283864,6120,Config 2,200,OK,Stress Test 1-125,text,true,,231,158,144,144,http://localhost:8080/?token=494370254&user=-1356109124&config=2,6120,0,0
1781062283839,6145,Config 2,200,OK,Stress Test 1-6,text,true,,231,158,144,144,http://localhost:8080/?token=494370254&user=-1356109124&config=2,6145,0,0
1781062283842,6143,Config 2,200,OK,Stress Test 1-104,text,true,,231,158,144,144,http://localhost:8080/?token=494370254&user=-1356109124&config=2,6143,0,0
1781062283844,6142,Config 2,200,OK,Stress Test 1-105,text,true,,231,158,144,144,http://localhost:8080/?token=494370254&user=-1356109124&config=2,6142,0,0
1781062283844,6144,Config 2,200,OK,Stress Test 1-112,text,true,,231,158,144,144,http://localhost:8080/?token=494370254&user=-1356109124&config=2,6144,0,0
1781062283833,6155,Config 2,200,OK,Stress Test 1-75,text,true,,231,158,144,144,http://localhost:8080/?token=494370254&user=-1356109124&config=2,6155,0,0
1781062283837,6152,Config 2,200,OK,Stress Test 1-81,text,true,,231,158,144,144,http://localhost:8080/?token=494370254&user=-1356109124&config=2,6152,0,0
1781062283840,6149,Config 2,200,OK,Stress Test 1-12,text,true,,231,158,144,144,http://localhost:8080/?token=494370254&user=-1356109124&config=2,6149,0,0
1781062283840,6150,Config 2,200,OK,Stress Test 1-16,text,true,,231,158,144,144,http://localhost:8080/?token=494370254&user=-1356109124&config=2,6150,0,0
1781062285905,4087,Config 2,200,OK,Stress Test 1-108,text,true,,231,158,144,144,http://localhost:8080/?token=494370254&user=-1356109124&config=2,4087,0,0
1781062285887,4105,Config 2,200,OK,Stress Test 1-111,text,true,,231,158,144,144,http://localhost:8080/?token=494370254&user=-1356109124&config=2,4105,0,0
1781062285906,4089,Config 2,200,OK,Stress Test 1-10,text,true,,231,158,144,144,http://localhost:8080/?token=494370254&user=-1356109124&config=2,4089,0,0
1781062285884,4113,Config 2,200,OK,Stress Test 1-115,text,true,,231,158,144,144,http://localhost:8080/?token=494370254&user=-1356109124&config=2,4113,0,0
1781062285897,4100,Config 2,200,OK,Stress Test 1-113,text,true,,231,158,144,144,http://localhost:8080/?token=494370254&user=-1356109124&config=2,4100,0,0
1781062285888,4109,Config 2,200,OK,Stress Test 1-114,text,true,,231,158,144,144,http://localhost:8080/?token=494370254&user=-1356109124&config=2,4109,0,0
1781062285906,4093,Config 2,200,OK,Stress Test 1-120,text,true,,231,158,144,144,http://localhost:8080/?token=494370254&user=-1356109124&config=2,4093,0,0
1781062285906,4093,Config 2,200,OK,Stress Test 1-116,text,true,,231,158,144,144,http://localhost:8080/?token=494370254&user=-1356109124&config=2,4093,0,0
1781062285909,4091,Config 2,200,OK,Stress Test 1-124,text,true,,231,158,144,144,http://localhost:8080/?token=494370254&user=-1356109124&config=2,4091,0,0
1781062285810,4191,Config 2,200,OK,Stress Test 1-126,text,true,,231,158,144,144,http://localhost:8080/?token=494370254&user=-1356109124&config=2,4190,0,0
1781062285810,4191,Config 2,200,OK,Stress Test 1-127,text,true,,231,158,144,144,http://localhost:8080/?token=494370254&user=-1356109124&config=2,4191,0,0
1781062283783,6219,Config 2,200,OK,Stress Test 1-26,text,true,,231,158,144,144,http://localhost:8080/?token=494370254&user=-1356109124&config=2,6219,0,1
1781062284214,5788,Config 2,200,OK,Stress Test 1-135,text,true,,231,158,144,144,http://localhost:8080/?token=494370254&user=-1356109124&config=2,5788,0,1
1781062283849,6153,Config 2,200,OK,Stress Test 1-32,text,true,,231,158,144,144,http://localhost:8080/?token=494370254&user=-1356109124&config=2,6153,0,1
1781062284813,5190,Config 2,200,OK,Stress Test 1-136,text,true,,231,158,144,144,http://localhost:8080/?token=494370254&user=-1356109124&config=2,5190,0,1
1781062285414,4589,Config 2,200,OK,Stress Test 1-137,text,true,,231,158,144,144,http://localhost:8080/?token=494370254&user=-1356109124&config=2,4589,0,1
1781062285892,4112,Config 2,200,OK,Stress Test 1-69,text,true,,231,158,144,144,http://localhost:8080/?token=494370254&user=-1356109124&config=2,4112,0,0
1781062285884,4120,Config 2,200,OK,Stress Test 1-49,text,true,,231,158,144,144,http://localhost:8080/?token=494370254&user=-1356109124&config=2,4120,0,0
1781062285900,4105,Config 2,200,OK,Stress Test 1-70,text,true,,231,158,144,144,http://localhost:8080/?token=494370254&user=-1356109124&config=2,4105,0,0
1781062285924,4081,Config 2,200,OK,Stress Test 1-72,text,true,,231,158,144,144,http://localhost:8080/?token=494370254&user=-1356109124&config=2,4081,0,0
1781062285893,4113,Config 2,200,OK,Stress Test 1-76,text,true,,231,158,144,144,http://localhost:8080/?token=494370254&user=-1356109124&config=2,4113,0,0
1781062283801,6205,Config 2,200,OK,Stress Test 1-74,text,true,,231,158,144,144,http://localhost:8080/?token=494370254&user=-1356109124&config=2,6205,0,0
1781062285883,4124,Config 2,200,OK,Stress Test 1-83,text,true,,231,158,144,144,http://localhost:8080/?token=494370254&user=-1356109124&config=2,4124,0,0
1781062285883,4125,Config 2,200,OK,Stress Test 1-89,text,true,,231,158,144,144,http://localhost:8080/?token=494370254&user=-1356109124&config=2,4125,0,0
1781062285895,4113,Config 2,200,OK,Stress Test 1-87,text,true,,231,158,144,144,http://localhost:8080/?token=494370254&user=-1356109124&config=2,4112,0,0
1781062285900,4108,Config 2,200,OK,Stress Test 1-90,text,true,,231,158,144,144,http://localhost:8080/?token=494370254&user=-1356109124&config=2,4108,0,0
1781062285900,4109,Config 2,200,OK,Stress Test 1-100,text,true,,231,158,144,144,http://localhost:8080/?token=494370254&user=-1356109124&config=2,4109,0,0
1781062285926,4083,Config 2,200,OK,Stress Test 1-1,text,true,,231,158,144,144,http://localhost:8080/?token=494370254&user=-1356109124&config=2,4083,0,0
1781062285884,4126,Config 2,200,OK,Stress Test 1-2,text,true,,231,158,144,144,http://localhost:8080/?token=494370254&user=-1356109124&config=2,4126,0,0
1781062285901,4109,Config 2,200,OK,Stress Test 1-11,text,true,,231,158,144,144,http://localhost:8080/?token=494370254&user=-1356109124&config=2,4109,0,0
1781062285930,4081,Config 2,200,OK,Stress Test 1-9,text,true,,231,158,144,144,http://localhost:8080/?token=494370254&user=-1356109124&config=2,4081,0,0
1781062285885,4126,Config 2,200,OK,Stress Test 1-17,text,true,,231,158,144,144,http://localhost:8080/?token=494370254&user=-1356109124&config=2,4126,0,0
1781062285932,4081,Config 2,200,OK,Stress Test 1-20,text,true,,231,158,144,144,http://localhost:8080/?token=494370254&user=-1356109124&config=2,4081,0,0
1781062285934,4080,Config 2,200,OK,Stress Test 1-27,text,true,,231,158,144,144,http://localhost:8080/?token=494370254&user=-1356109124&config=2,4080,0,0
1781062285809,6059,Config 2,200,OK,Stress Test 1-23,text,true,,231,158,147,147,http://localhost:8080/?token=494370254&user=-1356109124&config=2,6059,0,0
1781062285907,6208,Config 2,200,OK,Stress Test 1-122,text,true,,231,158,148,148,http://localhost:8080/?token=494370254&user=-1356109124&config=2,6208,0,0
1781062285934,6185,Config 2,200,OK,Stress Test 1-18,text,true,,231,158,148,148,http://localhost:8080/?token=494370254&user=-1356109124&config=2,6184,0,0
1781062285924,6195,Config 2,200,OK,Stress Test 1-65,text,true,,231,158,148,148,http://localhost:8080/?token=494370254&user=-1356109124&config=2,6195,0,0
1781062285907,6213,Config 2,200,OK,Stress Test 1-121,text,true,,231,158,148,148,http://localhost:8080/?token=494370254&user=-1356109124&config=2,6213,0,0
1781062285909,6211,Config 2,200,OK,Stress Test 1-128,text,true,,231,158,148,148,http://localhost:8080/?token=494370254&user=-1356109124&config=2,6211,0,0
1781062285930,6190,Config 2,200,OK,Stress Test 1-13,text,true,,231,158,148,148,http://localhost:8080/?token=494370254&user=-1356109124&config=2,6190,0,0
1781062285931,6189,Config 2,200,OK,Stress Test 1-15,text,true,,231,158,148,148,http://localhost:8080/?token=494370254&user=-1356109124&config=2,6189,0,0
1781062285937,6184,Config 2,200,OK,Stress Test 1-131,text,true,,231,158,148,148,http://localhost:8080/?token=494370254&user=-1356109124&config=2,6184,0,0
1781062285920,6202,Config 2,200,OK,Stress Test 1-43,text,true,,231,158,148,148,http://localhost:8080/?token=494370254&user=-1356109124&config=2,6202,0,0
1781062285916,6206,Config 2,200,OK,Stress Test 1-38,text,true,,231,158,148,148,http://localhost:8080/?token=494370254&user=-1356109124&config=2,6206,0,0
1781062285922,6203,Config 2,200,OK,Stress Test 1-53,text,true,,231,158,148,148,http://localhost:8080/?token=494370254&user=-1356109124&config=2,6202,0,0
1781062285922,6203,Config 2,200,OK,Stress Test 1-55,text,true,,231,158,148,148,http://localhost:8080/?token=494370254&user=-1356109124&config=2,6203,0,0
1781062285925,6204,Config 2,200,OK,Stress Test 1-82,text,true,,231,158,148,148,http://localhost:8080/?token=494370254&user=-1356109124&config=2,6204,0,0
1781062285901,6228,Config 2,200,OK,Stress Test 1-7,text,true,,231,158,148,148,http://localhost:8080/?token=494370254&user=-1356109124&config=2,6228,0,0
1781062285935,6195,Config 2,200,OK,Stress Test 1-129,text,true,,231,158,148,148,http://localhost:8080/?token=494370254&user=-1356109124&config=2,6195,0,0
1781062285917,6214,Config 2,200,OK,Stress Test 1-39,text,true,,231,158,148,148,http://localhost:8080/?token=494370254&user=-1356109124&config=2,6214,0,0
1781062287751,4382,Config 2,200,OK,Stress Test 1-119,text,true,,231,158,148,148,http://localhost:8080/?token=494370254&user=-1356109124&config=2,4382,0,0
1781062287745,4389,Config 2,200,OK,Stress Test 1-40,text,true,,231,158,148,148,http://localhost:8080/?token=494370254&user=-1356109124&config=2,4389,0,2
1781062287751,4385,Config 2,200,OK,Stress Test 1-44,text,true,,231,158,148,148,http://localhost:8080/?token=494370254&user=-1356109124&config=2,4385,0,0
1781062287743,4394,Config 2,200,OK,Stress Test 1-45,text,true,,231,158,148,148,http://localhost:8080/?token=494370254&user=-1356109124&config=2,4394,0,0
1781062287745,4394,Config 2,200,OK,Stress Test 1-47,text,true,,231,158,148,148,http://localhost:8080/?token=494370254&user=-1356109124&config=2,4394,0,0
1781062287751,4390,Config 2,200,OK,Stress Test 1-48,text,true,,231,158,148,148,http://localhost:8080/?token=494370254&user=-1356109124&config=2,4390,0,0
1781062287744,4401,Config 2,200,OK,Stress Test 1-52,text,true,,231,158,148,148,http://localhost:8080/?token=494370254&user=-1356109124&config=2,4401,0,0
1781062287752,4394,Config 2,200,OK,Stress Test 1-58,text,true,,231,158,148,148,http://localhost:8080/?token=494370254&user=-1356109124&config=2,4394,0,0
1781062287744,4402,Config 2,200,OK,Stress Test 1-60,text,true,,231,158,148,148,http://localhost:8080/?token=494370254&user=-1356109124&config=2,4402,0,0
1781062287743,4404,Config 2,200,OK,Stress Test 1-61,text,true,,231,158,148,148,http://localhost:8080/?token=494370254&user=-1356109124&config=2,4404,0,0
1781062287753,4395,Config 2,200,OK,Stress Test 1-62,text,true,,231,158,148,148,http://localhost:8080/?token=494370254&user=-1356109124&config=2,4395,0,0
1781062287744,4404,Config 2,200,OK,Stress Test 1-66,text,true,,231,158,148,148,http://localhost:8080/?token=494370254&user=-1356109124&config=2,4404,0,0
1781062287754,4395,Config 2,200,OK,Stress Test 1-71,text,true,,231,158,148,148,http://localhost:8080/?token=494370254&user=-1356109124&config=2,4395,0,0
1781062287754,4395,Config 2,200,OK,Stress Test 1-67,text,true,,231,158,148,148,http://localhost:8080/?token=494370254&user=-1356109124&config=2,4395,0,0
1781062287745,4405,Config 2,200,OK,Stress Test 1-77,text,true,,231,158,148,148,http://localhost:8080/?token=494370254&user=-1356109124&config=2,4405,0,0
1781062287745,4405,Config 2,200,OK,Stress Test 1-86,text,true,,231,158,148,148,http://localhost:8080/?token=494370254&user=-1356109124&config=2,4405,0,0
1781062287758,4392,Config 2,200,OK,Stress Test 1-91,text,true,,231,158,148,148,http://localhost:8080/?token=494370254&user=-1356109124&config=2,4392,0,0
1781062287760,4392,Config 2,200,OK,Stress Test 1-93,text,true,,231,158,148,148,http://localhost:8080/?token=494370254&user=-1356109124&config=2,4392,0,0
1781062287759,4393,Config 2,200,OK,Stress Test 1-92,text,true,,231,158,148,148,http://localhost:8080/?token=494370254&user=-1356109124&config=2,4393,0,0
1781062287743,4410,Config 2,200,OK,Stress Test 1-98,text,true,,231,158,148,148,http://localhost:8080/?token=494370254&user=-1356109124&config=2,4410,0,0
1781062287745,4409,Config 2,200,OK,Stress Test 1-106,text,true,,231,158,148,148,http://localhost:8080/?token=494370254&user=-1356109124&config=2,4409,0,0
1781062287745,4409,Config 2,200,OK,Stress Test 1-8,text,true,,231,158,148,148,http://localhost:8080/?token=494370254&user=-1356109124&config=2,4409,0,0
1781062287744,4411,Config 2,200,OK,Stress Test 1-14,text,true,,231,158,148,148,http://localhost:8080/?token=494370254&user=-1356109124&config=2,4411,0,0
1781062287810,4346,Config 2,200,OK,Stress Test 1-28,text,true,,231,158,148,148,http://localhost:8080/?token=494370254&user=-1356109124&config=2,4346,0,0
1781062285908,8364,Config 2,200,OK,Stress Test 1-123,text,true,,231,158,151,151,http://localhost:8080/?token=494370254&user=-1356109124&config=2,8364,0,0
1781062286623,7649,Config 2,200,OK,Stress Test 1-139,text,true,,231,158,151,151,http://localhost:8080/?token=494370254&user=-1356109124&config=2,7649,0,1
1781062286013,8259,Config 2,200,OK,Stress Test 1-138,text,true,,231,158,151,151,http://localhost:8080/?token=494370254&user=-1356109124&config=2,8259,0,1
1781062285923,8350,Config 2,200,OK,Stress Test 1-64,text,true,,231,158,151,151,http://localhost:8080/?token=494370254&user=-1356109124&config=2,8350,0,0
1781062285923,8350,Config 2,200,OK,Stress Test 1-56,text,true,,231,158,151,151,http://localhost:8080/?token=494370254&user=-1356109124&config=2,8350,0,0
1781062285921,8352,Config 2,200,OK,Stress Test 1-51,text,true,,231,158,151,151,http://localhost:8080/?token=494370254&user=-1356109124&config=2,8352,0,0
1781062287213,7060,Config 2,200,OK,Stress Test 1-140,text,true,,231,158,151,151,http://localhost:8080/?token=494370254&user=-1356109124&config=2,7060,0,1
1781062285926,8348,Config 2,200,OK,Stress Test 1-102,text,true,,231,158,151,151,http://localhost:8080/?token=494370254&user=-1356109124&config=2,8348,0,0
1781062285925,8349,Config 2,200,OK,Stress Test 1-94,text,true,,231,158,151,151,http://localhost:8080/?token=494370254&user=-1356109124&config=2,8349,0,0
1781062285933,8341,Config 2,200,OK,Stress Test 1-19,text,true,,231,158,151,151,http://localhost:8080/?token=494370254&user=-1356109124&config=2,8341,0,0
1781062285892,8384,Config 2,200,OK,Stress Test 1-35,text,true,,231,158,151,151,http://localhost:8080/?token=494370254&user=-1356109124&config=2,8384,0,1
1781062285890,8385,Config 2,200,OK,Stress Test 1-34,text,true,,231,158,151,151,http://localhost:8080/?token=494370254&user=-1356109124&config=2,8385,0,1
1781062285936,8339,Config 2,200,OK,Stress Test 1-130,text,true,,231,158,151,151,http://localhost:8080/?token=494370254&user=-1356109124&config=2,8339,0,0
1781062285914,8362,Config 2,200,OK,Stress Test 1-37,text,true,,231,158,151,151,http://localhost:8080/?token=494370254&user=-1356109124&config=2,8362,0,1
1781062285911,8365,Config 2,200,OK,Stress Test 1-33,text,true,,231,158,151,151,http://localhost:8080/?token=494370254&user=-1356109124&config=2,8365,0,2
1781062289986,4344,Config 2,200,OK,Stress Test 1-104,text,true,,231,158,151,151,http://localhost:8080/?token=494370254&user=-1356109124&config=2,4344,0,0
1781062287750,6581,Config 2,200,OK,Stress Test 1-107,text,true,,231,158,151,151,http://localhost:8080/?token=494370254&user=-1356109124&config=2,6581,0,0
1781062289987,4345,Config 2,200,OK,Stress Test 1-105,text,true,,231,158,151,151,http://localhost:8080/?token=494370254&user=-1356109124&config=2,4345,0,0
1781062289993,4339,Config 2,200,OK,Stress Test 1-108,text,true,,231,158,151,151,http://localhost:8080/?token=494370254&user=-1356109124&config=2,4339,0,0
1781062287750,6582,Config 2,200,OK,Stress Test 1-110,text,true,,231,158,151,151,http://localhost:8080/?token=494370254&user=-1356109124&config=2,6582,0,0
1781062289998,4334,Config 2,200,OK,Stress Test 1-113,text,true,,231,158,151,151,http://localhost:8080/?token=494370254&user=-1356109124&config=2,4334,0,0
1781062289988,4344,Config 2,200,OK,Stress Test 1-112,text,true,,231,158,151,151,http://localhost:8080/?token=494370254&user=-1356109124&config=2,4344,0,0
1781062289994,4338,Config 2,200,OK,Stress Test 1-111,text,true,,231,158,151,151,http://localhost:8080/?token=494370254&user=-1356109124&config=2,4338,0,0
1781062287750,6582,Config 2,200,OK,Stress Test 1-117,text,true,,231,158,151,151,http://localhost:8080/?token=494370254&user=-1356109124&config=2,6582,0,0
1781062289995,4337,Config 2,200,OK,Stress Test 1-10,text,true,,231,158,151,151,http://localhost:8080/?token=494370254&user=-1356109124&config=2,4337,0,0
1781062290002,4330,Config 2,200,OK,Stress Test 1-127,text,true,,231,158,151,151,http://localhost:8080/?token=494370254&user=-1356109124&config=2,4330,0,0
1781062289981,4351,Config 2,200,OK,Stress Test 1-118,text,true,,231,158,151,151,http://localhost:8080/?token=494370254&user=-1356109124&config=2,4351,0,0
1781062290002,4330,Config 2,200,OK,Stress Test 1-135,text,true,,231,158,151,151,http://localhost:8080/?token=494370254&user=-1356109124&config=2,4330,0,0
1781062290000,4332,Config 2,200,OK,Stress Test 1-124,text,true,,231,158,151,151,http://localhost:8080/?token=494370254&user=-1356109124&config=2,4332,0,0
1781062289943,4389,Config 2,200,OK,Stress Test 1-134,text,true,,231,158,151,151,http://localhost:8080/?token=494370254&user=-1356109124&config=2,4389,0,0
1781062290012,4320,Config 2,200,OK,Stress Test 1-26,text,true,,231,158,151,151,http://localhost:8080/?token=494370254&user=-1356109124&config=2,4320,0,0
1781062290002,4330,Config 2,200,OK,Stress Test 1-32,text,true,,231,158,151,151,http://localhost:8080/?token=494370254&user=-1356109124&config=2,4330,0,0
1781062287751,6582,Config 2,200,OK,Stress Test 1-42,text,true,,231,158,151,151,http://localhost:8080/?token=494370254&user=-1356109124&config=2,6581,0,0
1781062287820,6512,Config 2,200,OK,Stress Test 1-141,text,true,,231,158,151,151,http://localhost:8080/?token=494370254&user=-1356109124&config=2,6512,0,1
1781062288413,5919,Config 2,200,OK,Stress Test 1-142,text,true,,231,158,151,151,http://localhost:8080/?token=494370254&user=-1356109124&config=2,5919,0,2
1781062287748,6586,Config 2,200,OK,Stress Test 1-46,text,true,,231,158,151,151,http://localhost:8080/?token=494370254&user=-1356109124&config=2,6586,0,0
1781062287752,6584,Config 2,200,OK,Stress Test 1-50,text,true,,231,158,151,151,http://localhost:8080/?token=494370254&user=-1356109124&config=2,6584,0,0
1781062289976,4361,Config 2,200,OK,Stress Test 1-54,text,true,,231,158,151,151,http://localhost:8080/?token=494370254&user=-1356109124&config=2,4361,0,0
1781062289979,4358,Config 2,200,OK,Stress Test 1-57,text,true,,231,158,151,151,http://localhost:8080/?token=494370254&user=-1356109124&config=2,4358,0,0
1781062289981,4357,Config 2,200,OK,Stress Test 1-59,text,true,,231,158,151,151,http://localhost:8080/?token=494370254&user=-1356109124&config=2,4357,0,0
1781062287753,6585,Config 2,200,OK,Stress Test 1-63,text,true,,231,158,151,151,http://localhost:8080/?token=494370254&user=-1356109124&config=2,6585,0,0
1781062287755,6584,Config 2,200,OK,Stress Test 1-78,text,true,,231,158,151,151,http://localhost:8080/?token=494370254&user=-1356109124&config=2,6584,0,0
1781062289988,4350,Config 2,200,OK,Stress Test 1-75,text,true,,231,158,151,151,http://localhost:8080/?token=494370254&user=-1356109124&config=2,4350,0,0
1781062287755,6583,Config 2,200,OK,Stress Test 1-73,text,true,,231,158,151,151,http://localhost:8080/?token=494370254&user=-1356109124&config=2,6583,0,0
1781062289980,4358,Config 2,200,OK,Stress Test 1-68,text,true,,231,158,151,151,http://localhost:8080/?token=494370254&user=-1356109124&config=2,4358,0,0
1781062289981,4358,Config 2,200,OK,Stress Test 1-79,text,true,,231,158,151,151,http://localhost:8080/?token=494370254&user=-1356109124&config=2,4358,0,0
1781062289982,4357,Config 2,200,OK,Stress Test 1-80,text,true,,231,158,151,151,http://localhost:8080/?token=494370254&user=-1356109124&config=2,4357,0,0
1781062289989,4350,Config 2,200,OK,Stress Test 1-81,text,true,,231,158,151,151,http://localhost:8080/?token=494370254&user=-1356109124&config=2,4350,0,0
1781062287756,6584,Config 2,200,OK,Stress Test 1-84,text,true,,231,158,151,151,http://localhost:8080/?token=494370254&user=-1356109124&config=2,6583,0,0
1781062287748,6592,Config 2,200,OK,Stress Test 1-85,text,true,,231,158,151,151,http://localhost:8080/?token=494370254&user=-1356109124&config=2,6592,0,0
1781062287748,6592,Config 2,200,OK,Stress Test 1-95,text,true,,231,158,151,151,http://localhost:8080/?token=494370254&user=-1356109124&config=2,6592,0,0
1781062287756,6584,Config 2,200,OK,Stress Test 1-88,text,true,,231,158,151,151,http://localhost:8080/?token=494370254&user=-1356109124&config=2,6584,0,0
1781062287762,6578,Config 2,200,OK,Stress Test 1-97,text,true,,231,158,151,151,http://localhost:8080/?token=494370254&user=-1356109124&config=2,6578,0,0
1781062289982,4358,Config 2,200,OK,Stress Test 1-96,text,true,,231,158,151,151,http://localhost:8080/?token=494370254&user=-1356109124&config=2,4358,0,0
1781062287746,6595,Config 2,200,OK,Stress Test 1-101,text,true,,231,158,151,151,http://localhost:8080/?token=494370254&user=-1356109124&config=2,6595,0,0
1781062289982,4359,Config 2,200,OK,Stress Test 1-99,text,true,,231,158,151,151,http://localhost:8080/?token=494370254&user=-1356109124&config=2,4359,0,0
1781062289983,4358,Config 2,200,OK,Stress Test 1-103,text,true,,231,158,151,151,http://localhost:8080/?token=494370254&user=-1356109124&config=2,4358,0,0
1781062289983,4358,Config 2,200,OK,Stress Test 1-3,text,true,,231,158,151,151,http://localhost:8080/?token=494370254&user=-1356109124&config=2,4358,0,0
1781062287792,6550,Config 2,200,OK,Stress Test 1-4,text,true,,231,158,151,151,http://localhost:8080/?token=494370254&user=-1356109124&config=2,6550,0,0
1781062287748,6594,Config 2,200,OK,Stress Test 1-109,text,true,,231,158,151,151,http://localhost:8080/?token=494370254&user=-1356109124&config=2,6594,0,0
1781062287795,6547,Config 2,200,OK,Stress Test 1-5,text,true,,231,158,151,151,http://localhost:8080/?token=494370254&user=-1356109124&config=2,6547,0,0
1781062289984,4358,Config 2,200,OK,Stress Test 1-6,text,true,,231,158,151,151,http://localhost:8080/?token=494370254&user=-1356109124&config=2,4358,0,0
1781062287749,6594,Config 2,200,OK,Stress Test 1-21,text,true,,231,158,151,151,http://localhost:8080/?token=494370254&user=-1356109124&config=2,6594,0,0
1781062289984,4359,Config 2,200,OK,Stress Test 1-24,text,true,,231,158,151,151,http://localhost:8080/?token=494370254&user=-1356109124&config=2,4359,0,0
1781062289989,4354,Config 2,200,OK,Stress Test 1-12,text,true,,231,158,151,151,http://localhost:8080/?token=494370254&user=-1356109124&config=2,4354,0,0
1781062289984,4359,Config 2,200,OK,Stress Test 1-125,text,true,,231,158,151,151,http://localhost:8080/?token=494370254&user=-1356109124&config=2,4359,0,0
1781062287746,6598,Config 2,200,OK,Stress Test 1-36,text,true,,231,158,151,151,http://localhost:8080/?token=494370254&user=-1356109124&config=2,6598,0,2
1781062287810,6534,Config 2,200,OK,Stress Test 1-30,text,true,,231,158,151,151,http://localhost:8080/?token=494370254&user=-1356109124&config=2,6534,0,0
1781062289009,5335,Config 2,200,OK,Stress Test 1-143,text,true,,231,158,151,151,http://localhost:8080/?token=494370254&user=-1356109124&config=2,5335,0,1
1781062289941,5686,Config 2,200,OK,Stress Test 1-132,text,true,,231,158,154,154,http://localhost:8080/?token=494370254&user=-1356109124&config=2,5686,0,0
1781062289941,5686,Config 2,200,OK,Stress Test 1-133,text,true,,231,158,154,154,http://localhost:8080/?token=494370254&user=-1356109124&config=2,5686,0,0
1781062289942,5685,Config 2,200,OK,Stress Test 1-25,text,true,,231,158,154,154,http://localhost:8080/?token=494370254&user=-1356109124&config=2,5685,0,0
1781062289942,5685,Config 2,200,OK,Stress Test 1-22,text,true,,231,158,154,154,http://localhost:8080/?token=494370254&user=-1356109124&config=2,5685,0,0
1781062289942,5685,Config 2,200,OK,Stress Test 1-29,text,true,,231,158,154,154,http://localhost:8080/?token=494370254&user=-1356109124&config=2,5685,0,0
1781062289942,5686,Config 2,200,OK,Stress Test 1-31,text,true,,231,158,154,154,http://localhost:8080/?token=494370254&user=-1356109124&config=2,5686,0,0
1781062289612,6016,Config 2,200,OK,Stress Test 1-144,text,true,,231,158,154,154,http://localhost:8080/?token=494370254&user=-1356109124&config=2,6016,0,1
1781062289999,5707,Config 2,200,OK,Stress Test 1-114,text,true,,231,158,154,154,http://localhost:8080/?token=494370254&user=-1356109124&config=2,5707,0,0
1781062290000,5706,Config 2,200,OK,Stress Test 1-116,text,true,,231,158,154,154,http://localhost:8080/?token=494370254&user=-1356109124&config=2,5706,0,0
1781062290000,5707,Config 2,200,OK,Stress Test 1-120,text,true,,231,158,154,154,http://localhost:8080/?token=494370254&user=-1356109124&config=2,5706,0,0
1781062290001,5706,Config 2,200,OK,Stress Test 1-126,text,true,,231,158,154,154,http://localhost:8080/?token=494370254&user=-1356109124&config=2,5706,0,0
1781062290003,5707,Config 2,200,OK,Stress Test 1-136,text,true,,231,158,154,154,http://localhost:8080/?token=494370254&user=-1356109124&config=2,5707,0,0
1781062289998,5712,Config 2,200,OK,Stress Test 1-115,text,true,,231,158,154,154,http://localhost:8080/?token=494370254&user=-1356109124&config=2,5712,0,0
1781062290003,5708,Config 2,200,OK,Stress Test 1-137,text,true,,231,158,154,154,http://localhost:8080/?token=494370254&user=-1356109124&config=2,5708,0,0
1781062290004,5707,Config 2,200,OK,Stress Test 1-49,text,true,,231,158,154,154,http://localhost:8080/?token=494370254&user=-1356109124&config=2,5707,0,0
1781062290004,5707,Config 2,200,OK,Stress Test 1-69,text,true,,231,158,154,154,http://localhost:8080/?token=494370254&user=-1356109124&config=2,5707,0,0
1781062290005,5706,Config 2,200,OK,Stress Test 1-70,text,true,,231,158,154,154,http://localhost:8080/?token=494370254&user=-1356109124&config=2,5706,0,0
1781062290005,5706,Config 2,200,OK,Stress Test 1-72,text,true,,231,158,154,154,http://localhost:8080/?token=494370254&user=-1356109124&config=2,5706,0,0
1781062290007,5704,Config 2,200,OK,Stress Test 1-74,text,true,,231,158,154,154,http://localhost:8080/?token=494370254&user=-1356109124&config=2,5704,0,0
1781062290008,5703,Config 2,200,OK,Stress Test 1-90,text,true,,231,158,154,154,http://localhost:8080/?token=494370254&user=-1356109124&config=2,5703,0,0
1781062290007,5704,Config 2,200,OK,Stress Test 1-76,text,true,,231,158,154,154,http://localhost:8080/?token=494370254&user=-1356109124&config=2,5704,0,0
1781062290009,5702,Config 2,200,OK,Stress Test 1-1,text,true,,231,158,154,154,http://localhost:8080/?token=494370254&user=-1356109124&config=2,5702,0,0
1781062290009,5702,Config 2,200,OK,Stress Test 1-100,text,true,,231,158,154,154,http://localhost:8080/?token=494370254&user=-1356109124&config=2,5702,0,0
1781062290011,5700,Config 2,200,OK,Stress Test 1-11,text,true,,231,158,154,154,http://localhost:8080/?token=494370254&user=-1356109124&config=2,5700,0,0
1781062290014,5698,Config 2,200,OK,Stress Test 1-27,text,true,,231,158,154,154,http://localhost:8080/?token=494370254&user=-1356109124&config=2,5698,0,0
1781062290011,5701,Config 2,200,OK,Stress Test 1-9,text,true,,231,158,154,154,http://localhost:8080/?token=494370254&user=-1356109124&config=2,5701,0,0
1781062290008,5706,Config 2,200,OK,Stress Test 1-89,text,true,,231,158,154,154,http://localhost:8080/?token=494370254&user=-1356109124&config=2,5706,0,0
1781062290012,5702,Config 2,200,OK,Stress Test 1-17,text,true,,231,158,154,154,http://localhost:8080/?token=494370254&user=-1356109124&config=2,5702,0,0
1781062290010,5704,Config 2,200,OK,Stress Test 1-2,text,true,,231,158,154,154,http://localhost:8080/?token=494370254&user=-1356109124&config=2,5704,0,0
1781062292120,3595,Config 2,200,OK,Stress Test 1-121,text,true,,231,158,154,154,http://localhost:8080/?token=494370254&user=-1356109124&config=2,3595,0,0
1781062292116,3599,Config 2,200,OK,Stress Test 1-122,text,true,,231,158,154,154,http://localhost:8080/?token=494370254&user=-1356109124&config=2,3599,0,0
1781062292120,3595,Config 2,200,OK,Stress Test 1-128,text,true,,231,158,154,154,http://localhost:8080/?token=494370254&user=-1356109124&config=2,3595,0,0
1781062292126,3589,Config 2,200,OK,Stress Test 1-53,text,true,,231,158,154,154,http://localhost:8080/?token=494370254&user=-1356109124&config=2,3589,0,0
1781062292128,3587,Config 2,200,OK,Stress Test 1-55,text,true,,231,158,154,154,http://localhost:8080/?token=494370254&user=-1356109124&config=2,3587,0,0
1781062292120,3596,Config 2,200,OK,Stress Test 1-65,text,true,,231,158,154,154,http://localhost:8080/?token=494370254&user=-1356109124&config=2,3596,0,0
1781062292129,3587,Config 2,200,OK,Stress Test 1-82,text,true,,231,158,154,154,http://localhost:8080/?token=494370254&user=-1356109124&config=2,3587,0,0
1781062292130,3587,Config 2,200,OK,Stress Test 1-7,text,true,,231,158,154,154,http://localhost:8080/?token=494370254&user=-1356109124&config=2,3587,0,0
1781062292121,3596,Config 2,200,OK,Stress Test 1-13,text,true,,231,158,154,154,http://localhost:8080/?token=494370254&user=-1356109124&config=2,3596,0,0
1781062292121,3596,Config 2,200,OK,Stress Test 1-15,text,true,,231,158,154,154,http://localhost:8080/?token=494370254&user=-1356109124&config=2,3596,0,0
1781062292119,3599,Config 2,200,OK,Stress Test 1-18,text,true,,231,158,154,154,http://localhost:8080/?token=494370254&user=-1356109124&config=2,3599,0,0
1781062290013,5705,Config 2,200,OK,Stress Test 1-20,text,true,,231,158,154,154,http://localhost:8080/?token=494370254&user=-1356109124&config=2,5705,0,0
1781062292130,3588,Config 2,200,OK,Stress Test 1-129,text,true,,231,158,154,154,http://localhost:8080/?token=494370254&user=-1356109124&config=2,3588,0,0
1781062292122,3597,Config 2,200,OK,Stress Test 1-131,text,true,,231,158,154,154,http://localhost:8080/?token=494370254&user=-1356109124&config=2,3597,0,0
1781062291869,6753,Config 2,200,OK,Stress Test 1-23,text,true,,231,158,159,159,http://localhost:8080/?token=494370254&user=-1356109124&config=2,6753,0,0
1781062290210,8413,Config 2,200,OK,Stress Test 1-145,text,true,,231,158,159,159,http://localhost:8080/?token=494370254&user=-1356109124&config=2,8413,0,1
1781062290007,8616,Config 2,200,OK,Stress Test 1-83,text,true,,231,158,159,159,http://localhost:8080/?token=494370254&user=-1356109124&config=2,8616,0,0
1781062290008,8617,Config 2,200,OK,Stress Test 1-87,text,true,,231,158,159,159,http://localhost:8080/?token=494370254&user=-1356109124&config=2,8617,0,0
1781062289990,8635,Config 2,200,OK,Stress Test 1-16,text,true,,231,158,159,159,http://localhost:8080/?token=494370254&user=-1356109124&config=2,8635,0,0
1781062289979,8646,Config 2,200,OK,Stress Test 1-41,text,true,,231,158,159,159,http://localhost:8080/?token=494370254&user=-1356109124&config=2,8646,0,2
1781062290812,7815,Config 2,200,OK,Stress Test 1-146,text,true,,231,158,159,159,http://localhost:8080/?token=494370254&user=-1356109124&config=2,7815,0,1
1781062291419,7209,Config 2,200,OK,Stress Test 1-147,text,true,,231,158,159,159,http://localhost:8080/?token=494370254&user=-1356109124&config=2,7209,0,2
1781062292134,7160,Config 2,200,OK,Stress Test 1-40,text,true,,231,158,160,160,http://localhost:8080/?token=494370254&user=-1356109124&config=2,7160,0,0
1781062292146,7148,Config 2,200,OK,Stress Test 1-52,text,true,,231,158,160,160,http://localhost:8080/?token=494370254&user=-1356109124&config=2,7148,0,0
1781062292134,7162,Config 2,200,OK,Stress Test 1-119,text,true,,231,158,160,160,http://localhost:8080/?token=494370254&user=-1356109124&config=2,7162,0,0
1781062292146,7150,Config 2,200,OK,Stress Test 1-58,text,true,,231,158,160,160,http://localhost:8080/?token=494370254&user=-1356109124&config=2,7150,0,0
1781062292147,7149,Config 2,200,OK,Stress Test 1-60,text,true,,231,158,160,160,http://localhost:8080/?token=494370254&user=-1356109124&config=2,7149,0,0
1781062292147,7149,Config 2,200,OK,Stress Test 1-61,text,true,,231,158,160,160,http://localhost:8080/?token=494370254&user=-1356109124&config=2,7149,0,0
1781062292149,7147,Config 2,200,OK,Stress Test 1-71,text,true,,231,158,160,160,http://localhost:8080/?token=494370254&user=-1356109124&config=2,7147,0,0
1781062292151,7145,Config 2,200,OK,Stress Test 1-91,text,true,,231,158,160,160,http://localhost:8080/?token=494370254&user=-1356109124&config=2,7145,0,0
1781062292152,7144,Config 2,200,OK,Stress Test 1-92,text,true,,231,158,160,160,http://localhost:8080/?token=494370254&user=-1356109124&config=2,7144,0,0
1781062292149,7149,Config 2,200,OK,Stress Test 1-67,text,true,,231,158,160,160,http://localhost:8080/?token=494370254&user=-1356109124&config=2,7149,0,0
1781062292148,7150,Config 2,200,OK,Stress Test 1-62,text,true,,231,158,160,160,http://localhost:8080/?token=494370254&user=-1356109124&config=2,7150,0,0
1781062292152,7146,Config 2,200,OK,Stress Test 1-93,text,true,,231,158,160,160,http://localhost:8080/?token=494370254&user=-1356109124&config=2,7146,0,0
1781062292123,7175,Config 2,200,OK,Stress Test 1-38,text,true,,231,158,160,160,http://localhost:8080/?token=494370254&user=-1356109124&config=2,7175,0,1
1781062292151,7148,Config 2,200,OK,Stress Test 1-86,text,true,,231,158,160,160,http://localhost:8080/?token=494370254&user=-1356109124&config=2,7148,0,0
1781062292154,7145,Config 2,200,OK,Stress Test 1-98,text,true,,231,158,160,160,http://localhost:8080/?token=494370254&user=-1356109124&config=2,7145,0,0
1781062292148,7151,Config 2,200,OK,Stress Test 1-66,text,true,,231,158,160,160,http://localhost:8080/?token=494370254&user=-1356109124&config=2,7151,0,0
1781062292150,7149,Config 2,200,OK,Stress Test 1-77,text,true,,231,158,160,160,http://localhost:8080/?token=494370254&user=-1356109124&config=2,7149,0,0
1781062292157,7143,Config 2,200,OK,Stress Test 1-28,text,true,,231,158,160,160,http://localhost:8080/?token=494370254&user=-1356109124&config=2,7143,0,0
1781062292156,7144,Config 2,200,OK,Stress Test 1-14,text,true,,231,158,160,160,http://localhost:8080/?token=494370254&user=-1356109124&config=2,7144,0,0
1781062292155,7145,Config 2,200,OK,Stress Test 1-106,text,true,,231,158,160,160,http://localhost:8080/?token=494370254&user=-1356109124&config=2,7145,0,0
1781062292155,7145,Config 2,200,OK,Stress Test 1-8,text,true,,231,158,160,160,http://localhost:8080/?token=494370254&user=-1356109124&config=2,7145,0,0
1781062292137,7164,Config 2,200,OK,Stress Test 1-44,text,true,,231,158,160,160,http://localhost:8080/?token=494370254&user=-1356109124&config=2,7164,0,1
1781062292123,7178,Config 2,200,OK,Stress Test 1-43,text,true,,231,158,160,160,http://localhost:8080/?token=494370254&user=-1356109124&config=2,7178,0,1
1781062292029,7272,Config 2,200,OK,Stress Test 1-148,text,true,,231,158,160,160,http://localhost:8080/?token=494370254&user=-1356109124&config=2,7272,0,1
1781062292137,7164,Config 2,200,OK,Stress Test 1-45,text,true,,231,158,160,160,http://localhost:8080/?token=494370254&user=-1356109124&config=2,7164,0,2
1781062294273,5030,Config 2,200,OK,Stress Test 1-140,text,true,,231,158,160,160,http://localhost:8080/?token=494370254&user=-1356109124&config=2,5030,0,0
1781062294273,5029,Config 2,200,OK,Stress Test 1-138,text,true,,231,158,160,160,http://localhost:8080/?token=494370254&user=-1356109124&config=2,5029,0,0
1781062294272,5030,Config 2,200,OK,Stress Test 1-123,text,true,,231,158,160,160,http://localhost:8080/?token=494370254&user=-1356109124&config=2,5030,0,0
1781062294273,5029,Config 2,200,OK,Stress Test 1-139,text,true,,231,158,160,160,http://localhost:8080/?token=494370254&user=-1356109124&config=2,5029,0,0
1781062293210,6093,Config 2,200,OK,Stress Test 1-150,text,true,,231,158,160,160,http://localhost:8080/?token=494370254&user=-1356109124&config=2,6093,0,1
1781062293824,5479,Config 2,200,OK,Stress Test 1-151,text,true,,231,158,160,160,http://localhost:8080/?token=494370254&user=-1356109124&config=2,5479,0,3
1781062292615,6688,Config 2,200,OK,Stress Test 1-149,text,true,,231,158,160,160,http://localhost:8080/?token=494370254&user=-1356109124&config=2,6688,0,1
1781062294273,5031,Config 2,200,OK,Stress Test 1-56,text,true,,231,158,160,160,http://localhost:8080/?token=494370254&user=-1356109124&config=2,5031,0,0
1781062294273,5031,Config 2,200,OK,Stress Test 1-64,text,true,,231,158,160,160,http://localhost:8080/?token=494370254&user=-1356109124&config=2,5031,0,0
1781062294273,5031,Config 2,200,OK,Stress Test 1-51,text,true,,231,158,160,160,http://localhost:8080/?token=494370254&user=-1356109124&config=2,5031,0,2
1781062294275,5030,Config 2,200,OK,Stress Test 1-94,text,true,,231,158,160,160,http://localhost:8080/?token=494370254&user=-1356109124&config=2,5030,0,0
1781062294274,5031,Config 2,200,OK,Stress Test 1-102,text,true,,231,158,160,160,http://localhost:8080/?token=494370254&user=-1356109124&config=2,5031,0,0
1781062294275,5031,Config 2,200,OK,Stress Test 1-19,text,true,,231,158,160,160,http://localhost:8080/?token=494370254&user=-1356109124&config=2,5031,0,0
1781062294276,5030,Config 2,200,OK,Stress Test 1-130,text,true,,231,158,160,160,http://localhost:8080/?token=494370254&user=-1356109124&config=2,5030,0,0
1781062294276,5031,Config 2,200,OK,Stress Test 1-34,text,true,,231,158,160,160,http://localhost:8080/?token=494370254&user=-1356109124&config=2,5031,0,0
1781062294277,5030,Config 2,200,OK,Stress Test 1-33,text,true,,231,158,160,160,http://localhost:8080/?token=494370254&user=-1356109124&config=2,5030,0,0
1781062294276,5031,Config 2,200,OK,Stress Test 1-35,text,true,,231,158,160,160,http://localhost:8080/?token=494370254&user=-1356109124&config=2,5031,0,0
1781062294277,5030,Config 2,200,OK,Stress Test 1-37,text,true,,231,158,160,160,http://localhost:8080/?token=494370254&user=-1356109124&config=2,5030,0,0
1781062292132,7176,Config 2,200,OK,Stress Test 1-39,text,true,,231,158,160,160,http://localhost:8080/?token=494370254&user=-1356109124&config=2,7176,0,1
1781062292141,7167,Config 2,200,OK,Stress Test 1-48,text,true,,231,158,160,160,http://localhost:8080/?token=494370254&user=-1356109124&config=2,7167,0,4
1781062292139,7169,Config 2,200,OK,Stress Test 1-47,text,true,,231,158,160,160,http://localhost:8080/?token=494370254&user=-1356109124&config=2,7169,0,6
1781062294334,4975,Config 2,200,OK,Stress Test 1-113,text,true,,231,158,160,160,http://localhost:8080/?token=494370254&user=-1356109124&config=2,4975,0,0
1781062294332,4977,Config 2,200,OK,Stress Test 1-107,text,true,,231,158,160,160,http://localhost:8080/?token=494370254&user=-1356109124&config=2,4977,0,0
1781062294333,4976,Config 2,200,OK,Stress Test 1-108,text,true,,231,158,160,160,http://localhost:8080/?token=494370254&user=-1356109124&config=2,4976,0,0
1781062294335,4974,Config 2,200,OK,Stress Test 1-118,text,true,,231,158,160,160,http://localhost:8080/?token=494370254&user=-1356109124&config=2,4974,0,0
1781062294334,4975,Config 2,200,OK,Stress Test 1-10,text,true,,231,158,160,160,http://localhost:8080/?token=494370254&user=-1356109124&config=2,4975,0,0
1781062294335,4975,Config 2,200,OK,Stress Test 1-127,text,true,,231,158,160,160,http://localhost:8080/?token=494370254&user=-1356109124&config=2,4975,0,0
1781062294335,4975,Config 2,200,OK,Stress Test 1-124,text,true,,231,158,160,160,http://localhost:8080/?token=494370254&user=-1356109124&config=2,4975,0,0
1781062294335,4975,Config 2,200,OK,Stress Test 1-135,text,true,,231,158,160,160,http://localhost:8080/?token=494370254&user=-1356109124&config=2,4975,0,0
1781062294335,4975,Config 2,200,OK,Stress Test 1-32,text,true,,231,158,160,160,http://localhost:8080/?token=494370254&user=-1356109124&config=2,4975,0,0
1781062294335,4976,Config 2,200,OK,Stress Test 1-141,text,true,,231,158,160,160,http://localhost:8080/?token=494370254&user=-1356109124&config=2,4976,0,0
1781062294335,4976,Config 2,200,OK,Stress Test 1-142,text,true,,231,158,160,160,http://localhost:8080/?token=494370254&user=-1356109124&config=2,4976,0,0
1781062294337,4974,Config 2,200,OK,Stress Test 1-54,text,true,,231,158,160,160,http://localhost:8080/?token=494370254&user=-1356109124&config=2,4974,0,0
1781062294338,4973,Config 2,200,OK,Stress Test 1-57,text,true,,231,158,160,160,http://localhost:8080/?token=494370254&user=-1356109124&config=2,4973,0,0
1781062294338,4973,Config 2,200,OK,Stress Test 1-63,text,true,,231,158,160,160,http://localhost:8080/?token=494370254&user=-1356109124&config=2,4973,0,0
1781062294339,4972,Config 2,200,OK,Stress Test 1-68,text,true,,231,158,160,160,http://localhost:8080/?token=494370254&user=-1356109124&config=2,4972,0,0
1781062294339,4973,Config 2,200,OK,Stress Test 1-78,text,true,,231,158,160,160,http://localhost:8080/?token=494370254&user=-1356109124&config=2,4973,0,0
1781062294339,4973,Config 2,200,OK,Stress Test 1-73,text,true,,231,158,160,160,http://localhost:8080/?token=494370254&user=-1356109124&config=2,4973,0,0
1781062294340,4973,Config 2,200,OK,Stress Test 1-84,text,true,,231,158,160,160,http://localhost:8080/?token=494370254&user=-1356109124&config=2,4973,0,0
1781062294339,4974,Config 2,200,OK,Stress Test 1-79,text,true,,231,158,160,160,http://localhost:8080/?token=494370254&user=-1356109124&config=2,4974,0,0
1781062294341,4972,Config 2,200,OK,Stress Test 1-97,text,true,,231,158,160,160,http://localhost:8080/?token=494370254&user=-1356109124&config=2,4972,0,0
1781062294340,4973,Config 2,200,OK,Stress Test 1-88,text,true,,231,158,160,160,http://localhost:8080/?token=494370254&user=-1356109124&config=2,4973,0,0
1781062294342,4972,Config 2,200,OK,Stress Test 1-6,text,true,,231,158,160,160,http://localhost:8080/?token=494370254&user=-1356109124&config=2,4972,0,0
1781062294341,4972,Config 2,200,OK,Stress Test 1-99,text,true,,231,158,160,160,http://localhost:8080/?token=494370254&user=-1356109124&config=2,4972,0,0
1781062294342,4972,Config 2,200,OK,Stress Test 1-3,text,true,,231,158,160,160,http://localhost:8080/?token=494370254&user=-1356109124&config=2,4972,0,0
1781062294342,4972,Config 2,200,OK,Stress Test 1-103,text,true,,231,158,160,160,http://localhost:8080/?token=494370254&user=-1356109124&config=2,4972,0,0
1781062294343,4971,Config 2,200,OK,Stress Test 1-21,text,true,,231,158,160,160,http://localhost:8080/?token=494370254&user=-1356109124&config=2,4971,0,0
1781062294343,4971,Config 2,200,OK,Stress Test 1-125,text,true,,231,158,160,160,http://localhost:8080/?token=494370254&user=-1356109124&config=2,4971,0,0
1781062295628,3692,Config 2,500,IGNORE,Stress Test 1-22,text,true,,233,158,160,160,http://localhost:8080/?token=494370254&user=-1356109124&config=2,3692,0,0
1781062295628,3692,Config 2,500,IGNORE,Stress Test 1-25,text,true,,233,158,160,160,http://localhost:8080/?token=494370254&user=-1356109124&config=2,3692,0,0
1781062294343,4977,Config 2,500,IGNORE,Stress Test 1-24,text,true,,233,158,160,160,http://localhost:8080/?token=494370254&user=-1356109124&config=2,4977,0,0
1781062294342,4978,Config 2,500,IGNORE,Stress Test 1-5,text,true,,233,158,160,160,http://localhost:8080/?token=494370254&user=-1356109124&config=2,4977,0,0
1781062294342,4977,Config 2,500,IGNORE,Stress Test 1-109,text,true,,233,158,160,160,http://localhost:8080/?token=494370254&user=-1356109124&config=2,4977,0,0
1781062294342,4977,Config 2,500,IGNORE,Stress Test 1-4,text,true,,233,158,160,160,http://localhost:8080/?token=494370254&user=-1356109124&config=2,4977,0,0
1781062294341,4978,Config 2,500,IGNORE,Stress Test 1-101,text,true,,233,158,160,160,http://localhost:8080/?token=494370254&user=-1356109124&config=2,4978,0,0
1781062294340,4979,Config 2,500,IGNORE,Stress Test 1-95,text,true,,233,158,160,160,http://localhost:8080/?token=494370254&user=-1356109124&config=2,4979,0,0
1781062294341,4978,Config 2,500,IGNORE,Stress Test 1-96,text,true,,233,158,160,160,http://localhost:8080/?token=494370254&user=-1356109124&config=2,4978,0,0
1781062294340,4979,Config 2,500,IGNORE,Stress Test 1-81,text,true,,233,158,160,160,http://localhost:8080/?token=494370254&user=-1356109124&config=2,4979,0,0
1781062295628,3688,Config 2,500,IGNORE,Stress Test 1-132,text,true,,233,158,160,160,http://localhost:8080/?token=494370254&user=-1356109124&config=2,3687,0,0
1781062295011,4305,Config 2,500,IGNORE,Stress Test 1-153,text,true,,233,158,160,160,http://localhost:8080/?token=494370254&user=-1356109124&config=2,4305,0,1
1781062294335,4981,Config 2,500,IGNORE,Stress Test 1-42,text,true,,233,158,160,160,http://localhost:8080/?token=494370254&user=-1356109124&config=2,4981,0,2
1781062294334,4981,Config 2,500,IGNORE,Stress Test 1-117,text,true,,233,158,160,160,http://localhost:8080/?token=494370254&user=-1356109124&config=2,4981,0,0
1781062294426,4890,Config 2,500,IGNORE,Stress Test 1-152,text,true,,233,158,160,160,http://localhost:8080/?token=494370254&user=-1356109124&config=2,4890,0,1
1781062294335,4981,Config 2,500,IGNORE,Stress Test 1-26,text,true,,233,158,160,160,http://localhost:8080/?token=494370254&user=-1356109124&config=2,4981,0,0
1781062295628,3688,Config 2,500,IGNORE,Stress Test 1-133,text,true,,233,158,160,160,http://localhost:8080/?token=494370254&user=-1356109124&config=2,3687,0,0
1781062295629,3692,Config 2,500,IGNORE,Stress Test 1-31,text,true,,233,158,160,160,http://localhost:8080/?token=494370254&user=-1356109124&config=2,3692,0,0
1781062295628,3693,Config 2,500,IGNORE,Stress Test 1-29,text,true,,233,158,160,160,http://localhost:8080/?token=494370254&user=-1356109124&config=2,3693,0,0
1781062294344,4978,Config 2,500,IGNORE,Stress Test 1-36,text,true,,233,158,160,160,http://localhost:8080/?token=494370254&user=-1356109124&config=2,4978,0,0
1781062294340,4979,Config 2,500,IGNORE,Stress Test 1-80,text,true,,233,158,160,160,http://localhost:8080/?token=494370254&user=-1356109124&config=2,4978,0,0
1781062294334,4981,Config 2,500,IGNORE,Stress Test 1-111,text,true,,233,158,160,160,http://localhost:8080/?token=494370254&user=-1356109124&config=2,4981,0,0
1781062294345,4977,Config 2,500,IGNORE,Stress Test 1-143,text,true,,233,158,160,160,http://localhost:8080/?token=494370254&user=-1356109124&config=2,4977,0,0
1781062294344,4977,Config 2,500,IGNORE,Stress Test 1-30,text,true,,233,158,160,160,http://localhost:8080/?token=494370254&user=-1356109124&config=2,4977,0,0
1781062294334,4981,Config 2,500,IGNORE,Stress Test 1-112,text,true,,233,158,160,160,http://localhost:8080/?token=494370254&user=-1356109124&config=2,4981,0,0
1781062294331,4984,Config 2,500,IGNORE,Stress Test 1-104,text,true,,233,158,160,160,http://localhost:8080/?token=494370254&user=-1356109124&config=2,4984,0,0
1781062294333,4982,Config 2,500,IGNORE,Stress Test 1-110,text,true,,233,158,160,160,http://localhost:8080/?token=494370254&user=-1356109124&config=2,4982,0,0
1781062295629,3693,Config 2,500,IGNORE,Stress Test 1-144,text,true,,233,158,160,160,http://localhost:8080/?token=494370254&user=-1356109124&config=2,3693,0,0
1781062294336,4981,Config 2,500,IGNORE,Stress Test 1-50,text,true,,233,158,160,160,http://localhost:8080/?token=494370254&user=-1356109124&config=2,4981,0,1
1781062294338,4980,Config 2,500,IGNORE,Stress Test 1-59,text,true,,233,158,160,160,http://localhost:8080/?token=494370254&user=-1356109124&config=2,4980,0,0
1781062294336,4980,Config 2,500,IGNORE,Stress Test 1-46,text,true,,233,158,160,160,http://localhost:8080/?token=494370254&user=-1356109124&config=2,4980,0,1
1781062294333,6742,Config 2,200,OK,Stress Test 1-105,text,true,,231,158,163,163,http://localhost:8080/?token=494370254&user=-1356109124&config=2,6742,0,0
1781062295707,5368,Config 2,200,OK,Stress Test 1-120,text,true,,231,158,163,163,http://localhost:8080/?token=494370254&user=-1356109124&config=2,5368,0,0
1781062295707,5368,Config 2,200,OK,Stress Test 1-116,text,true,,231,158,163,163,http://localhost:8080/?token=494370254&user=-1356109124&config=2,5368,0,0
1781062295711,5364,Config 2,200,OK,Stress Test 1-115,text,true,,231,158,163,163,http://localhost:8080/?token=494370254&user=-1356109124&config=2,5364,0,0
1781062295707,5368,Config 2,200,OK,Stress Test 1-126,text,true,,231,158,163,163,http://localhost:8080/?token=494370254&user=-1356109124&config=2,5368,0,0
1781062294335,6740,Config 2,200,OK,Stress Test 1-134,text,true,,231,158,163,163,http://localhost:8080/?token=494370254&user=-1356109124&config=2,6740,0,0
1781062295711,5364,Config 2,200,OK,Stress Test 1-136,text,true,,231,158,163,163,http://localhost:8080/?token=494370254&user=-1356109124&config=2,5364,0,0
1781062295618,5458,Config 2,200,OK,Stress Test 1-154,text,true,,231,158,163,163,http://localhost:8080/?token=494370254&user=-1356109124&config=2,5458,0,1
1781062295713,5363,Config 2,200,OK,Stress Test 1-72,text,true,,231,158,163,163,http://localhost:8080/?token=494370254&user=-1356109124&config=2,5363,0,0
1781062295713,5363,Config 2,200,OK,Stress Test 1-70,text,true,,231,158,163,163,http://localhost:8080/?token=494370254&user=-1356109124&config=2,5363,0,0
1781062295716,5360,Config 2,200,OK,Stress Test 1-55,text,true,,231,158,163,163,http://localhost:8080/?token=494370254&user=-1356109124&config=2,5360,0,0
1781062295706,5369,Config 2,200,OK,Stress Test 1-114,text,true,,231,158,163,163,http://localhost:8080/?token=494370254&user=-1356109124&config=2,5369,0,0
1781062294339,6737,Config 2,200,OK,Stress Test 1-75,text,true,,231,158,163,163,http://localhost:8080/?token=494370254&user=-1356109124&config=2,6737,0,0
1781062294340,6736,Config 2,200,OK,Stress Test 1-85,text,true,,231,158,163,163,http://localhost:8080/?token=494370254&user=-1356109124&config=2,6736,0,0
1781062295716,5360,Config 2,200,OK,Stress Test 1-82,text,true,,231,158,163,163,http://localhost:8080/?token=494370254&user=-1356109124&config=2,5360,0,0
1781062295714,5362,Config 2,200,OK,Stress Test 1-1,text,true,,231,158,163,163,http://localhost:8080/?token=494370254&user=-1356109124&config=2,5362,0,0
1781062295714,5362,Config 2,200,OK,Stress Test 1-100,text,true,,231,158,163,163,http://localhost:8080/?token=494370254&user=-1356109124&config=2,5362,0,0
1781062295713,5363,Config 2,200,OK,Stress Test 1-90,text,true,,231,158,163,163,http://localhost:8080/?token=494370254&user=-1356109124&config=2,5363,0,0
1781062295718,5358,Config 2,200,OK,Stress Test 1-20,text,true,,231,158,163,163,http://localhost:8080/?token=494370254&user=-1356109124&config=2,5358,0,0
1781062295714,5362,Config 2,200,OK,Stress Test 1-9,text,true,,231,158,163,163,http://localhost:8080/?token=494370254&user=-1356109124&config=2,5362,0,0
1781062295714,5362,Config 2,200,OK,Stress Test 1-11,text,true,,231,158,163,163,http://localhost:8080/?token=494370254&user=-1356109124&config=2,5362,0,0
1781062294343,6733,Config 2,200,OK,Stress Test 1-12,text,true,,231,158,163,163,http://localhost:8080/?token=494370254&user=-1356109124&config=2,6733,0,0
1781062295718,5359,Config 2,200,OK,Stress Test 1-129,text,true,,231,158,163,163,http://localhost:8080/?token=494370254&user=-1356109124&config=2,5359,0,0
1781062295714,5363,Config 2,200,OK,Stress Test 1-27,text,true,,231,158,163,163,http://localhost:8080/?token=494370254&user=-1356109124&config=2,5363,0,0
1781062295712,9741,Config 2,200,OK,Stress Test 1-137,text,true,,231,158,170,170,http://localhost:8080/?token=494370254&user=-1356109124&config=2,9741,0,0
1781062295716,9742,Config 2,200,OK,Stress Test 1-122,text,true,,231,158,170,170,http://localhost:8080/?token=494370254&user=-1356109124&config=2,9742,0,0
1781062295716,9742,Config 2,200,OK,Stress Test 1-121,text,true,,231,158,170,170,http://localhost:8080/?token=494370254&user=-1356109124&config=2,9742,0,0
1781062298624,6835,Config 2,200,OK,Stress Test 1-23,text,true,,231,158,170,170,http://localhost:8080/?token=494370254&user=-1356109124&config=2,6835,0,0
1781062295716,9744,Config 2,200,OK,Stress Test 1-128,text,true,,231,158,170,170,http://localhost:8080/?token=494370254&user=-1356109124&config=2,9744,0,0
1781062296224,9236,Config 2,200,OK,Stress Test 1-155,text,true,,231,158,170,170,http://localhost:8080/?token=494370254&user=-1356109124&config=2,9236,0,1
1781062295712,9750,Config 2,200,OK,Stress Test 1-49,text,true,,231,158,170,170,http://localhost:8080/?token=494370254&user=-1356109124&config=2,9750,0,1
1781062296826,8636,Config 2,200,OK,Stress Test 1-156,text,true,,231,158,170,170,http://localhost:8080/?token=494370254&user=-1356109124&config=2,8636,0,2
1781062295716,9747,Config 2,200,OK,Stress Test 1-65,text,true,,231,158,170,170,http://localhost:8080/?token=494370254&user=-1356109124&config=2,9747,0,0
1781062295712,9752,Config 2,200,OK,Stress Test 1-69,text,true,,231,158,170,170,http://localhost:8080/?token=494370254&user=-1356109124&config=2,9752,0,0
1781062295713,9753,Config 2,200,OK,Stress Test 1-76,text,true,,231,158,170,170,http://localhost:8080/?token=494370254&user=-1356109124&config=2,9753,0,0
1781062295713,9753,Config 2,200,OK,Stress Test 1-74,text,true,,231,158,170,170,http://localhost:8080/?token=494370254&user=-1356109124&config=2,9752,0,0
1781062295715,9751,Config 2,200,OK,Stress Test 1-89,text,true,,231,158,170,170,http://localhost:8080/?token=494370254&user=-1356109124&config=2,9751,0,0
1781062295717,9750,Config 2,200,OK,Stress Test 1-7,text,true,,231,158,170,170,http://localhost:8080/?token=494370254&user=-1356109124&config=2,9750,0,0
1781062295715,9752,Config 2,200,OK,Stress Test 1-2,text,true,,231,158,170,170,http://localhost:8080/?token=494370254&user=-1356109124&config=2,9752,0,0
1781062298626,6842,Config 2,200,OK,Stress Test 1-16,text,true,,231,158,170,170,http://localhost:8080/?token=494370254&user=-1356109124&config=2,6842,0,0
1781062295717,9750,Config 2,200,OK,Stress Test 1-13,text,true,,231,158,170,170,http://localhost:8080/?token=494370254&user=-1356109124&config=2,9750,0,0
1781062295715,9753,Config 2,200,OK,Stress Test 1-17,text,true,,231,158,170,170,http://localhost:8080/?token=494370254&user=-1356109124&config=2,9753,0,0
1781062295718,9750,Config 2,200,OK,Stress Test 1-18,text,true,,231,158,170,170,http://localhost:8080/?token=494370254&user=-1356109124&config=2,9750,0,0
1781062295717,9751,Config 2,200,OK,Stress Test 1-15,text,true,,231,158,170,170,http://localhost:8080/?token=494370254&user=-1356109124&config=2,9751,0,0
1781062295719,9750,Config 2,200,OK,Stress Test 1-131,text,true,,231,158,170,170,http://localhost:8080/?token=494370254&user=-1356109124&config=2,9749,0,0
1781062298628,6841,Config 2,200,OK,Stress Test 1-146,text,true,,231,158,170,170,http://localhost:8080/?token=494370254&user=-1356109124&config=2,6841,0,0
1781062298627,6842,Config 2,200,OK,Stress Test 1-41,text,true,,231,158,170,170,http://localhost:8080/?token=494370254&user=-1356109124&config=2,6842,0,0
1781062295716,9754,Config 2,200,OK,Stress Test 1-53,text,true,,231,158,170,170,http://localhost:8080/?token=494370254&user=-1356109124&config=2,9754,0,1
1781062298024,7446,Config 2,200,OK,Stress Test 1-158,text,true,,231,158,170,170,http://localhost:8080/?token=494370254&user=-1356109124&config=2,7446,0,1
1781062297410,8060,Config 2,200,OK,Stress Test 1-157,text,true,,231,158,170,170,http://localhost:8080/?token=494370254&user=-1356109124&config=2,8060,0,1
1781062299294,6179,Config 2,200,OK,Stress Test 1-40,text,true,,231,158,170,170,http://localhost:8080/?token=494370254&user=-1356109124&config=2,6179,0,0
1781062299297,6176,Config 2,200,OK,Stress Test 1-119,text,true,,231,158,170,170,http://localhost:8080/?token=494370254&user=-1356109124&config=2,6176,0,0
1781062298624,6849,Config 2,200,OK,Stress Test 1-145,text,true,,231,158,170,170,http://localhost:8080/?token=494370254&user=-1356109124&config=2,6849,0,0
1781062299297,6177,Config 2,200,OK,Stress Test 1-71,text,true,,231,158,170,170,http://localhost:8080/?token=494370254&user=-1356109124&config=2,6177,0,0
1781062299298,6176,Config 2,200,OK,Stress Test 1-67,text,true,,231,158,170,170,http://localhost:8080/?token=494370254&user=-1356109124&config=2,6176,0,0
1781062298624,6850,Config 2,200,OK,Stress Test 1-83,text,true,,231,158,170,170,http://localhost:8080/?token=494370254&user=-1356109124&config=2,6850,0,0
1781062298626,6849,Config 2,200,OK,Stress Test 1-87,text,true,,231,158,170,170,http://localhost:8080/?token=494370254&user=-1356109124&config=2,6849,0,0
1781062299297,6179,Config 2,200,OK,Stress Test 1-91,text,true,,231,158,170,170,http://localhost:8080/?token=494370254&user=-1356109124&config=2,6179,0,0
1781062299298,6178,Config 2,200,OK,Stress Test 1-92,text,true,,231,158,170,170,http://localhost:8080/?token=494370254&user=-1356109124&config=2,6178,0,0
1781062298629,6848,Config 2,200,OK,Stress Test 1-147,text,true,,231,158,170,170,http://localhost:8080/?token=494370254&user=-1356109124&config=2,6848,0,0
1781062298622,6855,Config 2,200,OK,Stress Test 1-159,text,true,,231,158,170,170,http://localhost:8080/?token=494370254&user=-1356109124&config=2,6855,0,8
1781062299223,6255,Config 2,200,OK,Stress Test 1-160,text,true,,231,158,170,170,http://localhost:8080/?token=494370254&user=-1356109124&config=2,6255,0,2
1781062299309,6169,Config 2,200,OK,Stress Test 1-108,text,true,,231,158,170,170,http://localhost:8080/?token=494370254&user=-1356109124&config=2,6169,0,0
1781062299310,6169,Config 2,200,OK,Stress Test 1-10,text,true,,231,158,170,170,http://localhost:8080/?token=494370254&user=-1356109124&config=2,6169,0,0
1781062299309,6169,Config 2,200,OK,Stress Test 1-107,text,true,,231,158,170,170,http://localhost:8080/?token=494370254&user=-1356109124&config=2,6169,0,0
1781062299309,6170,Config 2,200,OK,Stress Test 1-113,text,true,,231,158,170,170,http://localhost:8080/?token=494370254&user=-1356109124&config=2,6170,0,0
1781062299310,6169,Config 2,200,OK,Stress Test 1-124,text,true,,231,158,170,170,http://localhost:8080/?token=494370254&user=-1356109124&config=2,6169,0,0
1781062299310,6169,Config 2,200,OK,Stress Test 1-127,text,true,,231,158,170,170,http://localhost:8080/?token=494370254&user=-1356109124&config=2,6169,0,0
1781062299310,6169,Config 2,200,OK,Stress Test 1-118,text,true,,231,158,170,170,http://localhost:8080/?token=494370254&user=-1356109124&config=2,6169,0,0
1781062299310,6170,Config 2,200,OK,Stress Test 1-135,text,true,,231,158,170,170,http://localhost:8080/?token=494370254&user=-1356109124&config=2,6170,0,0
1781062299303,6177,Config 2,200,OK,Stress Test 1-140,text,true,,231,158,170,170,http://localhost:8080/?token=494370254&user=-1356109124&config=2,6177,0,0
1781062299310,6170,Config 2,200,OK,Stress Test 1-32,text,true,,231,158,170,170,http://localhost:8080/?token=494370254&user=-1356109124&config=2,6170,0,0
1781062299303,6177,Config 2,200,OK,Stress Test 1-138,text,true,,231,158,170,170,http://localhost:8080/?token=494370254&user=-1356109124&config=2,6177,0,0
1781062299311,6170,Config 2,200,OK,Stress Test 1-142,text,true,,231,158,170,170,http://localhost:8080/?token=494370254&user=-1356109124&config=2,6170,0,0
1781062299304,6177,Config 2,200,OK,Stress Test 1-149,text,true,,231,158,170,170,http://localhost:8080/?token=494370254&user=-1356109124&config=2,6177,0,0
1781062299304,6178,Config 2,200,OK,Stress Test 1-150,text,true,,231,158,170,170,http://localhost:8080/?token=494370254&user=-1356109124&config=2,6178,0,0
1781062299311,6171,Config 2,200,OK,Stress Test 1-141,text,true,,231,158,170,170,http://localhost:8080/?token=494370254&user=-1356109124&config=2,6171,0,0
1781062299304,6178,Config 2,200,OK,Stress Test 1-151,text,true,,231,158,170,170,http://localhost:8080/?token=494370254&user=-1356109124&config=2,6178,0,0
1781062299305,6178,Config 2,200,OK,Stress Test 1-51,text,true,,231,158,170,170,http://localhost:8080/?token=494370254&user=-1356109124&config=2,6178,0,0
1781062299352,6132,Config 2,500,IGNORE,Stress Test 1-22,text,true,,233,158,170,170,http://localhost:8080/?token=494370254&user=-1356109124&config=2,6131,0,12
1781062299297,6188,Config 2,200,OK,Stress Test 1-61,text,true,,231,158,170,170,http://localhost:8080/?token=494370254&user=-1356109124&config=2,6188,0,0
1781062299357,6128,Config 2,500,IGNORE,Stress Test 1-101,text,true,,233,158,170,170,http://localhost:8080/?token=494370254&user=-1356109124&config=2,6128,0,1
1781062299298,6189,Config 2,200,OK,Stress Test 1-62,text,true,,231,158,170,170,http://localhost:8080/?token=494370254&user=-1356109124&config=2,6189,0,0
1781062299300,6189,Config 2,200,OK,Stress Test 1-66,text,true,,231,158,170,170,http://localhost:8080/?token=494370254&user=-1356109124&config=2,6189,0,0
1781062299312,6177,Config 2,200,OK,Stress Test 1-63,text,true,,231,158,170,170,http://localhost:8080/?token=494370254&user=-1356109124&config=2,6177,0,0
1781062299312,6177,Config 2,200,OK,Stress Test 1-68,text,true,,231,158,170,170,http://localhost:8080/?token=494370254&user=-1356109124&config=2,6177,0,0
1781062299300,6191,Config 2,200,OK,Stress Test 1-77,text,true,,231,158,170,170,http://localhost:8080/?token=494370254&user=-1356109124&config=2,6191,0,0
1781062299300,6191,Config 2,200,OK,Stress Test 1-86,text,true,,231,158,170,170,http://localhost:8080/?token=494370254&user=-1356109124&config=2,6191,0,0
1781062299298,6193,Config 2,200,OK,Stress Test 1-93,text,true,,231,158,170,170,http://localhost:8080/?token=494370254&user=-1356109124&config=2,6193,0,0
1781062299301,6191,Config 2,200,OK,Stress Test 1-106,text,true,,231,158,170,170,http://localhost:8080/?token=494370254&user=-1356109124&config=2,6191,0,0
1781062299300,6192,Config 2,200,OK,Stress Test 1-98,text,true,,231,158,170,170,http://localhost:8080/?token=494370254&user=-1356109124&config=2,6192,0,0
1781062299301,6191,Config 2,200,OK,Stress Test 1-8,text,true,,231,158,170,170,http://localhost:8080/?token=494370254&user=-1356109124&config=2,6191,0,0
1781062299301,6192,Config 2,200,OK,Stress Test 1-14,text,true,,231,158,170,170,http://localhost:8080/?token=494370254&user=-1356109124&config=2,6192,0,0
1781062299301,6192,Config 2,200,OK,Stress Test 1-28,text,true,,231,158,170,170,http://localhost:8080/?token=494370254&user=-1356109124&config=2,6192,0,0
1781062299308,6186,Config 2,200,OK,Stress Test 1-35,text,true,,231,158,170,170,http://localhost:8080/?token=494370254&user=-1356109124&config=2,6186,0,0
1781062299307,6187,Config 2,200,OK,Stress Test 1-34,text,true,,231,158,170,170,http://localhost:8080/?token=494370254&user=-1356109124&config=2,6187,0,0
1781062299308,6187,Config 2,200,OK,Stress Test 1-37,text,true,,231,158,170,170,http://localhost:8080/?token=494370254&user=-1356109124&config=2,6187,0,0
1781062299302,6193,Config 2,200,OK,Stress Test 1-148,text,true,,231,158,170,170,http://localhost:8080/?token=494370254&user=-1356109124&config=2,6193,0,0
1781062299308,6187,Config 2,200,OK,Stress Test 1-33,text,true,,231,158,170,170,http://localhost:8080/?token=494370254&user=-1356109124&config=2,6187,0,0
1781062299301,6195,Config 2,200,OK,Stress Test 1-43,text,true,,231,158,170,170,http://localhost:8080/?token=494370254&user=-1356109124&config=2,6195,0,0
1781062299308,6188,Config 2,200,OK,Stress Test 1-39,text,true,,231,158,170,170,http://localhost:8080/?token=494370254&user=-1356109124&config=2,6188,0,0
1781062299298,6198,Config 2,200,OK,Stress Test 1-38,text,true,,231,158,170,170,http://localhost:8080/?token=494370254&user=-1356109124&config=2,6198,0,0
1781062299301,6196,Config 2,200,OK,Stress Test 1-44,text,true,,231,158,170,170,http://localhost:8080/?token=494370254&user=-1356109124&config=2,6196,0,0
1781062299301,6196,Config 2,200,OK,Stress Test 1-45,text,true,,231,158,170,170,http://localhost:8080/?token=494370254&user=-1356109124&config=2,6196,0,0
1781062299352,6145,Config 2,500,IGNORE,Stress Test 1-25,text,true,,233,158,170,170,http://localhost:8080/?token=494370254&user=-1356109124&config=2,6145,0,12
1781062299354,6144,Config 2,500,IGNORE,Stress Test 1-5,text,true,,233,158,170,170,http://localhost:8080/?token=494370254&user=-1356109124&config=2,6144,0,10
1781062299359,6140,Config 2,500,IGNORE,Stress Test 1-132,text,true,,233,158,170,170,http://localhost:8080/?token=494370254&user=-1356109124&config=2,6140,0,6
1781062299358,6141,Config 2,500,IGNORE,Stress Test 1-96,text,true,,233,158,170,170,http://localhost:8080/?token=494370254&user=-1356109124&config=2,6141,0,7
1781062299360,6139,Config 2,500,IGNORE,Stress Test 1-117,text,true,,233,158,170,170,http://localhost:8080/?token=494370254&user=-1356109124&config=2,6139,0,6
1781062299363,6138,Config 2,500,IGNORE,Stress Test 1-29,text,true,,233,158,170,170,http://localhost:8080/?token=494370254&user=-1356109124&config=2,6138,0,1
1781062299358,6143,Config 2,500,IGNORE,Stress Test 1-95,text,true,,233,158,170,170,http://localhost:8080/?token=494370254&user=-1356109124&config=2,6143,0,7
1781062299363,6139,Config 2,500,IGNORE,Stress Test 1-31,text,true,,233,158,170,170,http://localhost:8080/?token=494370254&user=-1356109124&config=2,6138,0,1
1781062299360,6143,Config 2,500,IGNORE,Stress Test 1-42,text,true,,233,158,170,170,http://localhost:8080/?token=494370254&user=-1356109124&config=2,6143,0,6
1781062299359,6144,Config 2,500,IGNORE,Stress Test 1-81,text,true,,233,158,170,170,http://localhost:8080/?token=494370254&user=-1356109124&config=2,6144,0,7
1781062299371,6133,Config 2,500,IGNORE,Stress Test 1-112,text,true,,233,158,170,170,http://localhost:8080/?token=494370254&user=-1356109124&config=2,6132,0,1
1781062299371,6133,Config 2,500,IGNORE,Stress Test 1-110,text,true,,233,158,170,170,http://localhost:8080/?token=494370254&user=-1356109124&config=2,6133,0,1
1781062299374,6132,Config 2,500,IGNORE,Stress Test 1-46,text,true,,233,158,170,170,http://localhost:8080/?token=494370254&user=-1356109124&config=2,6132,0,2
1781062299373,6133,Config 2,500,IGNORE,Stress Test 1-59,text,true,,233,158,170,170,http://localhost:8080/?token=494370254&user=-1356109124&config=2,6133,0,1
1781062299355,6156,Config 2,500,IGNORE,Stress Test 1-109,text,true,,233,158,170,170,http://localhost:8080/?token=494370254&user=-1356109124&config=2,6156,0,9
1781062299821,5690,Config 2,500,IGNORE,Stress Test 1-161,text,true,,233,158,170,170,http://localhost:8080/?token=494370254&user=-1356109124&config=2,5690,0,1
1781062300418,5093,Config 2,500,IGNORE,Stress Test 1-162,text,true,,233,158,170,170,http://localhost:8080/?token=494370254&user=-1356109124&config=2,5093,0,1
1781062299362,6151,Config 2,500,IGNORE,Stress Test 1-152,text,true,,233,158,170,170,http://localhost:8080/?token=494370254&user=-1356109124&config=2,6151,0,1
1781062299362,6151,Config 2,500,IGNORE,Stress Test 1-26,text,true,,233,158,170,170,http://localhost:8080/?token=494370254&user=-1356109124&config=2,6151,0,1
1781062299362,6151,Config 2,500,IGNORE,Stress Test 1-133,text,true,,233,158,170,170,http://localhost:8080/?token=494370254&user=-1356109124&config=2,6151,0,4
1781062299367,6149,Config 2,500,IGNORE,Stress Test 1-80,text,true,,233,158,170,170,http://localhost:8080/?token=494370254&user=-1356109124&config=2,6149,0,2
1781062299357,6159,Config 2,500,IGNORE,Stress Test 1-4,text,true,,233,158,170,170,http://localhost:8080/?token=494370254&user=-1356109124&config=2,6159,0,8
1781062299368,6148,Config 2,500,IGNORE,Stress Test 1-143,text,true,,233,158,170,170,http://localhost:8080/?token=494370254&user=-1356109124&config=2,6148,0,1
1781062299367,6151,Config 2,500,IGNORE,Stress Test 1-36,text,true,,233,158,170,170,http://localhost:8080/?token=494370254&user=-1356109124&config=2,6151,0,3
1781062299368,6150,Config 2,500,IGNORE,Stress Test 1-30,text,true,,233,158,170,170,http://localhost:8080/?token=494370254&user=-1356109124&config=2,6150,0,2
1781062299371,6149,Config 2,500,IGNORE,Stress Test 1-104,text,true,,233,158,170,170,http://localhost:8080/?token=494370254&user=-1356109124&config=2,6149,0,1
1781062299368,6152,Config 2,500,IGNORE,Stress Test 1-111,text,true,,233,158,170,170,http://localhost:8080/?token=494370254&user=-1356109124&config=2,6152,0,3
1781062299373,6150,Config 2,500,IGNORE,Stress Test 1-50,text,true,,233,158,170,170,http://localhost:8080/?token=494370254&user=-1356109124&config=2,6149,0,1
1781062299373,6151,Config 2,500,IGNORE,Stress Test 1-144,text,true,,233,158,170,170,http://localhost:8080/?token=494370254&user=-1356109124&config=2,6151,0,1
1781062299305,7382,Config 2,200,OK,Stress Test 1-64,text,true,,231,158,172,172,http://localhost:8080/?token=494370254&user=-1356109124&config=2,7382,0,0
1781062299313,7374,Config 2,200,OK,Stress Test 1-73,text,true,,231,158,172,172,http://localhost:8080/?token=494370254&user=-1356109124&config=2,7374,0,0
1781062299303,7384,Config 2,200,OK,Stress Test 1-123,text,true,,231,158,172,172,http://localhost:8080/?token=494370254&user=-1356109124&config=2,7384,0,0
1781062299313,7374,Config 2,200,OK,Stress Test 1-78,text,true,,231,158,172,172,http://localhost:8080/?token=494370254&user=-1356109124&config=2,7374,0,0
1781062299313,7375,Config 2,200,OK,Stress Test 1-84,text,true,,231,158,172,172,http://localhost:8080/?token=494370254&user=-1356109124&config=2,7375,0,0
1781062299313,7375,Config 2,200,OK,Stress Test 1-79,text,true,,231,158,172,172,http://localhost:8080/?token=494370254&user=-1356109124&config=2,7375,0,0
1781062299306,7382,Config 2,200,OK,Stress Test 1-94,text,true,,231,158,172,172,http://localhost:8080/?token=494370254&user=-1356109124&config=2,7382,0,0
1781062299303,7384,Config 2,200,OK,Stress Test 1-139,text,true,,231,158,172,172,http://localhost:8080/?token=494370254&user=-1356109124&config=2,7384,0,0
1781062299313,7375,Config 2,200,OK,Stress Test 1-88,text,true,,231,158,172,172,http://localhost:8080/?token=494370254&user=-1356109124&config=2,7375,0,0
1781062299306,7382,Config 2,200,OK,Stress Test 1-102,text,true,,231,158,172,172,http://localhost:8080/?token=494370254&user=-1356109124&config=2,7382,0,0
1781062299314,7374,Config 2,200,OK,Stress Test 1-99,text,true,,231,158,172,172,http://localhost:8080/?token=494370254&user=-1356109124&config=2,7374,0,0
1781062299314,7374,Config 2,200,OK,Stress Test 1-103,text,true,,231,158,172,172,http://localhost:8080/?token=494370254&user=-1356109124&config=2,7374,0,0
1781062299314,7374,Config 2,200,OK,Stress Test 1-3,text,true,,231,158,172,172,http://localhost:8080/?token=494370254&user=-1356109124&config=2,7374,0,0
1781062299313,7375,Config 2,200,OK,Stress Test 1-97,text,true,,231,158,172,172,http://localhost:8080/?token=494370254&user=-1356109124&config=2,7375,0,0
1781062299314,7374,Config 2,200,OK,Stress Test 1-6,text,true,,231,158,172,172,http://localhost:8080/?token=494370254&user=-1356109124&config=2,7374,0,0
1781062299315,7375,Config 2,200,OK,Stress Test 1-21,text,true,,231,158,172,172,http://localhost:8080/?token=494370254&user=-1356109124&config=2,7375,0,0
1781062299307,7383,Config 2,200,OK,Stress Test 1-19,text,true,,231,158,172,172,http://localhost:8080/?token=494370254&user=-1356109124&config=2,7383,0,0
1781062299307,7383,Config 2,200,OK,Stress Test 1-130,text,true,,231,158,172,172,http://localhost:8080/?token=494370254&user=-1356109124&config=2,7383,0,0
1781062299315,7375,Config 2,200,OK,Stress Test 1-125,text,true,,231,158,172,172,http://localhost:8080/?token=494370254&user=-1356109124&config=2,7375,0,0
1781062299308,7383,Config 2,200,OK,Stress Test 1-48,text,true,,231,158,172,172,http://localhost:8080/?token=494370254&user=-1356109124&config=2,7383,0,0
1781062299308,7383,Config 2,200,OK,Stress Test 1-47,text,true,,231,158,172,172,http://localhost:8080/?token=494370254&user=-1356109124&config=2,7383,0,0
1781062299294,7399,Config 2,200,OK,Stress Test 1-52,text,true,,231,158,172,172,http://localhost:8080/?token=494370254&user=-1356109124&config=2,7399,0,1
1781062299297,7397,Config 2,200,OK,Stress Test 1-58,text,true,,231,158,172,172,http://localhost:8080/?token=494370254&user=-1356109124&config=2,7397,0,1
1781062299297,7398,Config 2,200,OK,Stress Test 1-60,text,true,,231,158,172,172,http://localhost:8080/?token=494370254&user=-1356109124&config=2,7398,0,1
1781062299305,7390,Config 2,200,OK,Stress Test 1-56,text,true,,231,158,172,172,http://localhost:8080/?token=494370254&user=-1356109124&config=2,7390,0,1
1781062299311,7384,Config 2,200,OK,Stress Test 1-57,text,true,,231,158,172,172,http://localhost:8080/?token=494370254&user=-1356109124&config=2,7384,0,1
1781062299311,7385,Config 2,200,OK,Stress Test 1-54,text,true,,231,158,172,172,http://localhost:8080/?token=494370254&user=-1356109124&config=2,7385,0,1
1781062299353,7344,Config 2,200,OK,Stress Test 1-24,text,true,,231,158,172,172,http://localhost:8080/?token=494370254&user=-1356109124&config=2,7344,0,1
1781062299360,7340,Config 2,200,OK,Stress Test 1-153,text,true,,231,158,172,172,http://localhost:8080/?token=494370254&user=-1356109124&config=2,7340,0,6
1781062301077,5675,Config 2,200,OK,Stress Test 1-136,text,true,,231,158,172,172,http://localhost:8080/?token=494370254&user=-1356109124&config=2,5675,0,0
1781062301078,5674,Config 2,200,OK,Stress Test 1-90,text,true,,231,158,172,172,http://localhost:8080/?token=494370254&user=-1356109124&config=2,5674,0,0
1781062301077,5675,Config 2,200,OK,Stress Test 1-126,text,true,,231,158,172,172,http://localhost:8080/?token=494370254&user=-1356109124&config=2,5675,0,0
1781062301013,5739,Config 2,200,OK,Stress Test 1-163,text,true,,231,158,172,172,http://localhost:8080/?token=494370254&user=-1356109124&config=2,5739,0,1
1781062301077,5676,Config 2,200,OK,Stress Test 1-72,text,true,,231,158,172,172,http://localhost:8080/?token=494370254&user=-1356109124&config=2,5676,0,0
1781062301077,10654,Config 2,200,OK,Stress Test 1-154,text,true,,231,158,180,180,http://localhost:8080/?token=494370254&user=-1356109124&config=2,10654,0,0
1781062301078,10654,Config 2,200,OK,Stress Test 1-1,text,true,,231,158,180,180,http://localhost:8080/?token=494370254&user=-1356109124&config=2,10654,0,0
1781062301078,10654,Config 2,200,OK,Stress Test 1-100,text,true,,231,158,180,180,http://localhost:8080/?token=494370254&user=-1356109124&config=2,10654,0,0
1781062301079,10653,Config 2,200,OK,Stress Test 1-11,text,true,,231,158,180,180,http://localhost:8080/?token=494370254&user=-1356109124&config=2,10653,0,0
1781062301079,10654,Config 2,200,OK,Stress Test 1-9,text,true,,231,158,180,180,http://localhost:8080/?token=494370254&user=-1356109124&config=2,10654,0,0
1781062301076,10658,Config 2,200,OK,Stress Test 1-116,text,true,,231,158,180,180,http://localhost:8080/?token=494370254&user=-1356109124&config=2,10658,0,0
1781062301077,10657,Config 2,200,OK,Stress Test 1-70,text,true,,231,158,180,180,http://localhost:8080/?token=494370254&user=-1356109124&config=2,10657,0,0
1781062301079,10656,Config 2,200,OK,Stress Test 1-20,text,true,,231,158,180,180,http://localhost:8080/?token=494370254&user=-1356109124&config=2,10656,0,0
1781062301079,10656,Config 2,200,OK,Stress Test 1-27,text,true,,231,158,180,180,http://localhost:8080/?token=494370254&user=-1356109124&config=2,10656,0,0
1781062301075,10661,Config 2,200,OK,Stress Test 1-105,text,true,,231,158,180,180,http://localhost:8080/?token=494370254&user=-1356109124&config=2,10661,0,0
1781062301076,10661,Config 2,200,OK,Stress Test 1-115,text,true,,231,158,180,180,http://localhost:8080/?token=494370254&user=-1356109124&config=2,10661,0,0
1781062301076,10661,Config 2,200,OK,Stress Test 1-120,text,true,,231,158,180,180,http://localhost:8080/?token=494370254&user=-1356109124&config=2,10661,0,0
1781062301078,10660,Config 2,200,OK,Stress Test 1-75,text,true,,231,158,180,180,http://localhost:8080/?token=494370254&user=-1356109124&config=2,10660,0,0
1781062301078,10660,Config 2,200,OK,Stress Test 1-85,text,true,,231,158,180,180,http://localhost:8080/?token=494370254&user=-1356109124&config=2,10660,0,0
1781062301079,10660,Config 2,200,OK,Stress Test 1-129,text,true,,231,158,180,180,http://localhost:8080/?token=494370254&user=-1356109124&config=2,10660,0,0
1781062301077,10663,Config 2,200,OK,Stress Test 1-55,text,true,,231,158,180,180,http://localhost:8080/?token=494370254&user=-1356109124&config=2,10663,0,1
1781062301077,10663,Config 2,200,OK,Stress Test 1-114,text,true,,231,158,180,180,http://localhost:8080/?token=494370254&user=-1356109124&config=2,10663,0,0
1781062301612,10129,Config 2,200,OK,Stress Test 1-164,text,true,,231,158,180,180,http://localhost:8080/?token=494370254&user=-1356109124&config=2,10129,0,1
1781062305459,6282,Config 2,200,OK,Stress Test 1-121,text,true,,231,158,180,180,http://localhost:8080/?token=494370254&user=-1356109124&config=2,6282,0,0
1781062305459,6282,Config 2,200,OK,Stress Test 1-122,text,true,,231,158,180,180,http://localhost:8080/?token=494370254&user=-1356109124&config=2,6282,0,0
1781062305460,6282,Config 2,200,OK,Stress Test 1-23,text,true,,231,158,180,180,http://localhost:8080/?token=494370254&user=-1356109124&config=2,6282,0,0
1781062301077,10666,Config 2,200,OK,Stress Test 1-134,text,true,,231,158,180,180,http://localhost:8080/?token=494370254&user=-1356109124&config=2,10665,0,0
1781062302821,8921,Config 2,200,OK,Stress Test 1-166,text,true,,231,158,180,180,http://localhost:8080/?token=494370254&user=-1356109124&config=2,8921,0,1
1781062302210,9532,Config 2,200,OK,Stress Test 1-165,text,true,,231,158,180,180,http://localhost:8080/?token=494370254&user=-1356109124&config=2,9532,0,1
1781062305453,6290,Config 2,200,OK,Stress Test 1-137,text,true,,231,158,180,180,http://localhost:8080/?token=494370254&user=-1356109124&config=2,6290,0,0
1781062303432,8311,Config 2,200,OK,Stress Test 1-167,text,true,,231,158,180,180,http://localhost:8080/?token=494370254&user=-1356109124&config=2,8311,0,1
1781062304024,7720,Config 2,200,OK,Stress Test 1-168,text,true,,231,158,180,180,http://localhost:8080/?token=494370254&user=-1356109124&config=2,7720,0,2
1781062304612,7132,Config 2,200,OK,Stress Test 1-169,text,true,,231,158,180,180,http://localhost:8080/?token=494370254&user=-1356109124&config=2,7132,0,2
1781062305231,6514,Config 2,200,OK,Stress Test 1-170,text,true,,231,158,180,180,http://localhost:8080/?token=494370254&user=-1356109124&config=2,6514,0,2
1781062305461,6284,Config 2,200,OK,Stress Test 1-155,text,true,,231,158,180,180,http://localhost:8080/?token=494370254&user=-1356109124&config=2,6284,0,0
1781062305462,6283,Config 2,200,OK,Stress Test 1-49,text,true,,231,158,180,180,http://localhost:8080/?token=494370254&user=-1356109124&config=2,6283,0,0
1781062305462,6283,Config 2,200,OK,Stress Test 1-156,text,true,,231,158,180,180,http://localhost:8080/?token=494370254&user=-1356109124&config=2,6283,0,0
1781062305466,6280,Config 2,200,OK,Stress Test 1-76,text,true,,231,158,180,180,http://localhost:8080/?token=494370254&user=-1356109124&config=2,6280,0,0
1781062305466,6280,Config 2,200,OK,Stress Test 1-74,text,true,,231,158,180,180,http://localhost:8080/?token=494370254&user=-1356109124&config=2,6280,0,0
1781062301078,10668,Config 2,200,OK,Stress Test 1-82,text,true,,231,158,180,180,http://localhost:8080/?token=494370254&user=-1356109124&config=2,10668,0,0
1781062305466,6281,Config 2,200,OK,Stress Test 1-89,text,true,,231,158,180,180,http://localhost:8080/?token=494370254&user=-1356109124&config=2,6281,0,0
1781062305467,6282,Config 2,200,OK,Stress Test 1-2,text,true,,231,158,180,180,http://localhost:8080/?token=494370254&user=-1356109124&config=2,6282,0,0
1781062301079,10670,Config 2,200,OK,Stress Test 1-12,text,true,,231,158,180,180,http://localhost:8080/?token=494370254&user=-1356109124&config=2,10670,0,0
1781062305479,6272,Config 2,200,OK,Stress Test 1-107,text,true,,231,158,180,180,http://localhost:8080/?token=494370254&user=-1356109124&config=2,6272,0,0
1781062305830,5921,Config 2,500,IGNORE,Stress Test 1-171,text,true,,233,158,180,180,http://localhost:8080/?token=494370254&user=-1356109124&config=2,5921,0,1
1781062305479,6272,Config 2,200,OK,Stress Test 1-108,text,true,,231,158,180,180,http://localhost:8080/?token=494370254&user=-1356109124&config=2,6272,0,0
1781062305479,6273,Config 2,200,OK,Stress Test 1-113,text,true,,231,158,180,180,http://localhost:8080/?token=494370254&user=-1356109124&config=2,6273,0,0
1781062305479,6273,Config 2,200,OK,Stress Test 1-10,text,true,,231,158,180,180,http://localhost:8080/?token=494370254&user=-1356109124&config=2,6273,0,0
1781062305473,6280,Config 2,200,OK,Stress Test 1-119,text,true,,231,158,180,180,http://localhost:8080/?token=494370254&user=-1356109124&config=2,6280,0,0
1781062305480,6273,Config 2,200,OK,Stress Test 1-118,text,true,,231,158,180,180,http://localhost:8080/?token=494370254&user=-1356109124&config=2,6273,0,0
1781062305480,6274,Config 2,200,OK,Stress Test 1-124,text,true,,231,158,180,180,http://localhost:8080/?token=494370254&user=-1356109124&config=2,6274,0,0
1781062305480,6274,Config 2,200,OK,Stress Test 1-127,text,true,,231,158,180,180,http://localhost:8080/?token=494370254&user=-1356109124&config=2,6274,0,0
1781062305461,6293,Config 2,200,OK,Stress Test 1-128,text,true,,231,158,180,180,http://localhost:8080/?token=494370254&user=-1356109124&config=2,6293,0,0
1781062305481,6274,Config 2,200,OK,Stress Test 1-138,text,true,,231,158,180,180,http://localhost:8080/?token=494370254&user=-1356109124&config=2,6274,0,0
1781062305481,6273,Config 2,200,OK,Stress Test 1-32,text,true,,231,158,180,180,http://localhost:8080/?token=494370254&user=-1356109124&config=2,6273,0,0
1781062305480,6274,Config 2,200,OK,Stress Test 1-135,text,true,,231,158,180,180,http://localhost:8080/?token=494370254&user=-1356109124&config=2,6274,0,0
1781062305481,6274,Config 2,200,OK,Stress Test 1-140,text,true,,231,158,180,180,http://localhost:8080/?token=494370254&user=-1356109124&config=2,6274,0,0
1781062305482,6273,Config 2,200,OK,Stress Test 1-142,text,true,,231,158,180,180,http://localhost:8080/?token=494370254&user=-1356109124&config=2,6273,0,0
1781062305473,6282,Config 2,200,OK,Stress Test 1-40,text,true,,231,158,180,180,http://localhost:8080/?token=494370254&user=-1356109124&config=2,6282,0,0
1781062305482,6274,Config 2,200,OK,Stress Test 1-150,text,true,,231,158,180,180,http://localhost:8080/?token=494370254&user=-1356109124&config=2,6274,0,0
1781062305473,6283,Config 2,200,OK,Stress Test 1-145,text,true,,231,158,180,180,http://localhost:8080/?token=494370254&user=-1356109124&config=2,6283,0,0
1781062305474,6282,Config 2,200,OK,Stress Test 1-71,text,true,,231,158,180,180,http://localhost:8080/?token=494370254&user=-1356109124&config=2,6282,0,0
1781062305483,6273,Config 2,200,OK,Stress Test 1-141,text,true,,231,158,180,180,http://localhost:8080/?token=494370254&user=-1356109124&config=2,6273,0,0
1781062305491,6265,Config 2,200,OK,Stress Test 1-77,text,true,,231,158,180,180,http://localhost:8080/?token=494370254&user=-1356109124&config=2,6265,0,0
1781062305475,6282,Config 2,200,OK,Stress Test 1-83,text,true,,231,158,180,180,http://localhost:8080/?token=494370254&user=-1356109124&config=2,6282,0,0
1781062305475,6283,Config 2,200,OK,Stress Test 1-87,text,true,,231,158,180,180,http://localhost:8080/?token=494370254&user=-1356109124&config=2,6283,0,0
1781062305477,6281,Config 2,200,OK,Stress Test 1-92,text,true,,231,158,180,180,http://localhost:8080/?token=494370254&user=-1356109124&config=2,6281,0,0
1781062305492,6266,Config 2,200,OK,Stress Test 1-93,text,true,,231,158,180,180,http://localhost:8080/?token=494370254&user=-1356109124&config=2,6266,0,0
1781062305476,6282,Config 2,200,OK,Stress Test 1-91,text,true,,231,158,180,180,http://localhost:8080/?token=494370254&user=-1356109124&config=2,6282,0,0
1781062305493,6266,Config 2,200,OK,Stress Test 1-8,text,true,,231,158,180,180,http://localhost:8080/?token=494370254&user=-1356109124&config=2,6266,0,0
1781062305467,6292,Config 2,200,OK,Stress Test 1-7,text,true,,231,158,180,180,http://localhost:8080/?token=494370254&user=-1356109124&config=2,6292,0,0
1781062305468,6291,Config 2,200,OK,Stress Test 1-13,text,true,,231,158,180,180,http://localhost:8080/?token=494370254&user=-1356109124&config=2,6291,0,0
1781062305469,6291,Config 2,200,OK,Stress Test 1-15,text,true,,231,158,180,180,http://localhost:8080/?token=494370254&user=-1356109124&config=2,6291,0,0
1781062305468,6292,Config 2,200,OK,Stress Test 1-16,text,true,,231,158,180,180,http://localhost:8080/?token=494370254&user=-1356109124&config=2,6292,0,0
1781062305468,6292,Config 2,200,OK,Stress Test 1-17,text,true,,231,158,180,180,http://localhost:8080/?token=494370254&user=-1356109124&config=2,6292,0,0
1781062305469,6292,Config 2,200,OK,Stress Test 1-131,text,true,,231,158,180,180,http://localhost:8080/?token=494370254&user=-1356109124&config=2,6292,0,0
1781062305469,6292,Config 2,200,OK,Stress Test 1-18,text,true,,231,158,180,180,http://localhost:8080/?token=494370254&user=-1356109124&config=2,6292,0,0
1781062305495,6266,Config 2,200,OK,Stress Test 1-33,text,true,,231,158,180,180,http://localhost:8080/?token=494370254&user=-1356109124&config=2,6266,0,0
1781062305477,6285,Config 2,200,OK,Stress Test 1-147,text,true,,231,158,180,180,http://localhost:8080/?token=494370254&user=-1356109124&config=2,6285,0,0
1781062305470,6292,Config 2,200,OK,Stress Test 1-146,text,true,,231,158,180,180,http://localhost:8080/?token=494370254&user=-1356109124&config=2,6292,0,0
1781062305470,6292,Config 2,200,OK,Stress Test 1-41,text,true,,231,158,180,180,http://localhost:8080/?token=494370254&user=-1356109124&config=2,6292,0,0
1781062305495,6267,Config 2,200,OK,Stress Test 1-148,text,true,,231,158,180,180,http://localhost:8080/?token=494370254&user=-1356109124&config=2,6267,0,0
1781062305496,6267,Config 2,200,OK,Stress Test 1-38,text,true,,231,158,180,180,http://localhost:8080/?token=494370254&user=-1356109124&config=2,6267,0,0
1781062305496,6267,Config 2,200,OK,Stress Test 1-43,text,true,,231,158,180,180,http://localhost:8080/?token=494370254&user=-1356109124&config=2,6267,0,0
1781062305497,6266,Config 2,200,OK,Stress Test 1-44,text,true,,231,158,180,180,http://localhost:8080/?token=494370254&user=-1356109124&config=2,6266,0,0
1781062305470,6294,Config 2,200,OK,Stress Test 1-53,text,true,,231,158,180,180,http://localhost:8080/?token=494370254&user=-1356109124&config=2,6294,0,0
1781062305471,6293,Config 2,200,OK,Stress Test 1-157,text,true,,231,158,180,180,http://localhost:8080/?token=494370254&user=-1356109124&config=2,6293,0,0
1781062305471,6293,Config 2,200,OK,Stress Test 1-158,text,true,,231,158,180,180,http://localhost:8080/?token=494370254&user=-1356109124&config=2,6293,0,0
1781062305478,6286,Config 2,200,OK,Stress Test 1-159,text,true,,231,158,180,180,http://localhost:8080/?token=494370254&user=-1356109124&config=2,6286,0,0
1781062305478,6286,Config 2,200,OK,Stress Test 1-160,text,true,,231,158,180,180,http://localhost:8080/?token=494370254&user=-1356109124&config=2,6286,0,0
1781062306416,5350,Config 2,500,IGNORE,Stress Test 1-172,text,true,,233,158,180,180,http://localhost:8080/?token=494370254&user=-1356109124&config=2,5350,0,2
1781062306688,5078,Config 2,500,IGNORE,Stress Test 1-78,text,true,,233,158,180,180,http://localhost:8080/?token=494370254&user=-1356109124&config=2,5078,0,0
1781062306687,5079,Config 2,500,IGNORE,Stress Test 1-73,text,true,,233,158,180,180,http://localhost:8080/?token=494370254&user=-1356109124&config=2,5079,0,0
1781062306689,5079,Config 2,500,IGNORE,Stress Test 1-84,text,true,,233,158,180,180,http://localhost:8080/?token=494370254&user=-1356109124&config=2,5078,0,0
1781062306689,5080,Config 2,500,IGNORE,Stress Test 1-88,text,true,,233,158,180,180,http://localhost:8080/?token=494370254&user=-1356109124&config=2,5080,0,0
1781062306690,5081,Config 2,500,IGNORE,Stress Test 1-97,text,true,,233,158,180,180,http://localhost:8080/?token=494370254&user=-1356109124&config=2,5080,0,0
1781062306690,5082,Config 2,500,IGNORE,Stress Test 1-103,text,true,,233,158,180,180,http://localhost:8080/?token=494370254&user=-1356109124&config=2,5082,0,0
1781062306690,5083,Config 2,500,IGNORE,Stress Test 1-6,text,true,,233,158,180,180,http://localhost:8080/?token=494370254&user=-1356109124&config=2,5083,0,0
1781062306692,5081,Config 2,500,IGNORE,Stress Test 1-47,text,true,,233,158,180,180,http://localhost:8080/?token=494370254&user=-1356109124&config=2,5081,0,0
1781062306692,5083,Config 2,500,IGNORE,Stress Test 1-48,text,true,,233,158,180,180,http://localhost:8080/?token=494370254&user=-1356109124&config=2,5082,0,0
1781062306694,5081,Config 2,500,IGNORE,Stress Test 1-52,text,true,,233,158,180,180,http://localhost:8080/?token=494370254&user=-1356109124&config=2,5081,0,0
1781062306695,5080,Config 2,500,IGNORE,Stress Test 1-58,text,true,,233,158,180,180,http://localhost:8080/?token=494370254&user=-1356109124&config=2,5080,0,0
1781062306696,5081,Config 2,500,IGNORE,Stress Test 1-56,text,true,,233,158,180,180,http://localhost:8080/?token=494370254&user=-1356109124&config=2,5081,0,0
1781062306696,5081,Config 2,500,IGNORE,Stress Test 1-57,text,true,,233,158,180,180,http://localhost:8080/?token=494370254&user=-1356109124&config=2,5081,0,0
1781062306697,5082,Config 2,500,IGNORE,Stress Test 1-54,text,true,,233,158,180,180,http://localhost:8080/?token=494370254&user=-1356109124&config=2,5082,0,0
1781062306700,5079,Config 2,500,IGNORE,Stress Test 1-153,text,true,,233,158,180,180,http://localhost:8080/?token=494370254&user=-1356109124&config=2,5079,0,0
1781062305525,6256,Config 2,500,IGNORE,Stress Test 1-144,text,true,,233,158,180,180,http://localhost:8080/?token=494370254&user=-1356109124&config=2,6256,0,1
1781062306689,5096,Config 2,500,IGNORE,Stress Test 1-139,text,true,,233,158,180,180,http://localhost:8080/?token=494370254&user=-1356109124&config=2,5096,0,0
1781062306689,5096,Config 2,500,IGNORE,Stress Test 1-79,text,true,,233,158,180,180,http://localhost:8080/?token=494370254&user=-1356109124&config=2,5096,0,0
1781062306688,5097,Config 2,500,IGNORE,Stress Test 1-123,text,true,,233,158,180,180,http://localhost:8080/?token=494370254&user=-1356109124&config=2,5097,0,0
1781062306689,5098,Config 2,500,IGNORE,Stress Test 1-94,text,true,,233,158,180,180,http://localhost:8080/?token=494370254&user=-1356109124&config=2,5097,0,0
1781062306689,5099,Config 2,500,IGNORE,Stress Test 1-102,text,true,,233,158,180,180,http://localhost:8080/?token=494370254&user=-1356109124&config=2,5099,0,0
1781062306689,5099,Config 2,500,IGNORE,Stress Test 1-99,text,true,,233,158,180,180,http://localhost:8080/?token=494370254&user=-1356109124&config=2,5099,0,0
1781062306690,5099,Config 2,500,IGNORE,Stress Test 1-3,text,true,,233,158,180,180,http://localhost:8080/?token=494370254&user=-1356109124&config=2,5099,0,0
1781062306691,5098,Config 2,500,IGNORE,Stress Test 1-21,text,true,,233,158,180,180,http://localhost:8080/?token=494370254&user=-1356109124&config=2,5098,0,0
1781062306691,5100,Config 2,500,IGNORE,Stress Test 1-19,text,true,,233,158,180,180,http://localhost:8080/?token=494370254&user=-1356109124&config=2,5100,0,0
1781062306691,5100,Config 2,500,IGNORE,Stress Test 1-125,text,true,,233,158,180,180,http://localhost:8080/?token=494370254&user=-1356109124&config=2,5100,0,0
1781062306691,5101,Config 2,500,IGNORE,Stress Test 1-130,text,true,,233,158,180,180,http://localhost:8080/?token=494370254&user=-1356109124&config=2,5101,0,0
1781062306695,5098,Config 2,500,IGNORE,Stress Test 1-60,text,true,,233,158,180,180,http://localhost:8080/?token=494370254&user=-1356109124&config=2,5098,0,0
1781062306697,5097,Config 2,500,IGNORE,Stress Test 1-24,text,true,,233,158,180,180,http://localhost:8080/?token=494370254&user=-1356109124&config=2,5097,0,0
1781062305464,6898,Config 2,200,OK,Stress Test 1-69,text,true,,231,158,181,181,http://localhost:8080/?token=494370254&user=-1356109124&config=2,6898,0,1
1781062305482,6880,Config 2,200,OK,Stress Test 1-149,text,true,,231,158,181,181,http://localhost:8080/?token=494370254&user=-1356109124&config=2,6880,0,0
1781062305486,6876,Config 2,200,OK,Stress Test 1-61,text,true,,231,158,181,181,http://localhost:8080/?token=494370254&user=-1356109124&config=2,6876,0,1
1781062305498,6864,Config 2,200,OK,Stress Test 1-5,text,true,,231,158,181,181,http://localhost:8080/?token=494370254&user=-1356109124&config=2,6864,0,2
1781062305499,6863,Config 2,200,OK,Stress Test 1-132,text,true,,231,158,181,181,http://localhost:8080/?token=494370254&user=-1356109124&config=2,6863,0,1
1781062305492,6870,Config 2,200,OK,Stress Test 1-98,text,true,,231,158,181,181,http://localhost:8080/?token=494370254&user=-1356109124&config=2,6870,0,0
1781062305490,6872,Config 2,200,OK,Stress Test 1-68,text,true,,231,158,181,181,http://localhost:8080/?token=494370254&user=-1356109124&config=2,6872,0,1
1781062305502,6860,Config 2,200,OK,Stress Test 1-31,text,true,,231,158,181,181,http://localhost:8080/?token=494370254&user=-1356109124&config=2,6860,0,1
1781062305502,6860,Config 2,200,OK,Stress Test 1-95,text,true,,231,158,181,181,http://localhost:8080/?token=494370254&user=-1356109124&config=2,6860,0,1
1781062305494,6869,Config 2,200,OK,Stress Test 1-34,text,true,,231,158,181,181,http://localhost:8080/?token=494370254&user=-1356109124&config=2,6869,0,0
1781062305495,6868,Config 2,200,OK,Stress Test 1-37,text,true,,231,158,181,181,http://localhost:8080/?token=494370254&user=-1356109124&config=2,6868,0,0
1781062305496,6867,Config 2,200,OK,Stress Test 1-39,text,true,,231,158,181,181,http://localhost:8080/?token=494370254&user=-1356109124&config=2,6867,0,0
1781062305483,6882,Config 2,200,OK,Stress Test 1-151,text,true,,231,158,181,181,http://localhost:8080/?token=494370254&user=-1356109124&config=2,6882,0,0
1781062305484,6881,Config 2,200,OK,Stress Test 1-51,text,true,,231,158,181,181,http://localhost:8080/?token=494370254&user=-1356109124&config=2,6881,0,0
1781062305464,6901,Config 2,200,OK,Stress Test 1-65,text,true,,231,158,181,181,http://localhost:8080/?token=494370254&user=-1356109124&config=2,6901,0,1
1781062305484,6882,Config 2,200,OK,Stress Test 1-22,text,true,,231,158,181,181,http://localhost:8080/?token=494370254&user=-1356109124&config=2,6882,0,1
1781062305486,6880,Config 2,200,OK,Stress Test 1-101,text,true,,231,158,181,181,http://localhost:8080/?token=494370254&user=-1356109124&config=2,6880,0,1
1781062305487,6879,Config 2,200,OK,Stress Test 1-62,text,true,,231,158,181,181,http://localhost:8080/?token=494370254&user=-1356109124&config=2,6879,0,2
1781062305489,6878,Config 2,200,OK,Stress Test 1-66,text,true,,231,158,181,181,http://localhost:8080/?token=494370254&user=-1356109124&config=2,6878,0,1
1781062305489,6878,Config 2,200,OK,Stress Test 1-63,text,true,,231,158,181,181,http://localhost:8080/?token=494370254&user=-1356109124&config=2,6878,0,1
1781062305500,6868,Config 2,200,OK,Stress Test 1-117,text,true,,231,158,181,181,http://localhost:8080/?token=494370254&user=-1356109124&config=2,6868,0,1
1781062305491,6877,Config 2,200,OK,Stress Test 1-86,text,true,,231,158,181,181,http://localhost:8080/?token=494370254&user=-1356109124&config=2,6877,0,0
1781062305492,6876,Config 2,200,OK,Stress Test 1-106,text,true,,231,158,181,181,http://localhost:8080/?token=494370254&user=-1356109124&config=2,6876,0,0
1781062305502,6868,Config 2,200,OK,Stress Test 1-29,text,true,,231,158,181,181,http://localhost:8080/?token=494370254&user=-1356109124&config=2,6868,0,1
1781062305493,6877,Config 2,200,OK,Stress Test 1-14,text,true,,231,158,181,181,http://localhost:8080/?token=494370254&user=-1356109124&config=2,6877,0,0
1781062305493,6878,Config 2,200,OK,Stress Test 1-28,text,true,,231,158,181,181,http://localhost:8080/?token=494370254&user=-1356109124&config=2,6878,0,0
1781062305504,6867,Config 2,200,OK,Stress Test 1-112,text,true,,231,158,181,181,http://localhost:8080/?token=494370254&user=-1356109124&config=2,6867,0,1
1781062305494,6878,Config 2,200,OK,Stress Test 1-35,text,true,,231,158,181,181,http://localhost:8080/?token=494370254&user=-1356109124&config=2,6878,0,0
1781062305511,6861,Config 2,200,OK,Stress Test 1-109,text,true,,231,158,181,181,http://localhost:8080/?token=494370254&user=-1356109124&config=2,6861,0,1
1781062305513,6860,Config 2,200,OK,Stress Test 1-26,text,true,,231,158,181,181,http://localhost:8080/?token=494370254&user=-1356109124&config=2,6860,0,2
1781062305497,6876,Config 2,200,OK,Stress Test 1-45,text,true,,231,158,181,181,http://localhost:8080/?token=494370254&user=-1356109124&config=2,6876,0,0
1781062305474,6900,Config 2,200,OK,Stress Test 1-67,text,true,,231,158,181,181,http://localhost:8080/?token=494370254&user=-1356109124&config=2,6900,0,2
1781062305513,6862,Config 2,200,OK,Stress Test 1-152,text,true,,231,158,181,181,http://localhost:8080/?token=494370254&user=-1356109124&config=2,6862,0,2
1781062305519,6856,Config 2,200,OK,Stress Test 1-30,text,true,,231,158,181,181,http://localhost:8080/?token=494370254&user=-1356109124&config=2,6856,0,1
1781062305523,6853,Config 2,200,OK,Stress Test 1-50,text,true,,231,158,181,181,http://localhost:8080/?token=494370254&user=-1356109124&config=2,6853,0,1
1781062305497,6881,Config 2,200,OK,Stress Test 1-25,text,true,,231,158,181,181,http://localhost:8080/?token=494370254&user=-1356109124&config=2,6881,0,1
1781062305499,6879,Config 2,200,OK,Stress Test 1-96,text,true,,231,158,181,181,http://localhost:8080/?token=494370254&user=-1356109124&config=2,6879,0,1
1781062305504,6874,Config 2,200,OK,Stress Test 1-81,text,true,,231,158,181,181,http://localhost:8080/?token=494370254&user=-1356109124&config=2,6874,0,1
1781062305504,6875,Config 2,200,OK,Stress Test 1-110,text,true,,231,158,181,181,http://localhost:8080/?token=494370254&user=-1356109124&config=2,6875,0,1
1781062305504,6875,Config 2,200,OK,Stress Test 1-42,text,true,,231,158,181,181,http://localhost:8080/?token=494370254&user=-1356109124&config=2,6875,0,2
1781062305506,6874,Config 2,200,OK,Stress Test 1-46,text,true,,231,158,181,181,http://localhost:8080/?token=494370254&user=-1356109124&config=2,6874,0,1
1781062305506,6874,Config 2,200,OK,Stress Test 1-59,text,true,,231,158,181,181,http://localhost:8080/?token=494370254&user=-1356109124&config=2,6874,0,1
1781062305511,6870,Config 2,200,OK,Stress Test 1-161,text,true,,231,158,181,181,http://localhost:8080/?token=494370254&user=-1356109124&config=2,6870,0,1
1781062305512,6869,Config 2,200,OK,Stress Test 1-162,text,true,,231,158,181,181,http://localhost:8080/?token=494370254&user=-1356109124&config=2,6869,0,0
1781062305514,6868,Config 2,200,OK,Stress Test 1-133,text,true,,231,158,181,181,http://localhost:8080/?token=494370254&user=-1356109124&config=2,6868,0,1
1781062305516,6867,Config 2,200,OK,Stress Test 1-80,text,true,,231,158,181,181,http://localhost:8080/?token=494370254&user=-1356109124&config=2,6867,0,1
1781062305516,6867,Config 2,200,OK,Stress Test 1-4,text,true,,231,158,181,181,http://localhost:8080/?token=494370254&user=-1356109124&config=2,6867,0,1
1781062305517,6866,Config 2,200,OK,Stress Test 1-143,text,true,,231,158,181,181,http://localhost:8080/?token=494370254&user=-1356109124&config=2,6866,0,0
1781062305519,6865,Config 2,200,OK,Stress Test 1-36,text,true,,231,158,181,181,http://localhost:8080/?token=494370254&user=-1356109124&config=2,6865,0,1
1781062305521,6864,Config 2,200,OK,Stress Test 1-104,text,true,,231,158,181,181,http://localhost:8080/?token=494370254&user=-1356109124&config=2,6864,0,1
1781062305521,6865,Config 2,200,OK,Stress Test 1-111,text,true,,231,158,181,181,http://localhost:8080/?token=494370254&user=-1356109124&config=2,6865,0,1
1781062306752,12057,Config 2,200,OK,Stress Test 1-126,text,true,,231,158,192,192,http://localhost:8080/?token=494370254&user=-1356109124&config=2,12057,0,0
1781062306687,12123,Config 2,200,OK,Stress Test 1-64,text,true,,231,158,192,192,http://localhost:8080/?token=494370254&user=-1356109124&config=2,12123,0,2
1781062306752,12057,Config 2,200,OK,Stress Test 1-163,text,true,,231,158,192,192,http://localhost:8080/?token=494370254&user=-1356109124&config=2,12057,0,0
1781062306753,12057,Config 2,200,OK,Stress Test 1-72,text,true,,231,158,192,192,http://localhost:8080/?token=494370254&user=-1356109124&config=2,12057,0,2
1781062306752,12058,Config 2,200,OK,Stress Test 1-136,text,true,,231,158,192,192,http://localhost:8080/?token=494370254&user=-1356109124&config=2,12058,0,0
1781062307013,11797,Config 2,200,OK,Stress Test 1-173,text,true,,231,158,192,192,http://localhost:8080/?token=494370254&user=-1356109124&config=2,11797,0,1
1781062306752,12058,Config 2,200,OK,Stress Test 1-90,text,true,,231,158,192,192,http://localhost:8080/?token=494370254&user=-1356109124&config=2,12058,0,0
1781062307623,11187,Config 2,200,OK,Stress Test 1-174,text,true,,231,158,192,192,http://localhost:8080/?token=494370254&user=-1356109124&config=2,11187,0,1
1781062308220,10590,Config 2,200,OK,Stress Test 1-175,text,true,,231,158,192,192,http://localhost:8080/?token=494370254&user=-1356109124&config=2,10590,0,1
1781062308824,9988,Config 2,200,OK,Stress Test 1-176,text,true,,231,158,192,192,http://localhost:8080/?token=494370254&user=-1356109124&config=2,9988,0,1
1781062309417,9395,Config 2,200,OK,Stress Test 1-177,text,true,,231,158,192,192,http://localhost:8080/?token=494370254&user=-1356109124&config=2,9395,0,2
1781062310022,8791,Config 2,200,OK,Stress Test 1-178,text,true,,231,158,192,192,http://localhost:8080/?token=494370254&user=-1356109124&config=2,8791,0,1
1781062310621,8192,Config 2,200,OK,Stress Test 1-179,text,true,,231,158,192,192,http://localhost:8080/?token=494370254&user=-1356109124&config=2,8192,0,1
1781062311222,7591,Config 2,200,OK,Stress Test 1-180,text,true,,231,158,192,192,http://localhost:8080/?token=494370254&user=-1356109124&config=2,7591,0,1
1781062311735,7080,Config 2,200,OK,Stress Test 1-116,text,true,,231,158,192,192,http://localhost:8080/?token=494370254&user=-1356109124&config=2,7080,0,0
1781062311738,7077,Config 2,200,OK,Stress Test 1-120,text,true,,231,158,192,192,http://localhost:8080/?token=494370254&user=-1356109124&config=2,7077,0,0
1781062311737,7078,Config 2,200,OK,Stress Test 1-115,text,true,,231,158,192,192,http://localhost:8080/?token=494370254&user=-1356109124&config=2,7078,0,0
1781062311732,7084,Config 2,200,OK,Stress Test 1-154,text,true,,231,158,192,192,http://localhost:8080/?token=494370254&user=-1356109124&config=2,7084,0,0
1781062311733,7083,Config 2,200,OK,Stress Test 1-100,text,true,,231,158,192,192,http://localhost:8080/?token=494370254&user=-1356109124&config=2,7083,0,0
1781062311733,7084,Config 2,200,OK,Stress Test 1-1,text,true,,231,158,192,192,http://localhost:8080/?token=494370254&user=-1356109124&config=2,7084,0,0
1781062311739,7077,Config 2,200,OK,Stress Test 1-85,text,true,,231,158,192,192,http://localhost:8080/?token=494370254&user=-1356109124&config=2,7077,0,0
1781062311733,7084,Config 2,200,OK,Stress Test 1-11,text,true,,231,158,192,192,http://localhost:8080/?token=494370254&user=-1356109124&config=2,7084,0,0
1781062311734,7084,Config 2,200,OK,Stress Test 1-9,text,true,,231,158,192,192,http://localhost:8080/?token=494370254&user=-1356109124&config=2,7084,0,0
1781062311735,7083,Config 2,200,OK,Stress Test 1-20,text,true,,231,158,192,192,http://localhost:8080/?token=494370254&user=-1356109124&config=2,7083,0,0
1781062311736,7083,Config 2,200,OK,Stress Test 1-27,text,true,,231,158,192,192,http://localhost:8080/?token=494370254&user=-1356109124&config=2,7083,0,0
1781062311736,7085,Config 2,200,OK,Stress Test 1-105,text,true,,231,158,192,192,http://localhost:8080/?token=494370254&user=-1356109124&config=2,7085,0,0
1781062311741,7080,Config 2,200,OK,Stress Test 1-55,text,true,,231,158,192,192,http://localhost:8080/?token=494370254&user=-1356109124&config=2,7080,0,0
1781062311741,7081,Config 2,200,OK,Stress Test 1-164,text,true,,231,158,192,192,http://localhost:8080/?token=494370254&user=-1356109124&config=2,7081,0,0
1781062311741,7081,Config 2,200,OK,Stress Test 1-114,text,true,,231,158,192,192,http://localhost:8080/?token=494370254&user=-1356109124&config=2,7081,0,0
1781062311742,7081,Config 2,200,OK,Stress Test 1-122,text,true,,231,158,192,192,http://localhost:8080/?token=494370254&user=-1356109124&config=2,7081,0,0
1781062311741,7082,Config 2,200,OK,Stress Test 1-121,text,true,,231,158,192,192,http://localhost:8080/?token=494370254&user=-1356109124&config=2,7082,0,0
1781062311742,7082,Config 2,200,OK,Stress Test 1-23,text,true,,231,158,192,192,http://localhost:8080/?token=494370254&user=-1356109124&config=2,7081,0,0
1781062311743,7081,Config 2,200,OK,Stress Test 1-165,text,true,,231,158,192,192,http://localhost:8080/?token=494370254&user=-1356109124&config=2,7081,0,0
1781062311743,7081,Config 2,200,OK,Stress Test 1-166,text,true,,231,158,192,192,http://localhost:8080/?token=494370254&user=-1356109124&config=2,7081,0,0
1781062311743,7082,Config 2,200,OK,Stress Test 1-134,text,true,,231,158,192,192,http://localhost:8080/?token=494370254&user=-1356109124&config=2,7082,0,0
1781062311744,7081,Config 2,200,OK,Stress Test 1-167,text,true,,231,158,192,192,http://localhost:8080/?token=494370254&user=-1356109124&config=2,7081,0,0
1781062311744,7081,Config 2,200,OK,Stress Test 1-137,text,true,,231,158,192,192,http://localhost:8080/?token=494370254&user=-1356109124&config=2,7081,0,0
1781062311744,7082,Config 2,200,OK,Stress Test 1-168,text,true,,231,158,192,192,http://localhost:8080/?token=494370254&user=-1356109124&config=2,7082,0,0
1781062311745,7081,Config 2,200,OK,Stress Test 1-169,text,true,,231,158,192,192,http://localhost:8080/?token=494370254&user=-1356109124&config=2,7081,0,0
1781062311745,7081,Config 2,200,OK,Stress Test 1-170,text,true,,231,158,192,192,http://localhost:8080/?token=494370254&user=-1356109124&config=2,7081,0,0
1781062311745,7082,Config 2,200,OK,Stress Test 1-155,text,true,,231,158,192,192,http://localhost:8080/?token=494370254&user=-1356109124&config=2,7082,0,0
1781062311746,7081,Config 2,200,OK,Stress Test 1-156,text,true,,231,158,192,192,http://localhost:8080/?token=494370254&user=-1356109124&config=2,7081,0,0
1781062311746,7081,Config 2,200,OK,Stress Test 1-49,text,true,,231,158,192,192,http://localhost:8080/?token=494370254&user=-1356109124&config=2,7081,0,0
1781062311749,7078,Config 2,200,OK,Stress Test 1-89,text,true,,231,158,192,192,http://localhost:8080/?token=494370254&user=-1356109124&config=2,7078,0,0
1781062311747,7080,Config 2,200,OK,Stress Test 1-82,text,true,,231,158,192,192,http://localhost:8080/?token=494370254&user=-1356109124&config=2,7080,0,0
1781062311750,7078,Config 2,200,OK,Stress Test 1-2,text,true,,231,158,192,192,http://localhost:8080/?token=494370254&user=-1356109124&config=2,7078,0,0
1781062311740,7089,Config 2,200,OK,Stress Test 1-129,text,true,,231,158,192,192,http://localhost:8080/?token=494370254&user=-1356109124&config=2,7089,0,0
1781062311751,7079,Config 2,200,OK,Stress Test 1-107,text,true,,231,158,192,192,http://localhost:8080/?token=494370254&user=-1356109124&config=2,7079,0,0
1781062311752,7078,Config 2,200,OK,Stress Test 1-108,text,true,,231,158,192,192,http://localhost:8080/?token=494370254&user=-1356109124&config=2,7078,0,0
1781062311753,7078,Config 2,200,OK,Stress Test 1-113,text,true,,231,158,192,192,http://localhost:8080/?token=494370254&user=-1356109124&config=2,7078,0,0
1781062311753,7078,Config 2,200,OK,Stress Test 1-10,text,true,,231,158,192,192,http://localhost:8080/?token=494370254&user=-1356109124&config=2,7078,0,0
1781062311754,7077,Config 2,200,OK,Stress Test 1-118,text,true,,231,158,192,192,http://localhost:8080/?token=494370254&user=-1356109124&config=2,7077,0,0
1781062311754,7078,Config 2,200,OK,Stress Test 1-124,text,true,,231,158,192,192,http://localhost:8080/?token=494370254&user=-1356109124&config=2,7078,0,0
1781062311754,7078,Config 2,200,OK,Stress Test 1-119,text,true,,231,158,192,192,http://localhost:8080/?token=494370254&user=-1356109124&config=2,7078,0,0
1781062311754,7078,Config 2,200,OK,Stress Test 1-127,text,true,,231,158,192,192,http://localhost:8080/?token=494370254&user=-1356109124&config=2,7078,0,0
1781062311755,7078,Config 2,200,OK,Stress Test 1-135,text,true,,231,158,192,192,http://localhost:8080/?token=494370254&user=-1356109124&config=2,7078,0,0
1781062311755,7078,Config 2,200,OK,Stress Test 1-128,text,true,,231,158,192,192,http://localhost:8080/?token=494370254&user=-1356109124&config=2,7078,0,0
1781062311755,7078,Config 2,200,OK,Stress Test 1-32,text,true,,231,158,192,192,http://localhost:8080/?token=494370254&user=-1356109124&config=2,7078,0,0
1781062311756,7078,Config 2,200,OK,Stress Test 1-140,text,true,,231,158,192,192,http://localhost:8080/?token=494370254&user=-1356109124&config=2,7078,0,0
1781062311755,7079,Config 2,200,OK,Stress Test 1-138,text,true,,231,158,192,192,http://localhost:8080/?token=494370254&user=-1356109124&config=2,7079,0,0
1781062311756,7078,Config 2,200,OK,Stress Test 1-142,text,true,,231,158,192,192,http://localhost:8080/?token=494370254&user=-1356109124&config=2,7078,0,0
1781062311756,7079,Config 2,200,OK,Stress Test 1-150,text,true,,231,158,192,192,http://localhost:8080/?token=494370254&user=-1356109124&config=2,7079,0,0
1781062311757,7078,Config 2,200,OK,Stress Test 1-145,text,true,,231,158,192,192,http://localhost:8080/?token=494370254&user=-1356109124&config=2,7078,0,0
1781062312375,6460,Config 2,500,IGNORE,Stress Test 1-67,text,true,,233,158,192,192,http://localhost:8080/?token=494370254&user=-1356109124&config=2,6460,0,0
1781062312378,6458,Config 2,500,IGNORE,Stress Test 1-25,text,true,,233,158,192,192,http://localhost:8080/?token=494370254&user=-1356109124&config=2,6458,0,0
1781062312368,6468,Config 2,500,IGNORE,Stress Test 1-86,text,true,,233,158,192,192,http://localhost:8080/?token=494370254&user=-1356109124&config=2,6468,0,0
1781062311758,7078,Config 2,200,OK,Stress Test 1-83,text,true,,231,158,192,192,http://localhost:8080/?token=494370254&user=-1356109124&config=2,7078,0,0
1781062311759,7078,Config 2,200,OK,Stress Test 1-87,text,true,,231,158,192,192,http://localhost:8080/?token=494370254&user=-1356109124&config=2,7078,0,0
1781062311759,7079,Config 2,200,OK,Stress Test 1-92,text,true,,231,158,192,192,http://localhost:8080/?token=494370254&user=-1356109124&config=2,7079,0,0
1781062312378,6461,Config 2,500,IGNORE,Stress Test 1-96,text,true,,233,158,192,192,http://localhost:8080/?token=494370254&user=-1356109124&config=2,6460,0,0
1781062312369,6470,Config 2,500,IGNORE,Stress Test 1-106,text,true,,233,158,192,192,http://localhost:8080/?token=494370254&user=-1356109124&config=2,6470,0,0
1781062312368,6471,Config 2,500,IGNORE,Stress Test 1-117,text,true,,233,158,192,192,http://localhost:8080/?token=494370254&user=-1356109124&config=2,6471,0,0
1781062311760,7080,Config 2,200,OK,Stress Test 1-8,text,true,,231,158,192,192,http://localhost:8080/?token=494370254&user=-1356109124&config=2,7080,0,0
1781062311760,7081,Config 2,200,OK,Stress Test 1-7,text,true,,231,158,192,192,http://localhost:8080/?token=494370254&user=-1356109124&config=2,7081,0,0
1781062311760,7081,Config 2,200,OK,Stress Test 1-13,text,true,,231,158,192,192,http://localhost:8080/?token=494370254&user=-1356109124&config=2,7081,0,0
1781062311750,7091,Config 2,200,OK,Stress Test 1-12,text,true,,231,158,192,192,http://localhost:8080/?token=494370254&user=-1356109124&config=2,7091,0,0
1781062311760,7082,Config 2,200,OK,Stress Test 1-17,text,true,,231,158,192,192,http://localhost:8080/?token=494370254&user=-1356109124&config=2,7082,0,0
1781062311760,7082,Config 2,200,OK,Stress Test 1-16,text,true,,231,158,192,192,http://localhost:8080/?token=494370254&user=-1356109124&config=2,7082,0,0
1781062312370,6472,Config 2,500,IGNORE,Stress Test 1-14,text,true,,233,158,192,192,http://localhost:8080/?token=494370254&user=-1356109124&config=2,6472,0,0
1781062311760,7083,Config 2,200,OK,Stress Test 1-15,text,true,,231,158,192,192,http://localhost:8080/?token=494370254&user=-1356109124&config=2,7083,0,0
1781062311761,7082,Config 2,200,OK,Stress Test 1-18,text,true,,231,158,192,192,http://localhost:8080/?token=494370254&user=-1356109124&config=2,7082,0,0
1781062311761,7083,Config 2,200,OK,Stress Test 1-131,text,true,,231,158,192,192,http://localhost:8080/?token=494370254&user=-1356109124&config=2,7083,0,0
1781062312371,6473,Config 2,500,IGNORE,Stress Test 1-112,text,true,,233,158,192,192,http://localhost:8080/?token=494370254&user=-1356109124&config=2,6473,0,0
1781062312379,6466,Config 2,500,IGNORE,Stress Test 1-81,text,true,,233,158,192,192,http://localhost:8080/?token=494370254&user=-1356109124&config=2,6466,0,0
1781062312379,6466,Config 2,500,IGNORE,Stress Test 1-110,text,true,,233,158,192,192,http://localhost:8080/?token=494370254&user=-1356109124&config=2,6466,0,0
1781062312371,6475,Config 2,500,IGNORE,Stress Test 1-28,text,true,,233,158,192,192,http://localhost:8080/?token=494370254&user=-1356109124&config=2,6475,0,0
1781062312380,6467,Config 2,500,IGNORE,Stress Test 1-42,text,true,,233,158,192,192,http://localhost:8080/?token=494370254&user=-1356109124&config=2,6467,0,0
1781062312380,6467,Config 2,500,IGNORE,Stress Test 1-46,text,true,,233,158,192,192,http://localhost:8080/?token=494370254&user=-1356109124&config=2,6467,0,0
1781062312372,6477,Config 2,500,IGNORE,Stress Test 1-35,text,true,,233,158,192,192,http://localhost:8080/?token=494370254&user=-1356109124&config=2,6477,0,0
1781062312372,6477,Config 2,500,IGNORE,Stress Test 1-109,text,true,,233,158,192,192,http://localhost:8080/?token=494370254&user=-1356109124&config=2,6477,0,0
1781062311762,7089,Config 2,200,OK,Stress Test 1-41,text,true,,231,158,192,192,http://localhost:8080/?token=494370254&user=-1356109124&config=2,7089,0,0
1781062312381,6470,Config 2,500,IGNORE,Stress Test 1-161,text,true,,233,158,192,192,http://localhost:8080/?token=494370254&user=-1356109124&config=2,6470,0,0
1781062311762,7090,Config 2,200,OK,Stress Test 1-146,text,true,,231,158,192,192,http://localhost:8080/?token=494370254&user=-1356109124&config=2,7090,0,0
1781062311762,7091,Config 2,200,OK,Stress Test 1-147,text,true,,231,158,192,192,http://localhost:8080/?token=494370254&user=-1356109124&config=2,7091,0,0
1781062312373,6480,Config 2,500,IGNORE,Stress Test 1-45,text,true,,233,158,192,192,http://localhost:8080/?token=494370254&user=-1356109124&config=2,6480,0,0
1781062312381,6473,Config 2,500,IGNORE,Stress Test 1-162,text,true,,233,158,192,192,http://localhost:8080/?token=494370254&user=-1356109124&config=2,6473,0,0
1781062312375,6480,Config 2,500,IGNORE,Stress Test 1-152,text,true,,233,158,192,192,http://localhost:8080/?token=494370254&user=-1356109124&config=2,6480,0,0
1781062312373,6482,Config 2,500,IGNORE,Stress Test 1-26,text,true,,233,158,192,192,http://localhost:8080/?token=494370254&user=-1356109124&config=2,6482,0,0
1781062312383,6474,Config 2,500,IGNORE,Stress Test 1-133,text,true,,233,158,192,192,http://localhost:8080/?token=494370254&user=-1356109124&config=2,6474,0,0
1781062312383,6475,Config 2,500,IGNORE,Stress Test 1-80,text,true,,233,158,192,192,http://localhost:8080/?token=494370254&user=-1356109124&config=2,6475,0,0
1781062312385,6475,Config 2,500,IGNORE,Stress Test 1-36,text,true,,233,158,192,192,http://localhost:8080/?token=494370254&user=-1356109124&config=2,6474,0,0
1781062312376,6484,Config 2,500,IGNORE,Stress Test 1-30,text,true,,233,158,192,192,http://localhost:8080/?token=494370254&user=-1356109124&config=2,6483,0,0
1781062312386,6474,Config 2,500,IGNORE,Stress Test 1-104,text,true,,233,158,192,192,http://localhost:8080/?token=494370254&user=-1356109124&config=2,6474,0,0
1781062312387,6475,Config 2,500,IGNORE,Stress Test 1-111,text,true,,233,158,192,192,http://localhost:8080/?token=494370254&user=-1356109124&config=2,6474,0,0
1781062312377,6485,Config 2,500,IGNORE,Stress Test 1-50,text,true,,233,158,192,192,http://localhost:8080/?token=494370254&user=-1356109124&config=2,6484,0,0
1781062312383,6484,Config 2,500,IGNORE,Stress Test 1-4,text,true,,233,158,192,192,http://localhost:8080/?token=494370254&user=-1356109124&config=2,6483,0,0
1781062312380,6487,Config 2,500,IGNORE,Stress Test 1-59,text,true,,233,158,192,192,http://localhost:8080/?token=494370254&user=-1356109124&config=2,6486,0,0
1781062312384,6483,Config 2,500,IGNORE,Stress Test 1-143,text,true,,233,158,192,192,http://localhost:8080/?token=494370254&user=-1356109124&config=2,6483,0,0
1781062312429,6437,Config 2,500,IGNORE,Stress Test 1-182,text,true,,233,158,192,192,http://localhost:8080/?token=494370254&user=-1356109124&config=2,6437,0,2
1781062311756,7536,Config 2,200,OK,Stress Test 1-40,text,true,,231,158,193,193,http://localhost:8080/?token=494370254&user=-1356109124&config=2,7536,0,0
1781062312362,6930,Config 2,200,OK,Stress Test 1-149,text,true,,231,158,193,193,http://localhost:8080/?token=494370254&user=-1356109124&config=2,6930,0,0
1781062311757,7535,Config 2,200,OK,Stress Test 1-141,text,true,,231,158,193,193,http://localhost:8080/?token=494370254&user=-1356109124&config=2,7535,0,0
1781062312366,6927,Config 2,200,OK,Stress Test 1-151,text,true,,231,158,193,193,http://localhost:8080/?token=494370254&user=-1356109124&config=2,6927,0,0
1781062312362,6932,Config 2,200,OK,Stress Test 1-69,text,true,,231,158,193,193,http://localhost:8080/?token=494370254&user=-1356109124&config=2,6932,0,0
1781062312366,6928,Config 2,200,OK,Stress Test 1-65,text,true,,231,158,193,193,http://localhost:8080/?token=494370254&user=-1356109124&config=2,6928,0,0
1781062312366,6927,Config 2,200,OK,Stress Test 1-51,text,true,,231,158,193,193,http://localhost:8080/?token=494370254&user=-1356109124&config=2,6927,0,0
1781062312367,6928,Config 2,200,OK,Stress Test 1-22,text,true,,231,158,193,193,http://localhost:8080/?token=494370254&user=-1356109124&config=2,6928,0,0
1781062312362,6933,Config 2,200,OK,Stress Test 1-61,text,true,,231,158,193,193,http://localhost:8080/?token=494370254&user=-1356109124&config=2,6933,0,0
1781062312367,6928,Config 2,200,OK,Stress Test 1-101,text,true,,231,158,193,193,http://localhost:8080/?token=494370254&user=-1356109124&config=2,6928,0,0
1781062312367,6929,Config 2,200,OK,Stress Test 1-62,text,true,,231,158,193,193,http://localhost:8080/?token=494370254&user=-1356109124&config=2,6929,0,0
1781062312368,6928,Config 2,200,OK,Stress Test 1-63,text,true,,231,158,193,193,http://localhost:8080/?token=494370254&user=-1356109124&config=2,6928,0,0
1781062312368,6928,Config 2,200,OK,Stress Test 1-66,text,true,,231,158,193,193,http://localhost:8080/?token=494370254&user=-1356109124&config=2,6928,0,0
1781062311735,7562,Config 2,200,OK,Stress Test 1-70,text,true,,231,158,193,193,http://localhost:8080/?token=494370254&user=-1356109124&config=2,7562,0,2
1781062311752,7545,Config 2,200,OK,Stress Test 1-171,text,true,,231,158,193,193,http://localhost:8080/?token=494370254&user=-1356109124&config=2,7545,0,1
1781062311757,7541,Config 2,200,OK,Stress Test 1-77,text,true,,231,158,193,193,http://localhost:8080/?token=494370254&user=-1356109124&config=2,7541,0,1
1781062311759,7541,Config 2,200,OK,Stress Test 1-91,text,true,,231,158,193,193,http://localhost:8080/?token=494370254&user=-1356109124&config=2,7541,0,0
1781062312363,6937,Config 2,200,OK,Stress Test 1-68,text,true,,231,158,193,193,http://localhost:8080/?token=494370254&user=-1356109124&config=2,6937,0,0
1781062311759,7543,Config 2,200,OK,Stress Test 1-93,text,true,,231,158,193,193,http://localhost:8080/?token=494370254&user=-1356109124&config=2,7543,0,0
1781062312363,6939,Config 2,200,OK,Stress Test 1-5,text,true,,231,158,193,193,http://localhost:8080/?token=494370254&user=-1356109124&config=2,6939,0,0
1781062312363,6941,Config 2,200,OK,Stress Test 1-132,text,true,,231,158,193,193,http://localhost:8080/?token=494370254&user=-1356109124&config=2,6941,0,0
1781062312363,6941,Config 2,200,OK,Stress Test 1-98,text,true,,231,158,193,193,http://localhost:8080/?token=494370254&user=-1356109124&config=2,6941,0,0
1781062312364,6941,Config 2,200,OK,Stress Test 1-95,text,true,,231,158,193,193,http://localhost:8080/?token=494370254&user=-1356109124&config=2,6941,0,0
1781062312364,6941,Config 2,200,OK,Stress Test 1-31,text,true,,231,158,193,193,http://localhost:8080/?token=494370254&user=-1356109124&config=2,6941,0,0
1781062312370,6935,Config 2,200,OK,Stress Test 1-29,text,true,,231,158,193,193,http://localhost:8080/?token=494370254&user=-1356109124&config=2,6935,0,0
1781062311761,7545,Config 2,200,OK,Stress Test 1-33,text,true,,231,158,193,193,http://localhost:8080/?token=494370254&user=-1356109124&config=2,7545,0,0
1781062312364,6942,Config 2,200,OK,Stress Test 1-34,text,true,,231,158,193,193,http://localhost:8080/?token=494370254&user=-1356109124&config=2,6942,0,0
1781062312364,6942,Config 2,200,OK,Stress Test 1-37,text,true,,231,158,193,193,http://localhost:8080/?token=494370254&user=-1356109124&config=2,6942,0,0
1781062311763,7544,Config 2,200,OK,Stress Test 1-38,text,true,,231,158,193,193,http://localhost:8080/?token=494370254&user=-1356109124&config=2,7544,0,0
1781062311762,7545,Config 2,200,OK,Stress Test 1-148,text,true,,231,158,193,193,http://localhost:8080/?token=494370254&user=-1356109124&config=2,7545,0,0
1781062311763,7544,Config 2,200,OK,Stress Test 1-43,text,true,,231,158,193,193,http://localhost:8080/?token=494370254&user=-1356109124&config=2,7544,0,0
1781062311763,7545,Config 2,200,OK,Stress Test 1-44,text,true,,231,158,193,193,http://localhost:8080/?token=494370254&user=-1356109124&config=2,7545,0,0
1781062312364,6944,Config 2,200,OK,Stress Test 1-39,text,true,,231,158,193,193,http://localhost:8080/?token=494370254&user=-1356109124&config=2,6944,0,0
1781062311764,7544,Config 2,200,OK,Stress Test 1-53,text,true,,231,158,193,193,http://localhost:8080/?token=494370254&user=-1356109124&config=2,7544,0,0
1781062311764,7545,Config 2,200,OK,Stress Test 1-157,text,true,,231,158,193,193,http://localhost:8080/?token=494370254&user=-1356109124&config=2,7545,0,0
1781062311764,7545,Config 2,200,OK,Stress Test 1-158,text,true,,231,158,193,193,http://localhost:8080/?token=494370254&user=-1356109124&config=2,7545,0,0
1781062311764,7546,Config 2,200,OK,Stress Test 1-159,text,true,,231,158,193,193,http://localhost:8080/?token=494370254&user=-1356109124&config=2,7546,0,0
1781062311765,7546,Config 2,200,OK,Stress Test 1-160,text,true,,231,158,193,193,http://localhost:8080/?token=494370254&user=-1356109124&config=2,7546,0,0
1781062311739,7572,Config 2,200,OK,Stress Test 1-75,text,true,,231,158,193,193,http://localhost:8080/?token=494370254&user=-1356109124&config=2,7572,0,1
1781062311747,7565,Config 2,200,OK,Stress Test 1-74,text,true,,231,158,193,193,http://localhost:8080/?token=494370254&user=-1356109124&config=2,7565,0,1
1781062311747,7565,Config 2,200,OK,Stress Test 1-76,text,true,,231,158,193,193,http://localhost:8080/?token=494370254&user=-1356109124&config=2,7565,0,1
1781062311757,7556,Config 2,200,OK,Stress Test 1-71,text,true,,231,158,193,193,http://localhost:8080/?token=494370254&user=-1356109124&config=2,7556,0,1
1781062311767,7546,Config 2,200,OK,Stress Test 1-78,text,true,,231,158,193,193,http://localhost:8080/?token=494370254&user=-1356109124&config=2,7546,0,1
1781062311767,7547,Config 2,200,OK,Stress Test 1-73,text,true,,231,158,193,193,http://localhost:8080/?token=494370254&user=-1356109124&config=2,7547,0,1
1781062311766,7548,Config 2,200,OK,Stress Test 1-172,text,true,,231,158,193,193,http://localhost:8080/?token=494370254&user=-1356109124&config=2,7548,0,1
1781062311768,7546,Config 2,200,OK,Stress Test 1-84,text,true,,231,158,193,193,http://localhost:8080/?token=494370254&user=-1356109124&config=2,7546,0,1
1781062311771,7544,Config 2,200,OK,Stress Test 1-97,text,true,,231,158,193,193,http://localhost:8080/?token=494370254&user=-1356109124&config=2,7544,0,1
1781062311770,7545,Config 2,200,OK,Stress Test 1-88,text,true,,231,158,193,193,http://localhost:8080/?token=494370254&user=-1356109124&config=2,7545,0,1
1781062311774,7542,Config 2,200,OK,Stress Test 1-6,text,true,,231,158,193,193,http://localhost:8080/?token=494370254&user=-1356109124&config=2,7542,0,1
1781062311773,7543,Config 2,200,OK,Stress Test 1-103,text,true,,231,158,193,193,http://localhost:8080/?token=494370254&user=-1356109124&config=2,7543,0,1
1781062311774,7542,Config 2,200,OK,Stress Test 1-47,text,true,,231,158,193,193,http://localhost:8080/?token=494370254&user=-1356109124&config=2,7542,0,0
1781062311775,7542,Config 2,200,OK,Stress Test 1-48,text,true,,231,158,193,193,http://localhost:8080/?token=494370254&user=-1356109124&config=2,7542,0,1
1781062311776,7541,Config 2,200,OK,Stress Test 1-52,text,true,,231,158,193,193,http://localhost:8080/?token=494370254&user=-1356109124&config=2,7541,0,1
1781062311776,7542,Config 2,200,OK,Stress Test 1-58,text,true,,231,158,193,193,http://localhost:8080/?token=494370254&user=-1356109124&config=2,7542,0,1
1781062311778,7540,Config 2,200,OK,Stress Test 1-57,text,true,,231,158,193,193,http://localhost:8080/?token=494370254&user=-1356109124&config=2,7540,0,0
1781062311778,7540,Config 2,200,OK,Stress Test 1-56,text,true,,231,158,193,193,http://localhost:8080/?token=494370254&user=-1356109124&config=2,7540,0,0
1781062311779,7540,Config 2,200,OK,Stress Test 1-54,text,true,,231,158,193,193,http://localhost:8080/?token=494370254&user=-1356109124&config=2,7540,0,1
1781062311779,7540,Config 2,200,OK,Stress Test 1-153,text,true,,231,158,193,193,http://localhost:8080/?token=494370254&user=-1356109124&config=2,7540,0,1
1781062311782,7537,Config 2,200,OK,Stress Test 1-144,text,true,,231,158,193,193,http://localhost:8080/?token=494370254&user=-1356109124&config=2,7537,0,1
1781062311785,7535,Config 2,200,OK,Stress Test 1-79,text,true,,231,158,193,193,http://localhost:8080/?token=494370254&user=-1356109124&config=2,7535,0,2
1781062311785,7535,Config 2,200,OK,Stress Test 1-123,text,true,,231,158,193,193,http://localhost:8080/?token=494370254&user=-1356109124&config=2,7535,0,2
1781062311785,7535,Config 2,200,OK,Stress Test 1-139,text,true,,231,158,193,193,http://localhost:8080/?token=494370254&user=-1356109124&config=2,7535,0,2
1781062311787,7534,Config 2,200,OK,Stress Test 1-94,text,true,,231,158,193,193,http://localhost:8080/?token=494370254&user=-1356109124&config=2,7534,0,1
1781062311789,7532,Config 2,200,OK,Stress Test 1-102,text,true,,231,158,193,193,http://localhost:8080/?token=494370254&user=-1356109124&config=2,7532,0,1
1781062311789,7533,Config 2,200,OK,Stress Test 1-99,text,true,,231,158,193,193,http://localhost:8080/?token=494370254&user=-1356109124&config=2,7533,0,1
1781062311790,7532,Config 2,200,OK,Stress Test 1-3,text,true,,231,158,193,193,http://localhost:8080/?token=494370254&user=-1356109124&config=2,7532,0,1
1781062311790,7532,Config 2,200,OK,Stress Test 1-21,text,true,,231,158,193,193,http://localhost:8080/?token=494370254&user=-1356109124&config=2,7532,0,1
1781062311792,7531,Config 2,200,OK,Stress Test 1-125,text,true,,231,158,193,193,http://localhost:8080/?token=494370254&user=-1356109124&config=2,7531,0,0
1781062311791,7532,Config 2,200,OK,Stress Test 1-19,text,true,,231,158,193,193,http://localhost:8080/?token=494370254&user=-1356109124&config=2,7532,0,1
1781062311793,7531,Config 2,200,OK,Stress Test 1-130,text,true,,231,158,193,193,http://localhost:8080/?token=494370254&user=-1356109124&config=2,7531,0,1
1781062311795,7529,Config 2,200,OK,Stress Test 1-24,text,true,,231,158,193,193,http://localhost:8080/?token=494370254&user=-1356109124&config=2,7529,0,1
1781062311794,7530,Config 2,200,OK,Stress Test 1-60,text,true,,231,158,193,193,http://localhost:8080/?token=494370254&user=-1356109124&config=2,7530,0,1
1781062311815,7510,Config 2,200,OK,Stress Test 1-181,text,true,,231,158,193,193,http://localhost:8080/?token=494370254&user=-1356109124&config=2,7510,0,1
1781062313038,8164,Config 2,200,OK,Stress Test 1-183,text,true,,231,158,196,196,http://localhost:8080/?token=494370254&user=-1356109124&config=2,8164,0,1
1781062314220,6981,Config 2,200,OK,Stress Test 1-185,text,true,,231,158,196,196,http://localhost:8080/?token=494370254&user=-1356109124&config=2,6981,0,1
1781062313617,7585,Config 2,200,OK,Stress Test 1-184,text,true,,231,158,196,196,http://localhost:8080/?token=494370254&user=-1356109124&config=2,7585,0,1
1781062314821,6380,Config 2,200,OK,Stress Test 1-186,text,true,,231,158,196,196,http://localhost:8080/?token=494370254&user=-1356109124&config=2,6380,0,2
1781062316012,5189,Config 2,200,OK,Stress Test 1-188,text,true,,231,158,196,196,http://localhost:8080/?token=494370254&user=-1356109124&config=2,5189,0,1
1781062318809,2394,Config 2,200,OK,Stress Test 1-126,text,true,,231,158,196,196,http://localhost:8080/?token=494370254&user=-1356109124&config=2,2394,0,0
1781062318810,2393,Config 2,200,OK,Stress Test 1-136,text,true,,231,158,196,196,http://localhost:8080/?token=494370254&user=-1356109124&config=2,2393,0,0
1781062318809,2394,Config 2,200,OK,Stress Test 1-64,text,true,,231,158,196,196,http://localhost:8080/?token=494370254&user=-1356109124&config=2,2394,0,0
1781062318809,2394,Config 2,200,OK,Stress Test 1-163,text,true,,231,158,196,196,http://localhost:8080/?token=494370254&user=-1356109124&config=2,2394,0,0
1781062318810,2394,Config 2,200,OK,Stress Test 1-173,text,true,,231,158,196,196,http://localhost:8080/?token=494370254&user=-1356109124&config=2,2394,0,0
1781062318810,2394,Config 2,200,OK,Stress Test 1-72,text,true,,231,158,196,196,http://localhost:8080/?token=494370254&user=-1356109124&config=2,2394,0,0
1781062318811,2393,Config 2,200,OK,Stress Test 1-175,text,true,,231,158,196,196,http://localhost:8080/?token=494370254&user=-1356109124&config=2,2393,0,0
1781062318810,2394,Config 2,200,OK,Stress Test 1-174,text,true,,231,158,196,196,http://localhost:8080/?token=494370254&user=-1356109124&config=2,2394,0,0
1781062318812,2393,Config 2,200,OK,Stress Test 1-176,text,true,,231,158,196,196,http://localhost:8080/?token=494370254&user=-1356109124&config=2,2393,0,0
1781062318813,2392,Config 2,200,OK,Stress Test 1-178,text,true,,231,158,196,196,http://localhost:8080/?token=494370254&user=-1356109124&config=2,2392,0,0
1781062318812,2393,Config 2,200,OK,Stress Test 1-177,text,true,,231,158,196,196,http://localhost:8080/?token=494370254&user=-1356109124&config=2,2393,0,0
1781062318813,2393,Config 2,200,OK,Stress Test 1-179,text,true,,231,158,196,196,http://localhost:8080/?token=494370254&user=-1356109124&config=2,2393,0,0
1781062318813,2393,Config 2,200,OK,Stress Test 1-180,text,true,,231,158,196,196,http://localhost:8080/?token=494370254&user=-1356109124&config=2,2393,0,0
1781062315413,5794,Config 2,200,OK,Stress Test 1-187,text,true,,231,158,196,196,http://localhost:8080/?token=494370254&user=-1356109124&config=2,5794,0,2
1781062316613,4595,Config 2,200,OK,Stress Test 1-189,text,true,,231,158,196,196,http://localhost:8080/?token=494370254&user=-1356109124&config=2,4594,0,1
1781062317215,3996,Config 2,200,OK,Stress Test 1-190,text,true,,231,158,196,196,http://localhost:8080/?token=494370254&user=-1356109124&config=2,3996,0,1
1781062317814,3398,Config 2,200,OK,Stress Test 1-191,text,true,,231,158,196,196,http://localhost:8080/?token=494370254&user=-1356109124&config=2,3398,0,1
1781062318412,2801,Config 2,200,OK,Stress Test 1-192,text,true,,231,158,196,196,http://localhost:8080/?token=494370254&user=-1356109124&config=2,2801,0,1
1781062318815,2400,Config 2,200,OK,Stress Test 1-115,text,true,,231,158,196,196,http://localhost:8080/?token=494370254&user=-1356109124&config=2,2400,0,0
1781062318815,2403,Config 2,200,OK,Stress Test 1-116,text,true,,231,158,196,196,http://localhost:8080/?token=494370254&user=-1356109124&config=2,2403,0,0
1781062318815,2403,Config 2,200,OK,Stress Test 1-120,text,true,,231,158,196,196,http://localhost:8080/?token=494370254&user=-1356109124&config=2,2403,0,0
1781062318822,2397,Config 2,200,OK,Stress Test 1-122,text,true,,231,158,196,196,http://localhost:8080/?token=494370254&user=-1356109124&config=2,2397,0,0
1781062318824,2396,Config 2,200,OK,Stress Test 1-167,text,true,,231,158,196,196,http://localhost:8080/?token=494370254&user=-1356109124&config=2,2396,0,0
1781062318816,2404,Config 2,200,OK,Stress Test 1-154,text,true,,231,158,196,196,http://localhost:8080/?token=494370254&user=-1356109124&config=2,2404,0,0
1781062318816,2405,Config 2,200,OK,Stress Test 1-100,text,true,,231,158,196,196,http://localhost:8080/?token=494370254&user=-1356109124&config=2,2405,0,0
1781062318816,2406,Config 2,200,OK,Stress Test 1-1,text,true,,231,158,196,196,http://localhost:8080/?token=494370254&user=-1356109124&config=2,2406,0,0
1781062318817,2405,Config 2,200,OK,Stress Test 1-11,text,true,,231,158,196,196,http://localhost:8080/?token=494370254&user=-1356109124&config=2,2405,0,0
1781062318818,2405,Config 2,200,OK,Stress Test 1-9,text,true,,231,158,196,196,http://localhost:8080/?token=494370254&user=-1356109124&config=2,2404,0,0
1781062318819,2405,Config 2,200,OK,Stress Test 1-27,text,true,,231,158,196,196,http://localhost:8080/?token=494370254&user=-1356109124&config=2,2405,0,0
1781062318818,2406,Config 2,200,OK,Stress Test 1-20,text,true,,231,158,196,196,http://localhost:8080/?token=494370254&user=-1356109124&config=2,2406,0,0
1781062318820,5426,Config 2,200,OK,Stress Test 1-105,text,true,,231,158,201,201,http://localhost:8080/?token=494370254&user=-1356109124&config=2,5426,0,0
1781062318824,7972,Config 2,200,OK,Stress Test 1-166,text,true,,231,158,205,205,http://localhost:8080/?token=494370254&user=-1356109124&config=2,7972,0,0
1781062318821,7977,Config 2,200,OK,Stress Test 1-114,text,true,,231,158,205,205,http://localhost:8080/?token=494370254&user=-1356109124&config=2,7977,0,0
1781062318830,7968,Config 2,200,OK,Stress Test 1-107,text,true,,231,158,205,205,http://localhost:8080/?token=494370254&user=-1356109124&config=2,7968,0,0
1781062318820,7978,Config 2,200,OK,Stress Test 1-55,text,true,,231,158,205,205,http://localhost:8080/?token=494370254&user=-1356109124&config=2,7978,0,0
1781062318821,7978,Config 2,200,OK,Stress Test 1-164,text,true,,231,158,205,205,http://localhost:8080/?token=494370254&user=-1356109124&config=2,7978,0,0
1781062318822,7977,Config 2,200,OK,Stress Test 1-121,text,true,,231,158,205,205,http://localhost:8080/?token=494370254&user=-1356109124&config=2,7977,0,0
1781062318823,7976,Config 2,200,OK,Stress Test 1-23,text,true,,231,158,205,205,http://localhost:8080/?token=494370254&user=-1356109124&config=2,7976,0,0
1781062318823,7976,Config 2,200,OK,Stress Test 1-165,text,true,,231,158,205,205,http://localhost:8080/?token=494370254&user=-1356109124&config=2,7976,0,0
1781062318824,7975,Config 2,200,OK,Stress Test 1-134,text,true,,231,158,205,205,http://localhost:8080/?token=494370254&user=-1356109124&config=2,7975,0,0
1781062318832,7967,Config 2,200,OK,Stress Test 1-128,text,true,,231,158,205,205,http://localhost:8080/?token=494370254&user=-1356109124&config=2,7967,0,0
1781062318825,7975,Config 2,200,OK,Stress Test 1-137,text,true,,231,158,205,205,http://localhost:8080/?token=494370254&user=-1356109124&config=2,7975,0,0
1781062318833,7967,Config 2,200,OK,Stress Test 1-142,text,true,,231,158,205,205,http://localhost:8080/?token=494370254&user=-1356109124&config=2,7967,0,0
1781062318825,7975,Config 2,200,OK,Stress Test 1-169,text,true,,231,158,205,205,http://localhost:8080/?token=494370254&user=-1356109124&config=2,7975,0,0
1781062318826,7974,Config 2,200,OK,Stress Test 1-49,text,true,,231,158,205,205,http://localhost:8080/?token=494370254&user=-1356109124&config=2,7974,0,0
1781062318827,7973,Config 2,200,OK,Stress Test 1-2,text,true,,231,158,205,205,http://localhost:8080/?token=494370254&user=-1356109124&config=2,7973,0,0
1781062318825,7975,Config 2,200,OK,Stress Test 1-168,text,true,,231,158,205,205,http://localhost:8080/?token=494370254&user=-1356109124&config=2,7975,0,0
1781062318831,7971,Config 2,200,OK,Stress Test 1-119,text,true,,231,158,205,205,http://localhost:8080/?token=494370254&user=-1356109124&config=2,7971,0,0
1781062318833,7969,Config 2,200,OK,Stress Test 1-138,text,true,,231,158,205,205,http://localhost:8080/?token=494370254&user=-1356109124&config=2,7969,0,0
1781062318825,7978,Config 2,200,OK,Stress Test 1-170,text,true,,231,158,205,205,http://localhost:8080/?token=494370254&user=-1356109124&config=2,7978,0,0
1781062318826,7977,Config 2,200,OK,Stress Test 1-156,text,true,,231,158,205,205,http://localhost:8080/?token=494370254&user=-1356109124&config=2,7977,0,0
1781062318831,7973,Config 2,200,OK,Stress Test 1-113,text,true,,231,158,205,205,http://localhost:8080/?token=494370254&user=-1356109124&config=2,7973,0,0
1781062318830,7974,Config 2,200,OK,Stress Test 1-108,text,true,,231,158,205,205,http://localhost:8080/?token=494370254&user=-1356109124&config=2,7974,0,0
1781062318831,7973,Config 2,200,OK,Stress Test 1-10,text,true,,231,158,205,205,http://localhost:8080/?token=494370254&user=-1356109124&config=2,7973,0,0
1781062318831,7974,Config 2,200,OK,Stress Test 1-127,text,true,,231,158,205,205,http://localhost:8080/?token=494370254&user=-1356109124&config=2,7974,0,0
1781062318831,7974,Config 2,200,OK,Stress Test 1-118,text,true,,231,158,205,205,http://localhost:8080/?token=494370254&user=-1356109124&config=2,7974,0,0
1781062318831,7974,Config 2,200,OK,Stress Test 1-124,text,true,,231,158,205,205,http://localhost:8080/?token=494370254&user=-1356109124&config=2,7974,0,0
1781062318832,7974,Config 2,200,OK,Stress Test 1-32,text,true,,231,158,205,205,http://localhost:8080/?token=494370254&user=-1356109124&config=2,7974,0,0
1781062318833,7973,Config 2,200,OK,Stress Test 1-140,text,true,,231,158,205,205,http://localhost:8080/?token=494370254&user=-1356109124&config=2,7973,0,0
1781062318832,7974,Config 2,200,OK,Stress Test 1-135,text,true,,231,158,205,205,http://localhost:8080/?token=494370254&user=-1356109124&config=2,7974,0,0
1781062318834,7973,Config 2,200,OK,Stress Test 1-150,text,true,,231,158,205,205,http://localhost:8080/?token=494370254&user=-1356109124&config=2,7973,0,0
1781062318834,7973,Config 2,200,OK,Stress Test 1-145,text,true,,231,158,205,205,http://localhost:8080/?token=494370254&user=-1356109124&config=2,7973,0,0
1781062318810,7998,Config 2,200,OK,Stress Test 1-90,text,true,,231,158,205,205,http://localhost:8080/?token=494370254&user=-1356109124&config=2,7998,0,2
1781062318826,7982,Config 2,200,OK,Stress Test 1-155,text,true,,231,158,205,205,http://localhost:8080/?token=494370254&user=-1356109124&config=2,7982,0,0
1781062318816,7992,Config 2,200,OK,Stress Test 1-85,text,true,,231,158,205,205,http://localhost:8080/?token=494370254&user=-1356109124&config=2,7992,0,3
1781062318853,7956,Config 2,200,OK,Stress Test 1-147,text,true,,231,158,205,205,http://localhost:8080/?token=494370254&user=-1356109124&config=2,7956,0,0
1781062318835,7975,Config 2,200,OK,Stress Test 1-25,text,true,,231,158,205,205,http://localhost:8080/?token=494370254&user=-1356109124&config=2,7975,0,1
1781062318834,7976,Config 2,200,OK,Stress Test 1-67,text,true,,231,158,205,205,http://localhost:8080/?token=494370254&user=-1356109124&config=2,7976,0,1
1781062318827,7983,Config 2,200,OK,Stress Test 1-82,text,true,,231,158,205,205,http://localhost:8080/?token=494370254&user=-1356109124&config=2,7983,0,1
1781062318836,7975,Config 2,200,OK,Stress Test 1-83,text,true,,231,158,205,205,http://localhost:8080/?token=494370254&user=-1356109124&config=2,7975,0,1
1781062318827,7984,Config 2,200,OK,Stress Test 1-89,text,true,,231,158,205,205,http://localhost:8080/?token=494370254&user=-1356109124&config=2,7984,0,1
1781062318835,7976,Config 2,200,OK,Stress Test 1-86,text,true,,231,158,205,205,http://localhost:8080/?token=494370254&user=-1356109124&config=2,7976,0,1
1781062318840,7972,Config 2,200,OK,Stress Test 1-8,text,true,,231,158,205,205,http://localhost:8080/?token=494370254&user=-1356109124&config=2,7972,0,0
1781062318837,7975,Config 2,200,OK,Stress Test 1-87,text,true,,231,158,205,205,http://localhost:8080/?token=494370254&user=-1356109124&config=2,7975,0,1
1781062318837,7975,Config 2,200,OK,Stress Test 1-92,text,true,,231,158,205,205,http://localhost:8080/?token=494370254&user=-1356109124&config=2,7975,0,2
1781062318840,7973,Config 2,200,OK,Stress Test 1-7,text,true,,231,158,205,205,http://localhost:8080/?token=494370254&user=-1356109124&config=2,7973,0,0
1781062318840,7973,Config 2,200,OK,Stress Test 1-13,text,true,,231,158,205,205,http://localhost:8080/?token=494370254&user=-1356109124&config=2,7973,0,0
1781062318840,7973,Config 2,200,OK,Stress Test 1-12,text,true,,231,158,205,205,http://localhost:8080/?token=494370254&user=-1356109124&config=2,7973,0,0
1781062318841,7974,Config 2,200,OK,Stress Test 1-16,text,true,,231,158,205,205,http://localhost:8080/?token=494370254&user=-1356109124&config=2,7974,0,0
1781062318841,7974,Config 2,200,OK,Stress Test 1-17,text,true,,231,158,205,205,http://localhost:8080/?token=494370254&user=-1356109124&config=2,7974,0,0
1781062318842,7973,Config 2,200,OK,Stress Test 1-15,text,true,,231,158,205,205,http://localhost:8080/?token=494370254&user=-1356109124&config=2,7973,0,0
1781062318829,7987,Config 2,200,OK,Stress Test 1-129,text,true,,231,158,205,205,http://localhost:8080/?token=494370254&user=-1356109124&config=2,7987,0,0
1781062318842,7974,Config 2,200,OK,Stress Test 1-18,text,true,,231,158,205,205,http://localhost:8080/?token=494370254&user=-1356109124&config=2,7974,0,0
1781062318843,7973,Config 2,200,OK,Stress Test 1-131,text,true,,231,158,205,205,http://localhost:8080/?token=494370254&user=-1356109124&config=2,7973,0,0
1781062318851,7966,Config 2,200,OK,Stress Test 1-41,text,true,,231,158,205,205,http://localhost:8080/?token=494370254&user=-1356109124&config=2,7966,0,0
1781062318852,7965,Config 2,200,OK,Stress Test 1-146,text,true,,231,158,205,205,http://localhost:8080/?token=494370254&user=-1356109124&config=2,7965,0,0
1781062318839,7979,Config 2,200,OK,Stress Test 1-106,text,true,,231,158,205,205,http://localhost:8080/?token=494370254&user=-1356109124&config=2,7979,0,1
1781062318838,7980,Config 2,200,OK,Stress Test 1-96,text,true,,231,158,205,205,http://localhost:8080/?token=494370254&user=-1356109124&config=2,7980,0,1
1781062319298,7521,Config 2,500,IGNORE,Stress Test 1-70,text,true,,233,158,205,205,http://localhost:8080/?token=494370254&user=-1356109124&config=2,7521,0,0
1781062318839,7980,Config 2,200,OK,Stress Test 1-117,text,true,,231,158,205,205,http://localhost:8080/?token=494370254&user=-1356109124&config=2,7980,0,1
1781062318841,7978,Config 2,200,OK,Stress Test 1-14,text,true,,231,158,205,205,http://localhost:8080/?token=494370254&user=-1356109124&config=2,7978,0,2
1781062318845,7975,Config 2,200,OK,Stress Test 1-81,text,true,,231,158,206,206,http://localhost:8080/?token=494370254&user=-1356109124&config=2,7975,0,1
1781062318843,7977,Config 2,200,OK,Stress Test 1-112,text,true,,231,158,206,206,http://localhost:8080/?token=494370254&user=-1356109124&config=2,7977,0,1
1781062318845,7976,Config 2,200,OK,Stress Test 1-110,text,true,,231,158,206,206,http://localhost:8080/?token=494370254&user=-1356109124&config=2,7976,0,1
1781062318846,7975,Config 2,200,OK,Stress Test 1-28,text,true,,231,158,206,206,http://localhost:8080/?token=494370254&user=-1356109124&config=2,7975,0,1
1781062318847,7974,Config 2,200,OK,Stress Test 1-42,text,true,,231,158,206,206,http://localhost:8080/?token=494370254&user=-1356109124&config=2,7974,0,1
1781062318849,7973,Config 2,200,OK,Stress Test 1-35,text,true,,231,158,206,206,http://localhost:8080/?token=494370254&user=-1356109124&config=2,7973,0,1
1781062318847,7975,Config 2,200,OK,Stress Test 1-46,text,true,,231,158,206,206,http://localhost:8080/?token=494370254&user=-1356109124&config=2,7975,0,1
1781062318849,7973,Config 2,200,OK,Stress Test 1-109,text,true,,231,158,206,206,http://localhost:8080/?token=494370254&user=-1356109124&config=2,7973,0,1
1781062318851,7972,Config 2,200,OK,Stress Test 1-161,text,true,,231,158,206,206,http://localhost:8080/?token=494370254&user=-1356109124&config=2,7972,0,1
1781062318855,7969,Config 2,200,OK,Stress Test 1-152,text,true,,231,158,206,206,http://localhost:8080/?token=494370254&user=-1356109124&config=2,7969,0,1
1781062318854,7970,Config 2,200,OK,Stress Test 1-162,text,true,,231,158,206,206,http://localhost:8080/?token=494370254&user=-1356109124&config=2,7970,0,1
1781062318853,7971,Config 2,200,OK,Stress Test 1-45,text,true,,231,158,206,206,http://localhost:8080/?token=494370254&user=-1356109124&config=2,7971,0,1
1781062318855,7970,Config 2,200,OK,Stress Test 1-26,text,true,,231,158,206,206,http://localhost:8080/?token=494370254&user=-1356109124&config=2,7970,0,1
1781062318857,7968,Config 2,200,OK,Stress Test 1-133,text,true,,231,158,206,206,http://localhost:8080/?token=494370254&user=-1356109124&config=2,7968,0,1
1781062318857,7969,Config 2,200,OK,Stress Test 1-80,text,true,,231,158,206,206,http://localhost:8080/?token=494370254&user=-1356109124&config=2,7969,0,1
1781062318859,7967,Config 2,200,OK,Stress Test 1-30,text,true,,231,158,206,206,http://localhost:8080/?token=494370254&user=-1356109124&config=2,7967,0,1
1781062318859,7968,Config 2,200,OK,Stress Test 1-36,text,true,,231,158,206,206,http://localhost:8080/?token=494370254&user=-1356109124&config=2,7968,0,1
1781062318861,7966,Config 2,200,OK,Stress Test 1-111,text,true,,231,158,206,206,http://localhost:8080/?token=494370254&user=-1356109124&config=2,7966,0,1
1781062318866,7962,Config 2,200,OK,Stress Test 1-59,text,true,,231,158,206,206,http://localhost:8080/?token=494370254&user=-1356109124&config=2,7962,0,1
1781062318866,7962,Config 2,200,OK,Stress Test 1-143,text,true,,231,158,206,206,http://localhost:8080/?token=494370254&user=-1356109124&config=2,7962,0,1
1781062319293,7542,Config 2,500,IGNORE,Stress Test 1-149,text,true,,233,158,206,206,http://localhost:8080/?token=494370254&user=-1356109124&config=2,7541,0,0
1781062319294,7541,Config 2,500,IGNORE,Stress Test 1-65,text,true,,233,158,206,206,http://localhost:8080/?token=494370254&user=-1356109124&config=2,7541,0,0
1781062319300,7535,Config 2,500,IGNORE,Stress Test 1-91,text,true,,233,158,206,206,http://localhost:8080/?token=494370254&user=-1356109124&config=2,7534,0,3
1781062319302,7533,Config 2,500,IGNORE,Stress Test 1-93,text,true,,233,158,206,206,http://localhost:8080/?token=494370254&user=-1356109124&config=2,7533,0,2
1781062319295,7540,Config 2,500,IGNORE,Stress Test 1-22,text,true,,233,158,206,206,http://localhost:8080/?token=494370254&user=-1356109124&config=2,7540,0,0
1781062319615,7220,Config 2,500,IGNORE,Stress Test 1-194,text,true,,233,158,206,206,http://localhost:8080/?token=494370254&user=-1356109124&config=2,7220,0,2
1781062319296,7539,Config 2,500,IGNORE,Stress Test 1-63,text,true,,233,158,206,206,http://localhost:8080/?token=494370254&user=-1356109124&config=2,7539,0,0
1781062319295,7540,Config 2,500,IGNORE,Stress Test 1-101,text,true,,233,158,206,206,http://localhost:8080/?token=494370254&user=-1356109124&config=2,7540,0,0
1781062320219,6617,Config 2,500,IGNORE,Stress Test 1-195,text,true,,233,158,206,206,http://localhost:8080/?token=494370254&user=-1356109124&config=2,6616,0,1
1781062319306,7530,Config 2,500,IGNORE,Stress Test 1-29,text,true,,233,158,206,206,http://localhost:8080/?token=494370254&user=-1356109124&config=2,7529,0,0
1781062320816,6020,Config 2,500,IGNORE,Stress Test 1-196,text,true,,233,158,206,206,http://localhost:8080/?token=494370254&user=-1356109124&config=2,6019,0,2
1781062319307,7529,Config 2,500,IGNORE,Stress Test 1-34,text,true,,233,158,206,206,http://localhost:8080/?token=494370254&user=-1356109124&config=2,7529,0,0
1781062319309,7527,Config 2,500,IGNORE,Stress Test 1-53,text,true,,233,158,206,206,http://localhost:8080/?token=494370254&user=-1356109124&config=2,7527,0,0
1781062319307,7529,Config 2,500,IGNORE,Stress Test 1-37,text,true,,233,158,206,206,http://localhost:8080/?token=494370254&user=-1356109124&config=2,7529,0,0
1781062319309,7527,Config 2,500,IGNORE,Stress Test 1-39,text,true,,233,158,206,206,http://localhost:8080/?token=494370254&user=-1356109124&config=2,7527,0,0
1781062319310,7526,Config 2,500,IGNORE,Stress Test 1-157,text,true,,233,158,206,206,http://localhost:8080/?token=494370254&user=-1356109124&config=2,7526,0,0
1781062319315,7521,Config 2,500,IGNORE,Stress Test 1-172,text,true,,233,158,206,206,http://localhost:8080/?token=494370254&user=-1356109124&config=2,7521,0,0
1781062319310,7526,Config 2,500,IGNORE,Stress Test 1-158,text,true,,233,158,206,206,http://localhost:8080/?token=494370254&user=-1356109124&config=2,7526,0,0
1781062319313,7523,Config 2,500,IGNORE,Stress Test 1-78,text,true,,233,158,206,206,http://localhost:8080/?token=494370254&user=-1356109124&config=2,7523,0,0
1781062319316,7529,Config 2,500,IGNORE,Stress Test 1-103,text,true,,233,158,206,206,http://localhost:8080/?token=494370254&user=-1356109124&config=2,7529,0,0
1781062319316,7529,Config 2,500,IGNORE,Stress Test 1-97,text,true,,233,158,206,206,http://localhost:8080/?token=494370254&user=-1356109124&config=2,7529,0,0
1781062319316,7529,Config 2,500,IGNORE,Stress Test 1-47,text,true,,233,158,206,206,http://localhost:8080/?token=494370254&user=-1356109124&config=2,7529,0,0
1781062319319,7528,Config 2,500,IGNORE,Stress Test 1-58,text,true,,233,158,206,206,http://localhost:8080/?token=494370254&user=-1356109124&config=2,7528,0,0
1781062319317,7530,Config 2,500,IGNORE,Stress Test 1-48,text,true,,233,158,206,206,http://localhost:8080/?token=494370254&user=-1356109124&config=2,7530,0,0
1781062319317,7530,Config 2,500,IGNORE,Stress Test 1-52,text,true,,233,158,206,206,http://localhost:8080/?token=494370254&user=-1356109124&config=2,7530,0,0
1781062319320,7529,Config 2,500,IGNORE,Stress Test 1-153,text,true,,233,158,206,206,http://localhost:8080/?token=494370254&user=-1356109124&config=2,7529,0,0
1781062319320,7529,Config 2,500,IGNORE,Stress Test 1-144,text,true,,233,158,206,206,http://localhost:8080/?token=494370254&user=-1356109124&config=2,7529,0,0
1781062319322,7529,Config 2,500,IGNORE,Stress Test 1-94,text,true,,233,158,206,206,http://localhost:8080/?token=494370254&user=-1356109124&config=2,7529,0,0
1781062319326,7525,Config 2,500,IGNORE,Stress Test 1-181,text,true,,233,158,206,206,http://localhost:8080/?token=494370254&user=-1356109124&config=2,7525,0,0
1781062319324,7527,Config 2,500,IGNORE,Stress Test 1-19,text,true,,233,158,206,206,http://localhost:8080/?token=494370254&user=-1356109124&config=2,7527,0,0
1781062318861,9554,Config 2,200,OK,Stress Test 1-50,text,true,,231,158,208,208,http://localhost:8080/?token=494370254&user=-1356109124&config=2,9554,0,1
1781062318866,9549,Config 2,200,OK,Stress Test 1-4,text,true,,231,158,208,208,http://localhost:8080/?token=494370254&user=-1356109124&config=2,9549,0,1
1781062318859,9555,Config 2,200,OK,Stress Test 1-104,text,true,,231,158,208,208,http://localhost:8080/?token=494370254&user=-1356109124&config=2,9555,0,1
1781062318868,9547,Config 2,200,OK,Stress Test 1-182,text,true,,231,158,208,208,http://localhost:8080/?token=494370254&user=-1356109124&config=2,9547,0,1
1781062319299,9116,Config 2,200,OK,Stress Test 1-77,text,true,,231,158,208,208,http://localhost:8080/?token=494370254&user=-1356109124&config=2,9116,0,0
1781062319025,9390,Config 2,200,OK,Stress Test 1-193,text,true,,231,158,208,208,http://localhost:8080/?token=494370254&user=-1356109124&config=2,9390,0,1
1781062319302,9115,Config 2,200,OK,Stress Test 1-5,text,true,,231,158,208,208,http://localhost:8080/?token=494370254&user=-1356109124&config=2,9115,0,0
1781062319308,9109,Config 2,200,OK,Stress Test 1-43,text,true,,231,158,208,208,http://localhost:8080/?token=494370254&user=-1356109124&config=2,9109,0,0
1781062319309,9108,Config 2,200,OK,Stress Test 1-44,text,true,,231,158,208,208,http://localhost:8080/?token=494370254&user=-1356109124&config=2,9108,0,0
1781062319305,9112,Config 2,200,OK,Stress Test 1-98,text,true,,231,158,208,208,http://localhost:8080/?token=494370254&user=-1356109124&config=2,9112,0,0
1781062319306,9111,Config 2,200,OK,Stress Test 1-95,text,true,,231,158,208,208,http://localhost:8080/?token=494370254&user=-1356109124&config=2,9111,0,0
1781062319305,9113,Config 2,200,OK,Stress Test 1-132,text,true,,231,158,208,208,http://localhost:8080/?token=494370254&user=-1356109124&config=2,9113,0,0
1781062319293,9125,Config 2,200,OK,Stress Test 1-141,text,true,,231,158,208,208,http://localhost:8080/?token=494370254&user=-1356109124&config=2,9125,0,0
1781062319294,9125,Config 2,200,OK,Stress Test 1-151,text,true,,231,158,208,208,http://localhost:8080/?token=494370254&user=-1356109124&config=2,9125,0,0
1781062319300,9119,Config 2,200,OK,Stress Test 1-68,text,true,,231,158,208,208,http://localhost:8080/?token=494370254&user=-1356109124&config=2,9119,0,0
1781062319293,9126,Config 2,200,OK,Stress Test 1-40,text,true,,231,158,208,208,http://localhost:8080/?token=494370254&user=-1356109124&config=2,9126,0,0
1781062319306,9113,Config 2,200,OK,Stress Test 1-31,text,true,,231,158,208,208,http://localhost:8080/?token=494370254&user=-1356109124&config=2,9113,0,0
1781062319294,9126,Config 2,200,OK,Stress Test 1-51,text,true,,231,158,208,208,http://localhost:8080/?token=494370254&user=-1356109124&config=2,9126,0,0
1781062319296,9124,Config 2,200,OK,Stress Test 1-66,text,true,,231,158,208,208,http://localhost:8080/?token=494370254&user=-1356109124&config=2,9124,0,0
1781062319298,9123,Config 2,200,OK,Stress Test 1-171,text,true,,231,158,208,208,http://localhost:8080/?token=494370254&user=-1356109124&config=2,9123,0,0
1781062319310,9111,Config 2,200,OK,Stress Test 1-159,text,true,,231,158,208,208,http://localhost:8080/?token=494370254&user=-1356109124&config=2,9111,0,0
1781062319311,9110,Config 2,200,OK,Stress Test 1-160,text,true,,231,158,208,208,http://localhost:8080/?token=494370254&user=-1356109124&config=2,9110,0,0
1781062319316,9106,Config 2,200,OK,Stress Test 1-88,text,true,,231,158,208,208,http://localhost:8080/?token=494370254&user=-1356109124&config=2,9106,0,0
1781062319320,9102,Config 2,200,OK,Stress Test 1-54,text,true,,231,158,208,208,http://localhost:8080/?token=494370254&user=-1356109124&config=2,9102,0,0
1781062319321,9101,Config 2,200,OK,Stress Test 1-79,text,true,,231,158,208,208,http://localhost:8080/?token=494370254&user=-1356109124&config=2,9101,0,0
1781062319296,9127,Config 2,200,OK,Stress Test 1-62,text,true,,231,158,208,208,http://localhost:8080/?token=494370254&user=-1356109124&config=2,9127,0,0
1781062319313,9110,Config 2,200,OK,Stress Test 1-71,text,true,,231,158,208,208,http://localhost:8080/?token=494370254&user=-1356109124&config=2,9110,0,0
1781062319311,9112,Config 2,200,OK,Stress Test 1-75,text,true,,231,158,208,208,http://localhost:8080/?token=494370254&user=-1356109124&config=2,9112,0,0
1781062319315,9109,Config 2,200,OK,Stress Test 1-84,text,true,,231,158,208,208,http://localhost:8080/?token=494370254&user=-1356109124&config=2,9109,0,0
1781062319315,9109,Config 2,200,OK,Stress Test 1-73,text,true,,231,158,208,208,http://localhost:8080/?token=494370254&user=-1356109124&config=2,9109,0,0
1781062319319,9105,Config 2,200,OK,Stress Test 1-57,text,true,,231,158,208,208,http://localhost:8080/?token=494370254&user=-1356109124&config=2,9105,0,0
1781062319321,9104,Config 2,200,OK,Stress Test 1-123,text,true,,231,158,208,208,http://localhost:8080/?token=494370254&user=-1356109124&config=2,9104,0,0
1781062319321,9104,Config 2,200,OK,Stress Test 1-139,text,true,,231,158,208,208,http://localhost:8080/?token=494370254&user=-1356109124&config=2,9104,0,0
1781062319323,9103,Config 2,200,OK,Stress Test 1-21,text,true,,231,158,208,208,http://localhost:8080/?token=494370254&user=-1356109124&config=2,9103,0,0
1781062319325,9101,Config 2,200,OK,Stress Test 1-60,text,true,,231,158,208,208,http://localhost:8080/?token=494370254&user=-1356109124&config=2,9101,0,0
1781062319323,9103,Config 2,200,OK,Stress Test 1-3,text,true,,231,158,208,208,http://localhost:8080/?token=494370254&user=-1356109124&config=2,9103,0,0
1781062319308,9119,Config 2,200,OK,Stress Test 1-38,text,true,,231,158,208,208,http://localhost:8080/?token=494370254&user=-1356109124&config=2,9119,0,0
1781062319312,9115,Config 2,200,OK,Stress Test 1-74,text,true,,231,158,208,208,http://localhost:8080/?token=494370254&user=-1356109124&config=2,9115,0,0
1781062319294,9133,Config 2,200,OK,Stress Test 1-69,text,true,,231,158,208,208,http://localhost:8080/?token=494370254&user=-1356109124&config=2,9133,0,0
1781062319316,9112,Config 2,200,OK,Stress Test 1-6,text,true,,231,158,208,208,http://localhost:8080/?token=494370254&user=-1356109124&config=2,9112,0,0
1781062319319,9109,Config 2,200,OK,Stress Test 1-56,text,true,,231,158,208,208,http://localhost:8080/?token=494370254&user=-1356109124&config=2,9109,0,0
1781062319312,9116,Config 2,200,OK,Stress Test 1-76,text,true,,231,158,208,208,http://localhost:8080/?token=494370254&user=-1356109124&config=2,9116,0,0
1781062319324,9105,Config 2,200,OK,Stress Test 1-125,text,true,,231,158,208,208,http://localhost:8080/?token=494370254&user=-1356109124&config=2,9105,0,0
1781062319322,9107,Config 2,200,OK,Stress Test 1-102,text,true,,231,158,208,208,http://localhost:8080/?token=494370254&user=-1356109124&config=2,9107,0,0
1781062319323,9106,Config 2,200,OK,Stress Test 1-99,text,true,,231,158,208,208,http://localhost:8080/?token=494370254&user=-1356109124&config=2,9106,0,0
1781062319325,9105,Config 2,200,OK,Stress Test 1-24,text,true,,231,158,208,208,http://localhost:8080/?token=494370254&user=-1356109124&config=2,9105,0,0
1781062319324,9106,Config 2,200,OK,Stress Test 1-130,text,true,,231,158,208,208,http://localhost:8080/?token=494370254&user=-1356109124&config=2,9106,0,0
1781062319295,9136,Config 2,200,OK,Stress Test 1-61,text,true,,231,158,208,208,http://localhost:8080/?token=494370254&user=-1356109124&config=2,9136,0,0
1781062319307,9124,Config 2,200,OK,Stress Test 1-33,text,true,,231,158,208,208,http://localhost:8080/?token=494370254&user=-1356109124&config=2,9124,0,0
1781062319308,9124,Config 2,200,OK,Stress Test 1-148,text,true,,231,158,208,208,http://localhost:8080/?token=494370254&user=-1356109124&config=2,9124,0,0
1781062321210,7394,Config 2,200,OK,Stress Test 1-183,text,true,,231,158,208,208,http://localhost:8080/?token=494370254&user=-1356109124&config=2,7394,0,0
1781062321205,7399,Config 2,200,OK,Stress Test 1-163,text,true,,231,158,208,208,http://localhost:8080/?token=494370254&user=-1356109124&config=2,7399,0,0
1781062321204,7401,Config 2,200,OK,Stress Test 1-184,text,true,,231,158,208,208,http://localhost:8080/?token=494370254&user=-1356109124&config=2,7401,0,0
1781062321203,7402,Config 2,200,OK,Stress Test 1-185,text,true,,231,158,208,208,http://localhost:8080/?token=494370254&user=-1356109124&config=2,7402,0,0
1781062321205,7400,Config 2,200,OK,Stress Test 1-136,text,true,,231,158,208,208,http://localhost:8080/?token=494370254&user=-1356109124&config=2,7400,0,0
1781062321205,7400,Config 2,200,OK,Stress Test 1-64,text,true,,231,158,208,208,http://localhost:8080/?token=494370254&user=-1356109124&config=2,7400,0,0
1781062321205,7400,Config 2,200,OK,Stress Test 1-126,text,true,,231,158,208,208,http://localhost:8080/?token=494370254&user=-1356109124&config=2,7400,0,0
1781062321206,7399,Config 2,200,OK,Stress Test 1-173,text,true,,231,158,208,208,http://localhost:8080/?token=494370254&user=-1356109124&config=2,7399,0,0
1781062321207,7398,Config 2,200,OK,Stress Test 1-178,text,true,,231,158,208,208,http://localhost:8080/?token=494370254&user=-1356109124&config=2,7398,0,0
1781062321206,7399,Config 2,200,OK,Stress Test 1-72,text,true,,231,158,208,208,http://localhost:8080/?token=494370254&user=-1356109124&config=2,7399,0,0
1781062321207,7398,Config 2,200,OK,Stress Test 1-177,text,true,,231,158,208,208,http://localhost:8080/?token=494370254&user=-1356109124&config=2,7398,0,0
1781062321203,7403,Config 2,200,OK,Stress Test 1-188,text,true,,231,158,208,208,http://localhost:8080/?token=494370254&user=-1356109124&config=2,7403,0,0
1781062321215,7391,Config 2,200,OK,Stress Test 1-192,text,true,,231,158,208,208,http://localhost:8080/?token=494370254&user=-1356109124&config=2,7391,0,0
1781062321213,7393,Config 2,200,OK,Stress Test 1-190,text,true,,231,158,208,208,http://localhost:8080/?token=494370254&user=-1356109124&config=2,7393,0,0
1781062321203,7403,Config 2,200,OK,Stress Test 1-186,text,true,,231,158,208,208,http://localhost:8080/?token=494370254&user=-1356109124&config=2,7403,0,0
1781062321206,14860,Config 2,200,OK,Stress Test 1-174,text,true,,231,158,221,221,http://localhost:8080/?token=494370254&user=-1356109124&config=2,14860,0,0
1781062321208,14858,Config 2,200,OK,Stress Test 1-179,text,true,,231,158,221,221,http://localhost:8080/?token=494370254&user=-1356109124&config=2,14858,0,0
1781062321206,14860,Config 2,200,OK,Stress Test 1-175,text,true,,231,158,221,221,http://localhost:8080/?token=494370254&user=-1356109124&config=2,14860,0,0
1781062321208,14858,Config 2,200,OK,Stress Test 1-180,text,true,,231,158,221,221,http://localhost:8080/?token=494370254&user=-1356109124&config=2,14858,0,0
1781062321214,14852,Config 2,200,OK,Stress Test 1-191,text,true,,231,158,221,221,http://localhost:8080/?token=494370254&user=-1356109124&config=2,14852,0,0
1781062321209,14857,Config 2,200,OK,Stress Test 1-189,text,true,,231,158,221,221,http://localhost:8080/?token=494370254&user=-1356109124&config=2,14857,0,0
1781062321209,14857,Config 2,200,OK,Stress Test 1-187,text,true,,231,158,221,221,http://localhost:8080/?token=494370254&user=-1356109124&config=2,14857,0,0
1781062321219,14848,Config 2,200,OK,Stress Test 1-116,text,true,,231,158,221,221,http://localhost:8080/?token=494370254&user=-1356109124&config=2,14848,0,0
1781062321219,14849,Config 2,200,OK,Stress Test 1-120,text,true,,231,158,221,221,http://localhost:8080/?token=494370254&user=-1356109124&config=2,14849,0,0
1781062321216,14851,Config 2,200,OK,Stress Test 1-115,text,true,,231,158,221,221,http://localhost:8080/?token=494370254&user=-1356109124&config=2,14851,0,0
1781062321221,14848,Config 2,200,OK,Stress Test 1-122,text,true,,231,158,221,221,http://localhost:8080/?token=494370254&user=-1356109124&config=2,14848,0,0
1781062321221,14848,Config 2,200,OK,Stress Test 1-167,text,true,,231,158,221,221,http://localhost:8080/?token=494370254&user=-1356109124&config=2,14848,0,0
1781062321222,14847,Config 2,200,OK,Stress Test 1-154,text,true,,231,158,221,221,http://localhost:8080/?token=494370254&user=-1356109124&config=2,14847,0,0
1781062321207,14863,Config 2,200,OK,Stress Test 1-176,text,true,,231,158,221,221,http://localhost:8080/?token=494370254&user=-1356109124&config=2,14863,0,0
1781062321223,14847,Config 2,200,OK,Stress Test 1-1,text,true,,231,158,221,221,http://localhost:8080/?token=494370254&user=-1356109124&config=2,14847,0,0
1781062321222,14848,Config 2,200,OK,Stress Test 1-100,text,true,,231,158,221,221,http://localhost:8080/?token=494370254&user=-1356109124&config=2,14848,0,0
1781062321223,14848,Config 2,200,OK,Stress Test 1-11,text,true,,231,158,221,221,http://localhost:8080/?token=494370254&user=-1356109124&config=2,14848,0,0
1781062321224,14848,Config 2,200,OK,Stress Test 1-9,text,true,,231,158,221,221,http://localhost:8080/?token=494370254&user=-1356109124&config=2,14848,0,0
1781062321225,14847,Config 2,200,OK,Stress Test 1-27,text,true,,231,158,221,221,http://localhost:8080/?token=494370254&user=-1356109124&config=2,14847,0,0
1781062321225,14847,Config 2,200,OK,Stress Test 1-20,text,true,,231,158,221,221,http://localhost:8080/?token=494370254&user=-1356109124&config=2,14847,0,0
1781062324247,11826,Config 2,200,OK,Stress Test 1-105,text,true,,231,158,221,221,http://localhost:8080/?token=494370254&user=-1356109124&config=2,11826,0,0
1781062321425,14649,Config 2,200,OK,Stress Test 1-197,text,true,,231,158,221,221,http://localhost:8080/?token=494370254&user=-1356109124&config=2,14649,0,1
1781062322019,14056,Config 2,200,OK,Stress Test 1-198,text,true,,231,158,221,221,http://localhost:8080/?token=494370254&user=-1356109124&config=2,14056,0,1
1781062322614,13461,Config 2,200,OK,Stress Test 1-199,text,true,,231,158,221,221,http://localhost:8080/?token=494370254&user=-1356109124&config=2,13461,0,1
1781062323213,12862,Config 2,200,OK,Stress Test 1-200,text,true,,231,158,221,221,http://localhost:8080/?token=494370254&user=-1356109124&config=2,12862,0,1
1781062323819,12257,Config 2,200,OK,Stress Test 1-201,text,true,,231,158,221,221,http://localhost:8080/?token=494370254&user=-1356109124&config=2,12257,0,1
1781062326799,9277,Config 2,200,OK,Stress Test 1-107,text,true,,231,158,221,221,http://localhost:8080/?token=494370254&user=-1356109124&config=2,9277,0,0
1781062326799,9277,Config 2,200,OK,Stress Test 1-55,text,true,,231,158,221,221,http://localhost:8080/?token=494370254&user=-1356109124&config=2,9277,0,0
1781062326804,9272,Config 2,200,OK,Stress Test 1-108,text,true,,231,158,221,221,http://localhost:8080/?token=494370254&user=-1356109124&config=2,9272,0,0
1781062326804,9272,Config 2,200,OK,Stress Test 1-10,text,true,,231,158,221,221,http://localhost:8080/?token=494370254&user=-1356109124&config=2,9272,0,0
1781062326804,9273,Config 2,200,OK,Stress Test 1-113,text,true,,231,158,221,221,http://localhost:8080/?token=494370254&user=-1356109124&config=2,9273,0,0
1781062326799,9280,Config 2,200,OK,Stress Test 1-114,text,true,,231,158,221,221,http://localhost:8080/?token=494370254&user=-1356109124&config=2,9280,0,0
1781062326800,9280,Config 2,200,OK,Stress Test 1-164,text,true,,231,158,221,221,http://localhost:8080/?token=494370254&user=-1356109124&config=2,9280,0,0
1781062326802,9279,Config 2,200,OK,Stress Test 1-119,text,true,,231,158,221,221,http://localhost:8080/?token=494370254&user=-1356109124&config=2,9279,0,0
1781062326805,9276,Config 2,200,OK,Stress Test 1-118,text,true,,231,158,221,221,http://localhost:8080/?token=494370254&user=-1356109124&config=2,9276,0,0
1781062326800,9282,Config 2,200,OK,Stress Test 1-121,text,true,,231,158,221,221,http://localhost:8080/?token=494370254&user=-1356109124&config=2,9282,0,0
1781062326805,9278,Config 2,200,OK,Stress Test 1-124,text,true,,231,158,221,221,http://localhost:8080/?token=494370254&user=-1356109124&config=2,9278,0,0
1781062326800,9284,Config 2,200,OK,Stress Test 1-23,text,true,,231,158,221,221,http://localhost:8080/?token=494370254&user=-1356109124&config=2,9284,0,0
1781062326800,9285,Config 2,200,OK,Stress Test 1-165,text,true,,231,158,221,221,http://localhost:8080/?token=494370254&user=-1356109124&config=2,9284,0,0
1781062326805,9280,Config 2,200,OK,Stress Test 1-127,text,true,,231,158,221,221,http://localhost:8080/?token=494370254&user=-1356109124&config=2,9280,0,0
1781062326796,9289,Config 2,200,OK,Stress Test 1-166,text,true,,231,158,221,221,http://localhost:8080/?token=494370254&user=-1356109124&config=2,9289,0,0
1781062326806,9279,Config 2,200,OK,Stress Test 1-135,text,true,,231,158,221,221,http://localhost:8080/?token=494370254&user=-1356109124&config=2,9279,0,0
1781062326801,9285,Config 2,200,OK,Stress Test 1-128,text,true,,231,158,221,221,http://localhost:8080/?token=494370254&user=-1356109124&config=2,9284,0,0
1781062326801,9285,Config 2,200,OK,Stress Test 1-134,text,true,,231,158,221,221,http://localhost:8080/?token=494370254&user=-1356109124&config=2,9285,0,0
1781062326806,9280,Config 2,200,OK,Stress Test 1-32,text,true,,231,158,221,221,http://localhost:8080/?token=494370254&user=-1356109124&config=2,9280,0,0
1781062326801,9285,Config 2,200,OK,Stress Test 1-137,text,true,,231,158,221,221,http://localhost:8080/?token=494370254&user=-1356109124&config=2,9285,0,0
1781062326801,9286,Config 2,200,OK,Stress Test 1-142,text,true,,231,158,221,221,http://localhost:8080/?token=494370254&user=-1356109124&config=2,9286,0,0
1781062326802,9285,Config 2,200,OK,Stress Test 1-138,text,true,,231,158,221,221,http://localhost:8080/?token=494370254&user=-1356109124&config=2,9285,0,0
1781062326807,9280,Config 2,200,OK,Stress Test 1-150,text,true,,231,158,221,221,http://localhost:8080/?token=494370254&user=-1356109124&config=2,9280,0,0
1781062326806,9281,Config 2,200,OK,Stress Test 1-140,text,true,,231,158,221,221,http://localhost:8080/?token=494370254&user=-1356109124&config=2,9281,0,0
1781062326807,9281,Config 2,200,OK,Stress Test 1-145,text,true,,231,158,221,221,http://localhost:8080/?token=494370254&user=-1356109124&config=2,9281,0,0
1781062326802,9286,Config 2,200,OK,Stress Test 1-168,text,true,,231,158,221,221,http://localhost:8080/?token=494370254&user=-1356109124&config=2,9286,0,0
1781062326801,9287,Config 2,200,OK,Stress Test 1-169,text,true,,231,158,221,221,http://localhost:8080/?token=494370254&user=-1356109124&config=2,9287,0,0
1781062326803,9286,Config 2,200,OK,Stress Test 1-170,text,true,,231,158,221,221,http://localhost:8080/?token=494370254&user=-1356109124&config=2,9286,0,0
1781062326808,9281,Config 2,200,OK,Stress Test 1-155,text,true,,231,158,221,221,http://localhost:8080/?token=494370254&user=-1356109124&config=2,9281,0,0
1781062326801,9288,Config 2,200,OK,Stress Test 1-49,text,true,,231,158,221,221,http://localhost:8080/?token=494370254&user=-1356109124&config=2,9288,0,0
1781062326803,9287,Config 2,200,OK,Stress Test 1-156,text,true,,231,158,221,221,http://localhost:8080/?token=494370254&user=-1356109124&config=2,9287,0,0
1781062326808,9282,Config 2,200,OK,Stress Test 1-90,text,true,,231,158,221,221,http://localhost:8080/?token=494370254&user=-1356109124&config=2,9282,0,0
1781062326808,9283,Config 2,200,OK,Stress Test 1-85,text,true,,231,158,221,221,http://localhost:8080/?token=494370254&user=-1356109124&config=2,9283,0,0
1781062326811,9280,Config 2,200,OK,Stress Test 1-67,text,true,,231,158,221,221,http://localhost:8080/?token=494370254&user=-1356109124&config=2,9280,0,0
1781062326811,9281,Config 2,200,OK,Stress Test 1-82,text,true,,231,158,221,221,http://localhost:8080/?token=494370254&user=-1356109124&config=2,9281,0,0
1781062324416,11676,Config 2,200,OK,Stress Test 1-202,text,true,,231,158,221,221,http://localhost:8080/?token=494370254&user=-1356109124&config=2,11676,0,1
1781062325011,11081,Config 2,200,OK,Stress Test 1-203,text,true,,231,158,221,221,http://localhost:8080/?token=494370254&user=-1356109124&config=2,11081,0,2
1781062326813,9280,Config 2,200,OK,Stress Test 1-92,text,true,,231,158,221,221,http://localhost:8080/?token=494370254&user=-1356109124&config=2,9280,0,0
1781062325615,10478,Config 2,200,OK,Stress Test 1-204,text,true,,231,158,221,221,http://localhost:8080/?token=494370254&user=-1356109124&config=2,10478,0,1
1781062326212,9882,Config 2,200,OK,Stress Test 1-205,text,true,,231,158,221,221,http://localhost:8080/?token=494370254&user=-1356109124&config=2,9882,0,1
1781062326816,9279,Config 2,200,OK,Stress Test 1-18,text,true,,231,158,221,221,http://localhost:8080/?token=494370254&user=-1356109124&config=2,9279,0,0
1781062326809,9286,Config 2,200,OK,Stress Test 1-147,text,true,,231,158,221,221,http://localhost:8080/?token=494370254&user=-1356109124&config=2,9286,0,0
1781062328420,7677,Config 2,500,IGNORE,Stress Test 1-51,text,true,,233,158,221,221,http://localhost:8080/?token=494370254&user=-1356109124&config=2,7677,0,0
1781062328417,7680,Config 2,500,IGNORE,Stress Test 1-98,text,true,,233,158,221,221,http://localhost:8080/?token=494370254&user=-1356109124&config=2,7680,0,1
1781062328423,7674,Config 2,500,IGNORE,Stress Test 1-62,text,true,,233,158,221,221,http://localhost:8080/?token=494370254&user=-1356109124&config=2,7674,0,0
1781062328419,7678,Config 2,500,IGNORE,Stress Test 1-151,text,true,,233,158,221,221,http://localhost:8080/?token=494370254&user=-1356109124&config=2,7678,0,0
1781062326811,9288,Config 2,200,OK,Stress Test 1-25,text,true,,231,158,221,221,http://localhost:8080/?token=494370254&user=-1356109124&config=2,9288,0,0
1781062328420,7679,Config 2,500,IGNORE,Stress Test 1-66,text,true,,233,158,221,221,http://localhost:8080/?token=494370254&user=-1356109124&config=2,7679,0,0
1781062326812,9288,Config 2,200,OK,Stress Test 1-89,text,true,,231,158,221,221,http://localhost:8080/?token=494370254&user=-1356109124&config=2,9288,0,0
1781062326813,9288,Config 2,200,OK,Stress Test 1-8,text,true,,231,158,221,221,http://localhost:8080/?token=494370254&user=-1356109124&config=2,9288,0,0
1781062326814,9287,Config 2,200,OK,Stress Test 1-7,text,true,,231,158,221,221,http://localhost:8080/?token=494370254&user=-1356109124&config=2,9287,0,0
1781062326813,9288,Config 2,200,OK,Stress Test 1-87,text,true,,231,158,221,221,http://localhost:8080/?token=494370254&user=-1356109124&config=2,9288,0,0
1781062326814,9287,Config 2,200,OK,Stress Test 1-13,text,true,,231,158,221,221,http://localhost:8080/?token=494370254&user=-1356109124&config=2,9287,0,0
1781062326814,9289,Config 2,200,OK,Stress Test 1-12,text,true,,231,158,221,221,http://localhost:8080/?token=494370254&user=-1356109124&config=2,9289,0,0
1781062326815,9288,Config 2,200,OK,Stress Test 1-17,text,true,,231,158,221,221,http://localhost:8080/?token=494370254&user=-1356109124&config=2,9288,0,0
1781062326815,9289,Config 2,200,OK,Stress Test 1-15,text,true,,231,158,221,221,http://localhost:8080/?token=494370254&user=-1356109124&config=2,9289,0,0
1781062326816,9289,Config 2,200,OK,Stress Test 1-129,text,true,,231,158,221,221,http://localhost:8080/?token=494370254&user=-1356109124&config=2,9289,0,0
1781062326816,9289,Config 2,200,OK,Stress Test 1-131,text,true,,231,158,221,221,http://localhost:8080/?token=494370254&user=-1356109124&config=2,9289,0,0
1781062328423,7684,Config 2,500,IGNORE,Stress Test 1-75,text,true,,233,158,221,221,http://localhost:8080/?token=494370254&user=-1356109124&config=2,7683,0,0
1781062328421,7686,Config 2,500,IGNORE,Stress Test 1-159,text,true,,233,158,221,221,http://localhost:8080/?token=494370254&user=-1356109124&config=2,7685,0,0
1781062328427,7680,Config 2,500,IGNORE,Stress Test 1-76,text,true,,233,158,221,221,http://localhost:8080/?token=494370254&user=-1356109124&config=2,7680,0,0
1781062328423,7686,Config 2,500,IGNORE,Stress Test 1-73,text,true,,233,158,221,221,http://localhost:8080/?token=494370254&user=-1356109124&config=2,7685,0,0
1781062328423,7686,Config 2,500,IGNORE,Stress Test 1-71,text,true,,233,158,221,221,http://localhost:8080/?token=494370254&user=-1356109124&config=2,7685,0,0
1781062328424,7687,Config 2,500,IGNORE,Stress Test 1-57,text,true,,233,158,221,221,http://localhost:8080/?token=494370254&user=-1356109124&config=2,7687,0,0
1781062328423,7688,Config 2,500,IGNORE,Stress Test 1-84,text,true,,233,158,221,221,http://localhost:8080/?token=494370254&user=-1356109124&config=2,7688,0,0
1781062328428,7684,Config 2,500,IGNORE,Stress Test 1-99,text,true,,233,158,221,221,http://localhost:8080/?token=494370254&user=-1356109124&config=2,7684,0,0
1781062328428,7686,Config 2,500,IGNORE,Stress Test 1-125,text,true,,233,158,221,221,http://localhost:8080/?token=494370254&user=-1356109124&config=2,7686,0,0
1781062328429,7685,Config 2,500,IGNORE,Stress Test 1-130,text,true,,233,158,221,221,http://localhost:8080/?token=494370254&user=-1356109124&config=2,7685,0,0
1781062328426,7692,Config 2,500,IGNORE,Stress Test 1-69,text,true,,233,158,221,221,http://localhost:8080/?token=494370254&user=-1356109124&config=2,7692,0,0
1781062328431,7687,Config 2,500,IGNORE,Stress Test 1-61,text,true,,233,158,221,221,http://localhost:8080/?token=494370254&user=-1356109124&config=2,7687,0,0
1781062328431,7687,Config 2,500,IGNORE,Stress Test 1-33,text,true,,233,158,221,221,http://localhost:8080/?token=494370254&user=-1356109124&config=2,7687,0,0
1781062328432,7688,Config 2,500,IGNORE,Stress Test 1-148,text,true,,233,158,221,221,http://localhost:8080/?token=494370254&user=-1356109124&config=2,7688,0,0
1781062328426,7695,Config 2,500,IGNORE,Stress Test 1-38,text,true,,233,158,221,221,http://localhost:8080/?token=494370254&user=-1356109124&config=2,7694,0,0
1781062328426,7696,Config 2,500,IGNORE,Stress Test 1-74,text,true,,233,158,221,221,http://localhost:8080/?token=494370254&user=-1356109124&config=2,7696,0,0
1781062328427,7696,Config 2,500,IGNORE,Stress Test 1-6,text,true,,233,158,221,221,http://localhost:8080/?token=494370254&user=-1356109124&config=2,7695,0,0
1781062328427,7696,Config 2,500,IGNORE,Stress Test 1-56,text,true,,233,158,221,221,http://localhost:8080/?token=494370254&user=-1356109124&config=2,7696,0,0
1781062328422,7703,Config 2,500,IGNORE,Stress Test 1-79,text,true,,233,158,221,221,http://localhost:8080/?token=494370254&user=-1356109124&config=2,7703,0,0
1781062328424,7701,Config 2,500,IGNORE,Stress Test 1-123,text,true,,233,158,221,221,http://localhost:8080/?token=494370254&user=-1356109124&config=2,7701,0,0
1781062328428,7698,Config 2,500,IGNORE,Stress Test 1-102,text,true,,233,158,221,221,http://localhost:8080/?token=494370254&user=-1356109124&config=2,7698,0,0
1781062328424,7702,Config 2,500,IGNORE,Stress Test 1-139,text,true,,233,158,221,221,http://localhost:8080/?token=494370254&user=-1356109124&config=2,7701,0,0
1781062328425,7702,Config 2,500,IGNORE,Stress Test 1-3,text,true,,233,158,221,221,http://localhost:8080/?token=494370254&user=-1356109124&config=2,7702,0,0
1781062328425,7703,Config 2,500,IGNORE,Stress Test 1-21,text,true,,233,158,221,221,http://localhost:8080/?token=494370254&user=-1356109124&config=2,7703,0,0
1781062328425,7703,Config 2,500,IGNORE,Stress Test 1-60,text,true,,233,158,221,221,http://localhost:8080/?token=494370254&user=-1356109124&config=2,7703,0,0
1781062328429,7701,Config 2,500,IGNORE,Stress Test 1-24,text,true,,233,158,221,221,http://localhost:8080/?token=494370254&user=-1356109124&config=2,7701,0,0
1781062328419,8857,Config 2,200,OK,Stress Test 1-40,text,true,,231,158,223,223,http://localhost:8080/?token=494370254&user=-1356109124&config=2,8857,0,0
1781062328015,9261,Config 2,200,OK,Stress Test 1-208,text,true,,231,158,223,223,http://localhost:8080/?token=494370254&user=-1356109124&config=2,9261,0,2
1781062327422,9854,Config 2,200,OK,Stress Test 1-207,text,true,,231,158,223,223,http://localhost:8080/?token=494370254&user=-1356109124&config=2,9854,0,2
1781062328420,8857,Config 2,200,OK,Stress Test 1-171,text,true,,231,158,223,223,http://localhost:8080/?token=494370254&user=-1356109124&config=2,8857,0,0
1781062328419,8858,Config 2,200,OK,Stress Test 1-68,text,true,,231,158,223,223,http://localhost:8080/?token=494370254&user=-1356109124&config=2,8858,0,0
1781062328416,8861,Config 2,200,OK,Stress Test 1-77,text,true,,231,158,223,223,http://localhost:8080/?token=494370254&user=-1356109124&config=2,8861,0,0
1781062328416,8861,Config 2,200,OK,Stress Test 1-5,text,true,,231,158,223,223,http://localhost:8080/?token=494370254&user=-1356109124&config=2,8861,0,0
1781062328417,8860,Config 2,200,OK,Stress Test 1-141,text,true,,231,158,223,223,http://localhost:8080/?token=494370254&user=-1356109124&config=2,8860,0,0
1781062328417,8861,Config 2,200,OK,Stress Test 1-132,text,true,,231,158,223,223,http://localhost:8080/?token=494370254&user=-1356109124&config=2,8861,0,0
1781062326836,10442,Config 2,200,OK,Stress Test 1-93,text,true,,231,158,223,223,http://localhost:8080/?token=494370254&user=-1356109124&config=2,10442,0,0
1781062326812,10466,Config 2,200,OK,Stress Test 1-83,text,true,,231,158,223,223,http://localhost:8080/?token=494370254&user=-1356109124&config=2,10466,0,0
1781062326812,10466,Config 2,200,OK,Stress Test 1-86,text,true,,231,158,223,223,http://localhost:8080/?token=494370254&user=-1356109124&config=2,10466,0,0
1781062328417,8862,Config 2,200,OK,Stress Test 1-95,text,true,,231,158,223,223,http://localhost:8080/?token=494370254&user=-1356109124&config=2,8862,0,0
1781062326818,10461,Config 2,200,OK,Stress Test 1-96,text,true,,231,158,223,223,http://localhost:8080/?token=494370254&user=-1356109124&config=2,10461,0,0
1781062326815,10464,Config 2,200,OK,Stress Test 1-16,text,true,,231,158,223,223,http://localhost:8080/?token=494370254&user=-1356109124&config=2,10464,0,0
1781062326818,10462,Config 2,200,OK,Stress Test 1-106,text,true,,231,158,223,223,http://localhost:8080/?token=494370254&user=-1356109124&config=2,10462,0,0
1781062326801,10479,Config 2,200,OK,Stress Test 1-2,text,true,,231,158,223,223,http://localhost:8080/?token=494370254&user=-1356109124&config=2,10479,0,2
1781062326819,10462,Config 2,200,OK,Stress Test 1-117,text,true,,231,158,223,223,http://localhost:8080/?token=494370254&user=-1356109124&config=2,10462,0,0
1781062328419,8862,Config 2,200,OK,Stress Test 1-31,text,true,,231,158,223,223,http://localhost:8080/?token=494370254&user=-1356109124&config=2,8862,0,0
1781062326819,10462,Config 2,200,OK,Stress Test 1-14,text,true,,231,158,223,223,http://localhost:8080/?token=494370254&user=-1356109124&config=2,10462,0,0
1781062326820,10462,Config 2,200,OK,Stress Test 1-112,text,true,,231,158,223,223,http://localhost:8080/?token=494370254&user=-1356109124&config=2,10462,0,0
1781062326818,10464,Config 2,200,OK,Stress Test 1-70,text,true,,231,158,223,223,http://localhost:8080/?token=494370254&user=-1356109124&config=2,10464,0,1
1781062326836,10446,Config 2,200,OK,Stress Test 1-91,text,true,,231,158,223,223,http://localhost:8080/?token=494370254&user=-1356109124&config=2,10446,0,0
1781062326836,10447,Config 2,200,OK,Stress Test 1-65,text,true,,231,158,223,223,http://localhost:8080/?token=494370254&user=-1356109124&config=2,10447,0,0
1781062326820,10462,Config 2,200,OK,Stress Test 1-206,text,true,,231,158,223,223,http://localhost:8080/?token=494370254&user=-1356109124&config=2,10462,0,3
1781062326837,10446,Config 2,200,OK,Stress Test 1-22,text,true,,231,158,223,223,http://localhost:8080/?token=494370254&user=-1356109124&config=2,10446,0,1
1781062326835,10448,Config 2,200,OK,Stress Test 1-149,text,true,,231,158,223,223,http://localhost:8080/?token=494370254&user=-1356109124&config=2,10448,0,1
1781062326837,10447,Config 2,200,OK,Stress Test 1-194,text,true,,231,158,223,223,http://localhost:8080/?token=494370254&user=-1356109124&config=2,10447,0,1
1781062326838,10446,Config 2,200,OK,Stress Test 1-63,text,true,,231,158,223,223,http://localhost:8080/?token=494370254&user=-1356109124&config=2,10446,0,1
1781062326839,10446,Config 2,200,OK,Stress Test 1-101,text,true,,231,158,223,223,http://localhost:8080/?token=494370254&user=-1356109124&config=2,10446,0,1
1781062326817,10468,Config 2,200,OK,Stress Test 1-41,text,true,,231,158,223,223,http://localhost:8080/?token=494370254&user=-1356109124&config=2,10468,0,0
1781062326839,10446,Config 2,200,OK,Stress Test 1-195,text,true,,231,158,223,223,http://localhost:8080/?token=494370254&user=-1356109124&config=2,10446,0,1
1781062326817,10469,Config 2,200,OK,Stress Test 1-146,text,true,,231,158,223,223,http://localhost:8080/?token=494370254&user=-1356109124&config=2,10469,0,0
1781062328416,8870,Config 2,200,OK,Stress Test 1-43,text,true,,231,158,223,223,http://localhost:8080/?token=494370254&user=-1356109124&config=2,8870,0,0
1781062328417,8870,Config 2,200,OK,Stress Test 1-44,text,true,,231,158,223,223,http://localhost:8080/?token=494370254&user=-1356109124&config=2,8870,0,0
1781062326839,10448,Config 2,200,OK,Stress Test 1-29,text,true,,231,158,223,223,http://localhost:8080/?token=494370254&user=-1356109124&config=2,10448,0,1
1781062326820,10467,Config 2,200,OK,Stress Test 1-81,text,true,,231,158,223,223,http://localhost:8080/?token=494370254&user=-1356109124&config=2,10467,0,0
1781062328421,8867,Config 2,200,OK,Stress Test 1-160,text,true,,231,158,223,223,http://localhost:8080/?token=494370254&user=-1356109124&config=2,8867,0,0
1781062326821,10467,Config 2,200,OK,Stress Test 1-110,text,true,,231,158,223,223,http://localhost:8080/?token=494370254&user=-1356109124&config=2,10467,0,0
1781062326821,10468,Config 2,200,OK,Stress Test 1-28,text,true,,231,158,223,223,http://localhost:8080/?token=494370254&user=-1356109124&config=2,10468,0,0
1781062326821,10468,Config 2,200,OK,Stress Test 1-42,text,true,,231,158,223,223,http://localhost:8080/?token=494370254&user=-1356109124&config=2,10468,0,0
1781062326822,10468,Config 2,200,OK,Stress Test 1-46,text,true,,231,158,223,223,http://localhost:8080/?token=494370254&user=-1356109124&config=2,10468,0,0
1781062326822,10468,Config 2,200,OK,Stress Test 1-35,text,true,,231,158,223,223,http://localhost:8080/?token=494370254&user=-1356109124&config=2,10468,0,0
1781062326822,10468,Config 2,200,OK,Stress Test 1-109,text,true,,231,158,223,223,http://localhost:8080/?token=494370254&user=-1356109124&config=2,10468,0,0
1781062326825,10466,Config 2,200,OK,Stress Test 1-45,text,true,,231,158,223,223,http://localhost:8080/?token=494370254&user=-1356109124&config=2,10466,0,0
1781062326823,10467,Config 2,200,OK,Stress Test 1-161,text,true,,231,158,223,223,http://localhost:8080/?token=494370254&user=-1356109124&config=2,10467,0,0
1781062326824,10467,Config 2,200,OK,Stress Test 1-162,text,true,,231,158,223,223,http://localhost:8080/?token=494370254&user=-1356109124&config=2,10467,0,0
1781062328421,8870,Config 2,200,OK,Stress Test 1-88,text,true,,231,158,223,223,http://localhost:8080/?token=494370254&user=-1356109124&config=2,8870,0,0
1781062328422,8870,Config 2,200,OK,Stress Test 1-54,text,true,,231,158,223,223,http://localhost:8080/?token=494370254&user=-1356109124&config=2,8870,0,0
1781062326839,10453,Config 2,200,OK,Stress Test 1-196,text,true,,231,158,223,223,http://localhost:8080/?token=494370254&user=-1356109124&config=2,10453,0,1
1781062326840,10453,Config 2,200,OK,Stress Test 1-53,text,true,,231,158,223,223,http://localhost:8080/?token=494370254&user=-1356109124&config=2,10453,0,1
1781062326840,10453,Config 2,200,OK,Stress Test 1-34,text,true,,231,158,223,223,http://localhost:8080/?token=494370254&user=-1356109124&config=2,10453,0,1
1781062326841,10453,Config 2,200,OK,Stress Test 1-37,text,true,,231,158,223,223,http://localhost:8080/?token=494370254&user=-1356109124&config=2,10453,0,0
1781062326841,10455,Config 2,200,OK,Stress Test 1-39,text,true,,231,158,223,223,http://localhost:8080/?token=494370254&user=-1356109124&config=2,10455,0,0
1781062326841,10455,Config 2,200,OK,Stress Test 1-157,text,true,,231,158,223,223,http://localhost:8080/?token=494370254&user=-1356109124&config=2,10455,0,1
1781062326842,10454,Config 2,200,OK,Stress Test 1-158,text,true,,231,158,223,223,http://localhost:8080/?token=494370254&user=-1356109124&config=2,10454,0,1
1781062326841,10456,Config 2,200,OK,Stress Test 1-172,text,true,,231,158,223,223,http://localhost:8080/?token=494370254&user=-1356109124&config=2,10456,0,2
1781062326842,10455,Config 2,200,OK,Stress Test 1-78,text,true,,231,158,223,223,http://localhost:8080/?token=494370254&user=-1356109124&config=2,10455,0,1
1781062326844,10453,Config 2,200,OK,Stress Test 1-103,text,true,,231,158,223,223,http://localhost:8080/?token=494370254&user=-1356109124&config=2,10453,0,1
1781062326844,10453,Config 2,200,OK,Stress Test 1-47,text,true,,231,158,223,223,http://localhost:8080/?token=494370254&user=-1356109124&config=2,10453,0,1
1781062326824,10474,Config 2,200,OK,Stress Test 1-152,text,true,,231,158,223,223,http://localhost:8080/?token=494370254&user=-1356109124&config=2,10474,0,0
1781062326844,10454,Config 2,200,OK,Stress Test 1-97,text,true,,231,158,223,223,http://localhost:8080/?token=494370254&user=-1356109124&config=2,10454,0,1
1781062326826,10473,Config 2,200,OK,Stress Test 1-26,text,true,,231,158,223,223,http://localhost:8080/?token=494370254&user=-1356109124&config=2,10473,0,0
1781062326826,10473,Config 2,200,OK,Stress Test 1-133,text,true,,231,158,223,223,http://localhost:8080/?token=494370254&user=-1356109124&config=2,10473,0,0
1781062326827,10473,Config 2,200,OK,Stress Test 1-80,text,true,,231,158,223,223,http://localhost:8080/?token=494370254&user=-1356109124&config=2,10473,0,0
1781062326827,10473,Config 2,200,OK,Stress Test 1-30,text,true,,231,158,223,223,http://localhost:8080/?token=494370254&user=-1356109124&config=2,10473,0,0
1781062328415,8885,Config 2,200,OK,Stress Test 1-104,text,true,,231,158,223,223,http://localhost:8080/?token=494370254&user=-1356109124&config=2,8885,0,0
1781062326827,10474,Config 2,200,OK,Stress Test 1-36,text,true,,231,158,223,223,http://localhost:8080/?token=494370254&user=-1356109124&config=2,10474,0,0
1781062328415,8886,Config 2,200,OK,Stress Test 1-50,text,true,,231,158,223,223,http://localhost:8080/?token=494370254&user=-1356109124&config=2,8886,0,0
1781062326828,10474,Config 2,200,OK,Stress Test 1-111,text,true,,231,158,223,223,http://localhost:8080/?token=494370254&user=-1356109124&config=2,10474,0,0
1781062326828,10474,Config 2,200,OK,Stress Test 1-59,text,true,,231,158,223,223,http://localhost:8080/?token=494370254&user=-1356109124&config=2,10474,0,0
1781062328415,8888,Config 2,200,OK,Stress Test 1-4,text,true,,231,158,223,223,http://localhost:8080/?token=494370254&user=-1356109124&config=2,8888,0,0
1781062326829,10474,Config 2,200,OK,Stress Test 1-143,text,true,,231,158,223,223,http://localhost:8080/?token=494370254&user=-1356109124&config=2,10474,0,0
1781062328416,8888,Config 2,200,OK,Stress Test 1-182,text,true,,231,158,223,223,http://localhost:8080/?token=494370254&user=-1356109124&config=2,8888,0,0
1781062328416,8888,Config 2,200,OK,Stress Test 1-193,text,true,,231,158,223,223,http://localhost:8080/?token=494370254&user=-1356109124&config=2,8888,0,0
1781062326846,10458,Config 2,200,OK,Stress Test 1-58,text,true,,231,158,223,223,http://localhost:8080/?token=494370254&user=-1356109124&config=2,10458,0,2
1781062326846,10459,Config 2,200,OK,Stress Test 1-48,text,true,,231,158,223,223,http://localhost:8080/?token=494370254&user=-1356109124&config=2,10459,0,2
1781062326846,10459,Config 2,200,OK,Stress Test 1-52,text,true,,231,158,223,223,http://localhost:8080/?token=494370254&user=-1356109124&config=2,10459,0,1
1781062326849,10456,Config 2,200,OK,Stress Test 1-144,text,true,,231,158,223,223,http://localhost:8080/?token=494370254&user=-1356109124&config=2,10456,0,0
1781062326848,10459,Config 2,200,OK,Stress Test 1-153,text,true,,231,158,223,223,http://localhost:8080/?token=494370254&user=-1356109124&config=2,10459,0,1
1781062326850,10457,Config 2,200,OK,Stress Test 1-181,text,true,,231,158,223,223,http://localhost:8080/?token=494370254&user=-1356109124&config=2,10457,0,1
1781062326850,10458,Config 2,200,OK,Stress Test 1-94,text,true,,231,158,223,223,http://localhost:8080/?token=494370254&user=-1356109124&config=2,10458,0,1
1781062326851,10457,Config 2,200,OK,Stress Test 1-19,text,true,,231,158,223,223,http://localhost:8080/?token=494370254&user=-1356109124&config=2,10457,0,1
1781062328605,8819,Config 2,200,OK,Stress Test 1-136,text,true,,231,158,223,223,http://localhost:8080/?token=494370254&user=-1356109124&config=2,8819,0,0
1781062328605,8819,Config 2,200,OK,Stress Test 1-64,text,true,,231,158,223,223,http://localhost:8080/?token=494370254&user=-1356109124&config=2,8819,0,0
1781062328604,8820,Config 2,200,OK,Stress Test 1-183,text,true,,231,158,223,223,http://localhost:8080/?token=494370254&user=-1356109124&config=2,8820,0,0
1781062328606,8818,Config 2,200,OK,Stress Test 1-173,text,true,,231,158,223,223,http://localhost:8080/?token=494370254&user=-1356109124&config=2,8818,0,0
1781062328606,8818,Config 2,200,OK,Stress Test 1-72,text,true,,231,158,223,223,http://localhost:8080/?token=494370254&user=-1356109124&config=2,8818,0,0
1781062328606,8822,Config 2,200,OK,Stress Test 1-192,text,true,,231,158,223,223,http://localhost:8080/?token=494370254&user=-1356109124&config=2,8822,0,0
1781062328605,16669,Config 2,200,OK,Stress Test 1-185,text,true,,231,158,236,236,http://localhost:8080/?token=494370254&user=-1356109124&config=2,16669,0,0
1781062328605,16669,Config 2,200,OK,Stress Test 1-126,text,true,,231,158,236,236,http://localhost:8080/?token=494370254&user=-1356109124&config=2,16669,0,0
1781062328606,16668,Config 2,200,OK,Stress Test 1-178,text,true,,231,158,236,236,http://localhost:8080/?token=494370254&user=-1356109124&config=2,16668,0,0
1781062328604,16672,Config 2,200,OK,Stress Test 1-163,text,true,,231,158,236,236,http://localhost:8080/?token=494370254&user=-1356109124&config=2,16672,0,0
1781062328606,16670,Config 2,200,OK,Stress Test 1-177,text,true,,231,158,236,236,http://localhost:8080/?token=494370254&user=-1356109124&config=2,16670,0,0
1781062328613,16665,Config 2,200,OK,Stress Test 1-209,text,true,,231,158,236,236,http://localhost:8080/?token=494370254&user=-1356109124&config=2,16665,0,2
1781062328604,16674,Config 2,200,OK,Stress Test 1-184,text,true,,231,158,236,236,http://localhost:8080/?token=494370254&user=-1356109124&config=2,16674,0,0
1781062329214,16065,Config 2,200,OK,Stress Test 1-210,text,true,,231,158,236,236,http://localhost:8080/?token=494370254&user=-1356109124&config=2,16065,0,2
1781062329817,15464,Config 2,200,OK,Stress Test 1-211,text,true,,231,158,236,236,http://localhost:8080/?token=494370254&user=-1356109124&config=2,15464,0,1
1781062330410,14872,Config 2,200,OK,Stress Test 1-212,text,true,,231,158,236,236,http://localhost:8080/?token=494370254&user=-1356109124&config=2,14872,0,1
1781062328607,16675,Config 2,200,OK,Stress Test 1-186,text,true,,231,158,236,236,http://localhost:8080/?token=494370254&user=-1356109124&config=2,16675,0,0
1781062328606,16677,Config 2,200,OK,Stress Test 1-188,text,true,,231,158,236,236,http://localhost:8080/?token=494370254&user=-1356109124&config=2,16677,0,0
1781062331005,14278,Config 2,200,OK,Stress Test 1-213,text,true,,231,158,236,236,http://localhost:8080/?token=494370254&user=-1356109124&config=2,14278,0,1
1781062328607,16676,Config 2,200,OK,Stress Test 1-190,text,true,,231,158,236,236,http://localhost:8080/?token=494370254&user=-1356109124&config=2,16676,0,0
1781062332210,13074,Config 2,200,OK,Stress Test 1-215,text,true,,231,158,236,236,http://localhost:8080/?token=494370254&user=-1356109124&config=2,13074,0,1
1781062331613,13671,Config 2,200,OK,Stress Test 1-214,text,true,,231,158,236,236,http://localhost:8080/?token=494370254&user=-1356109124&config=2,13671,0,1
1781062332813,12471,Config 2,200,OK,Stress Test 1-216,text,true,,231,158,236,236,http://localhost:8080/?token=494370254&user=-1356109124&config=2,12471,0,1
1781062333413,11872,Config 2,200,OK,Stress Test 1-217,text,true,,231,158,236,236,http://localhost:8080/?token=494370254&user=-1356109124&config=2,11872,0,1
1781062336066,9221,Config 2,200,OK,Stress Test 1-174,text,true,,231,158,236,236,http://localhost:8080/?token=494370254&user=-1356109124&config=2,9221,0,0
1781062336067,9220,Config 2,200,OK,Stress Test 1-189,text,true,,231,158,236,236,http://localhost:8080/?token=494370254&user=-1356109124&config=2,9220,0,0
1781062336066,9221,Config 2,200,OK,Stress Test 1-175,text,true,,231,158,236,236,http://localhost:8080/?token=494370254&user=-1356109124&config=2,9221,0,0
1781062334014,11273,Config 2,200,OK,Stress Test 1-218,text,true,,231,158,236,236,http://localhost:8080/?token=494370254&user=-1356109124&config=2,11273,0,1
1781062334616,10673,Config 2,200,OK,Stress Test 1-219,text,true,,231,158,236,236,http://localhost:8080/?token=494370254&user=-1356109124&config=2,10672,0,1
1781062336078,9212,Config 2,200,OK,Stress Test 1-55,text,true,,231,158,236,236,http://localhost:8080/?token=494370254&user=-1356109124&config=2,9212,0,0
1781062336082,9208,Config 2,200,OK,Stress Test 1-164,text,true,,231,158,236,236,http://localhost:8080/?token=494370254&user=-1356109124&config=2,9208,0,0
1781062336070,9221,Config 2,200,OK,Stress Test 1-122,text,true,,231,158,236,236,http://localhost:8080/?token=494370254&user=-1356109124&config=2,9221,0,0
1781062336085,9206,Config 2,200,OK,Stress Test 1-124,text,true,,231,158,236,236,http://localhost:8080/?token=494370254&user=-1356109124&config=2,9206,0,0
1781062336085,9206,Config 2,200,OK,Stress Test 1-23,text,true,,231,158,236,236,http://localhost:8080/?token=494370254&user=-1356109124&config=2,9206,0,0
1781062336086,9209,Config 2,200,OK,Stress Test 1-127,text,true,,231,158,236,236,http://localhost:8080/?token=494370254&user=-1356109124&config=2,9209,0,0
1781062336086,9208,Config 2,200,OK,Stress Test 1-165,text,true,,231,158,236,236,http://localhost:8080/?token=494370254&user=-1356109124&config=2,9208,0,0
1781062336087,9208,Config 2,200,OK,Stress Test 1-166,text,true,,231,158,236,236,http://localhost:8080/?token=494370254&user=-1356109124&config=2,9208,0,0
1781062336087,9209,Config 2,200,OK,Stress Test 1-135,text,true,,231,158,236,236,http://localhost:8080/?token=494370254&user=-1356109124&config=2,9209,0,0
1781062336087,9210,Config 2,200,OK,Stress Test 1-128,text,true,,231,158,236,236,http://localhost:8080/?token=494370254&user=-1356109124&config=2,9210,0,0
1781062336088,9210,Config 2,200,OK,Stress Test 1-134,text,true,,231,158,236,236,http://localhost:8080/?token=494370254&user=-1356109124&config=2,9210,0,0
1781062336088,9212,Config 2,200,OK,Stress Test 1-32,text,true,,231,158,236,236,http://localhost:8080/?token=494370254&user=-1356109124&config=2,9212,0,0
1781062336070,9230,Config 2,200,OK,Stress Test 1-167,text,true,,231,158,236,236,http://localhost:8080/?token=494370254&user=-1356109124&config=2,9229,0,0
1781062336088,9212,Config 2,200,OK,Stress Test 1-137,text,true,,231,158,236,236,http://localhost:8080/?token=494370254&user=-1356109124&config=2,9212,0,0
1781062336088,9214,Config 2,200,OK,Stress Test 1-138,text,true,,231,158,236,236,http://localhost:8080/?token=494370254&user=-1356109124&config=2,9214,0,0
1781062336089,9213,Config 2,200,OK,Stress Test 1-140,text,true,,231,158,236,236,http://localhost:8080/?token=494370254&user=-1356109124&config=2,9213,0,0
1781062336088,9214,Config 2,200,OK,Stress Test 1-142,text,true,,231,158,236,236,http://localhost:8080/?token=494370254&user=-1356109124&config=2,9214,0,0
1781062336088,9215,Config 2,200,OK,Stress Test 1-150,text,true,,231,158,236,236,http://localhost:8080/?token=494370254&user=-1356109124&config=2,9215,0,0
1781062336089,9214,Config 2,200,OK,Stress Test 1-145,text,true,,231,158,236,236,http://localhost:8080/?token=494370254&user=-1356109124&config=2,9214,0,0
1781062336089,9214,Config 2,200,OK,Stress Test 1-168,text,true,,231,158,236,236,http://localhost:8080/?token=494370254&user=-1356109124&config=2,9214,0,0
1781062336090,9214,Config 2,200,OK,Stress Test 1-170,text,true,,231,158,236,236,http://localhost:8080/?token=494370254&user=-1356109124&config=2,9214,0,0
1781062336090,9214,Config 2,200,OK,Stress Test 1-169,text,true,,231,158,236,236,http://localhost:8080/?token=494370254&user=-1356109124&config=2,9214,0,0
1781062336070,9235,Config 2,200,OK,Stress Test 1-154,text,true,,231,158,236,236,http://localhost:8080/?token=494370254&user=-1356109124&config=2,9235,0,0
1781062336090,9215,Config 2,200,OK,Stress Test 1-155,text,true,,231,158,236,236,http://localhost:8080/?token=494370254&user=-1356109124&config=2,9215,0,0
1781062336091,9215,Config 2,200,OK,Stress Test 1-156,text,true,,231,158,236,236,http://localhost:8080/?token=494370254&user=-1356109124&config=2,9215,0,0
1781062336091,9215,Config 2,200,OK,Stress Test 1-49,text,true,,231,158,236,236,http://localhost:8080/?token=494370254&user=-1356109124&config=2,9215,0,0
1781062336071,9236,Config 2,200,OK,Stress Test 1-176,text,true,,231,158,236,236,http://localhost:8080/?token=494370254&user=-1356109124&config=2,9236,0,0
1781062336066,9241,Config 2,200,OK,Stress Test 1-179,text,true,,231,158,236,236,http://localhost:8080/?token=494370254&user=-1356109124&config=2,9241,0,0
1781062336067,9241,Config 2,200,OK,Stress Test 1-187,text,true,,231,158,236,236,http://localhost:8080/?token=494370254&user=-1356109124&config=2,9241,0,0
1781062336067,9241,Config 2,200,OK,Stress Test 1-180,text,true,,231,158,236,236,http://localhost:8080/?token=494370254&user=-1356109124&config=2,9241,0,0
1781062336067,9242,Config 2,200,OK,Stress Test 1-191,text,true,,231,158,236,236,http://localhost:8080/?token=494370254&user=-1356109124&config=2,9242,0,0
1781062336091,9218,Config 2,200,OK,Stress Test 1-90,text,true,,231,158,236,236,http://localhost:8080/?token=494370254&user=-1356109124&config=2,9218,0,0
1781062336092,9217,Config 2,200,OK,Stress Test 1-67,text,true,,231,158,236,236,http://localhost:8080/?token=494370254&user=-1356109124&config=2,9217,0,0
1781062336075,9235,Config 2,200,OK,Stress Test 1-198,text,true,,231,158,236,236,http://localhost:8080/?token=494370254&user=-1356109124&config=2,9235,0,0
1781062336075,9235,Config 2,200,OK,Stress Test 1-197,text,true,,231,158,236,236,http://localhost:8080/?token=494370254&user=-1356109124&config=2,9235,0,0
1781062336092,9218,Config 2,200,OK,Stress Test 1-85,text,true,,231,158,236,236,http://localhost:8080/?token=494370254&user=-1356109124&config=2,9218,0,0
1781062336076,9235,Config 2,200,OK,Stress Test 1-199,text,true,,231,158,236,236,http://localhost:8080/?token=494370254&user=-1356109124&config=2,9235,0,0
1781062336101,9210,Config 2,200,OK,Stress Test 1-25,text,true,,231,158,236,236,http://localhost:8080/?token=494370254&user=-1356109124&config=2,9210,0,0
1781062336076,9235,Config 2,200,OK,Stress Test 1-200,text,true,,231,158,236,236,http://localhost:8080/?token=494370254&user=-1356109124&config=2,9235,0,0
1781062336093,9219,Config 2,200,OK,Stress Test 1-202,text,true,,231,158,236,236,http://localhost:8080/?token=494370254&user=-1356109124&config=2,9219,0,0
1781062336076,9236,Config 2,200,OK,Stress Test 1-201,text,true,,231,158,236,236,http://localhost:8080/?token=494370254&user=-1356109124&config=2,9236,0,0
1781062336093,9219,Config 2,200,OK,Stress Test 1-82,text,true,,231,158,236,236,http://localhost:8080/?token=494370254&user=-1356109124&config=2,9219,0,0
1781062336101,9212,Config 2,200,OK,Stress Test 1-89,text,true,,231,158,236,236,http://localhost:8080/?token=494370254&user=-1356109124&config=2,9212,0,0
1781062336103,9210,Config 2,200,OK,Stress Test 1-87,text,true,,231,158,236,236,http://localhost:8080/?token=494370254&user=-1356109124&config=2,9210,0,0
1781062336094,9219,Config 2,200,OK,Stress Test 1-203,text,true,,231,158,236,236,http://localhost:8080/?token=494370254&user=-1356109124&config=2,9219,0,0
1781062336096,9218,Config 2,200,OK,Stress Test 1-205,text,true,,231,158,236,236,http://localhost:8080/?token=494370254&user=-1356109124&config=2,9218,0,0
1781062336095,9219,Config 2,200,OK,Stress Test 1-204,text,true,,231,158,236,236,http://localhost:8080/?token=494370254&user=-1356109124&config=2,9219,0,0
1781062336095,9219,Config 2,200,OK,Stress Test 1-92,text,true,,231,158,236,236,http://localhost:8080/?token=494370254&user=-1356109124&config=2,9219,0,0
1781062336073,9242,Config 2,200,OK,Stress Test 1-20,text,true,,231,158,236,236,http://localhost:8080/?token=494370254&user=-1356109124&config=2,9242,0,0
1781062336129,9186,Config 2,500,IGNORE,Stress Test 1-21,text,true,,233,158,236,236,http://localhost:8080/?token=494370254&user=-1356109124&config=2,9186,0,1
1781062336096,9220,Config 2,200,OK,Stress Test 1-18,text,true,,231,158,236,236,http://localhost:8080/?token=494370254&user=-1356109124&config=2,9220,0,0
1781062336073,9244,Config 2,200,OK,Stress Test 1-27,text,true,,231,158,236,236,http://localhost:8080/?token=494370254&user=-1356109124&config=2,9244,0,0
1781062336107,9210,Config 2,200,OK,Stress Test 1-129,text,true,,231,158,236,236,http://localhost:8080/?token=494370254&user=-1356109124&config=2,9210,0,0
1781062336107,9212,Config 2,200,OK,Stress Test 1-131,text,true,,231,158,236,236,http://localhost:8080/?token=494370254&user=-1356109124&config=2,9212,0,0
1781062335215,10104,Config 2,200,OK,Stress Test 1-220,text,true,,231,158,236,236,http://localhost:8080/?token=494370254&user=-1356109124&config=2,10104,0,1
1781062336097,9222,Config 2,200,OK,Stress Test 1-147,text,true,,231,158,236,236,http://localhost:8080/?token=494370254&user=-1356109124&config=2,9222,0,0
1781062335818,9502,Config 2,200,OK,Stress Test 1-221,text,true,,231,158,236,236,http://localhost:8080/?token=494370254&user=-1356109124&config=2,9502,0,1
1781062336068,9253,Config 2,200,OK,Stress Test 1-116,text,true,,231,158,236,236,http://localhost:8080/?token=494370254&user=-1356109124&config=2,9253,0,1
1781062336068,9253,Config 2,200,OK,Stress Test 1-120,text,true,,231,158,236,236,http://localhost:8080/?token=494370254&user=-1356109124&config=2,9253,0,1
1781062337299,8022,Config 2,500,IGNORE,Stress Test 1-78,text,true,,233,158,236,236,http://localhost:8080/?token=494370254&user=-1356109124&config=2,8022,0,0
1781062337301,8020,Config 2,500,IGNORE,Stress Test 1-80,text,true,,233,158,236,236,http://localhost:8080/?token=494370254&user=-1356109124&config=2,8020,0,0
1781062337309,8012,Config 2,500,IGNORE,Stress Test 1-94,text,true,,233,158,236,236,http://localhost:8080/?token=494370254&user=-1356109124&config=2,8012,0,0
1781062337279,8045,Config 2,500,IGNORE,Stress Test 1-141,text,true,,233,158,236,236,http://localhost:8080/?token=494370254&user=-1356109124&config=2,8045,0,0
1781062337277,8047,Config 2,500,IGNORE,Stress Test 1-40,text,true,,233,158,236,236,http://localhost:8080/?token=494370254&user=-1356109124&config=2,8047,0,0
1781062337280,8047,Config 2,500,IGNORE,Stress Test 1-132,text,true,,233,158,236,236,http://localhost:8080/?token=494370254&user=-1356109124&config=2,8047,0,0
1781062336130,9198,Config 2,500,IGNORE,Stress Test 1-60,text,true,,233,158,236,236,http://localhost:8080/?token=494370254&user=-1356109124&config=2,9197,0,1
1781062336129,9198,Config 2,500,IGNORE,Stress Test 1-3,text,true,,233,158,236,236,http://localhost:8080/?token=494370254&user=-1356109124&config=2,9198,0,1
1781062337282,8047,Config 2,500,IGNORE,Stress Test 1-117,text,true,,233,158,236,236,http://localhost:8080/?token=494370254&user=-1356109124&config=2,8047,0,0
1781062337281,8048,Config 2,500,IGNORE,Stress Test 1-106,text,true,,233,158,236,236,http://localhost:8080/?token=494370254&user=-1356109124&config=2,8048,0,0
1781062337283,8046,Config 2,500,IGNORE,Stress Test 1-70,text,true,,233,158,236,236,http://localhost:8080/?token=494370254&user=-1356109124&config=2,8046,0,0
1781062337281,8050,Config 2,500,IGNORE,Stress Test 1-16,text,true,,233,158,236,236,http://localhost:8080/?token=494370254&user=-1356109124&config=2,8050,0,1
1781062337285,8046,Config 2,500,IGNORE,Stress Test 1-22,text,true,,233,158,236,236,http://localhost:8080/?token=494370254&user=-1356109124&config=2,8046,0,0
1781062337286,8045,Config 2,500,IGNORE,Stress Test 1-63,text,true,,233,158,236,236,http://localhost:8080/?token=494370254&user=-1356109124&config=2,8045,0,0
1781062337289,8044,Config 2,500,IGNORE,Stress Test 1-29,text,true,,233,158,236,236,http://localhost:8080/?token=494370254&user=-1356109124&config=2,8044,0,0
1781062337287,8046,Config 2,500,IGNORE,Stress Test 1-195,text,true,,233,158,236,236,http://localhost:8080/?token=494370254&user=-1356109124&config=2,8046,0,0
1781062337292,8042,Config 2,500,IGNORE,Stress Test 1-109,text,true,,233,158,236,236,http://localhost:8080/?token=494370254&user=-1356109124&config=2,8042,0,0
1781062337294,8041,Config 2,500,IGNORE,Stress Test 1-196,text,true,,233,158,236,236,http://localhost:8080/?token=494370254&user=-1356109124&config=2,8041,0,0
1781062337293,8042,Config 2,500,IGNORE,Stress Test 1-162,text,true,,233,158,236,236,http://localhost:8080/?token=494370254&user=-1356109124&config=2,8042,0,0
1781062337295,8041,Config 2,500,IGNORE,Stress Test 1-37,text,true,,233,158,236,236,http://localhost:8080/?token=494370254&user=-1356109124&config=2,8041,0,0
1781062337299,8039,Config 2,500,IGNORE,Stress Test 1-103,text,true,,233,158,236,236,http://localhost:8080/?token=494370254&user=-1356109124&config=2,8038,0,0
1781062337300,8038,Config 2,500,IGNORE,Stress Test 1-97,text,true,,233,158,236,236,http://localhost:8080/?token=494370254&user=-1356109124&config=2,8038,0,0
1781062337300,8038,Config 2,500,IGNORE,Stress Test 1-152,text,true,,233,158,236,236,http://localhost:8080/?token=494370254&user=-1356109124&config=2,8038,0,0
1781062337304,8035,Config 2,500,IGNORE,Stress Test 1-59,text,true,,233,158,236,236,http://localhost:8080/?token=494370254&user=-1356109124&config=2,8035,0,0
1781062337304,8036,Config 2,500,IGNORE,Stress Test 1-143,text,true,,233,158,236,236,http://localhost:8080/?token=494370254&user=-1356109124&config=2,8035,0,0
1781062337304,8036,Config 2,500,IGNORE,Stress Test 1-4,text,true,,233,158,236,236,http://localhost:8080/?token=494370254&user=-1356109124&config=2,8036,0,0
1781062337306,8036,Config 2,500,IGNORE,Stress Test 1-58,text,true,,233,158,236,236,http://localhost:8080/?token=494370254&user=-1356109124&config=2,8035,0,0
1781062337307,8035,Config 2,500,IGNORE,Stress Test 1-144,text,true,,233,158,236,236,http://localhost:8080/?token=494370254&user=-1356109124&config=2,8035,0,0
1781062337307,8035,Config 2,500,IGNORE,Stress Test 1-52,text,true,,233,158,236,236,http://localhost:8080/?token=494370254&user=-1356109124&config=2,8034,0,0
1781062337308,8036,Config 2,500,IGNORE,Stress Test 1-153,text,true,,233,158,236,236,http://localhost:8080/?token=494370254&user=-1356109124&config=2,8036,0,0
1781062336075,9933,Config 2,200,OK,Stress Test 1-105,text,true,,231,158,237,237,http://localhost:8080/?token=494370254&user=-1356109124&config=2,9933,0,1
1781062336072,9935,Config 2,200,OK,Stress Test 1-9,text,true,,231,158,237,237,http://localhost:8080/?token=494370254&user=-1356109124&config=2,9935,0,1
1781062336072,9935,Config 2,200,OK,Stress Test 1-11,text,true,,231,158,237,237,http://localhost:8080/?token=494370254&user=-1356109124&config=2,9935,0,1
1781062336078,9930,Config 2,200,OK,Stress Test 1-108,text,true,,231,158,237,237,http://localhost:8080/?token=494370254&user=-1356109124&config=2,9930,0,1
1781062336068,9941,Config 2,200,OK,Stress Test 1-115,text,true,,231,158,237,237,http://localhost:8080/?token=494370254&user=-1356109124&config=2,9941,0,1
1781062336078,9930,Config 2,200,OK,Stress Test 1-107,text,true,,231,158,237,237,http://localhost:8080/?token=494370254&user=-1356109124&config=2,9930,0,1
1781062336080,9929,Config 2,200,OK,Stress Test 1-113,text,true,,231,158,237,237,http://localhost:8080/?token=494370254&user=-1356109124&config=2,9929,0,1
1781062336078,9931,Config 2,200,OK,Stress Test 1-10,text,true,,231,158,237,237,http://localhost:8080/?token=494370254&user=-1356109124&config=2,9931,0,1
1781062336071,9938,Config 2,200,OK,Stress Test 1-100,text,true,,231,158,237,237,http://localhost:8080/?token=494370254&user=-1356109124&config=2,9938,0,1
1781062336071,9938,Config 2,200,OK,Stress Test 1-1,text,true,,231,158,237,237,http://localhost:8080/?token=494370254&user=-1356109124&config=2,9938,0,1
1781062336080,9929,Config 2,200,OK,Stress Test 1-114,text,true,,231,158,237,237,http://localhost:8080/?token=494370254&user=-1356109124&config=2,9929,0,2
1781062336083,9926,Config 2,200,OK,Stress Test 1-119,text,true,,231,158,237,237,http://localhost:8080/?token=494370254&user=-1356109124&config=2,9926,0,1
1781062336083,9926,Config 2,200,OK,Stress Test 1-118,text,true,,231,158,237,237,http://localhost:8080/?token=494370254&user=-1356109124&config=2,9926,0,1
1781062336099,9911,Config 2,200,OK,Stress Test 1-151,text,true,,231,158,237,237,http://localhost:8080/?token=494370254&user=-1356109124&config=2,9911,0,1
1781062336084,9925,Config 2,200,OK,Stress Test 1-121,text,true,,231,158,237,237,http://localhost:8080/?token=494370254&user=-1356109124&config=2,9925,0,1
1781062336099,9912,Config 2,200,OK,Stress Test 1-98,text,true,,231,158,237,237,http://localhost:8080/?token=494370254&user=-1356109124&config=2,9912,0,0
1781062336099,9912,Config 2,200,OK,Stress Test 1-62,text,true,,231,158,237,237,http://localhost:8080/?token=494370254&user=-1356109124&config=2,9912,0,0
1781062336100,9911,Config 2,200,OK,Stress Test 1-51,text,true,,231,158,237,237,http://localhost:8080/?token=494370254&user=-1356109124&config=2,9911,0,1
1781062336101,9911,Config 2,200,OK,Stress Test 1-66,text,true,,231,158,237,237,http://localhost:8080/?token=494370254&user=-1356109124&config=2,9911,0,1
1781062336103,9909,Config 2,200,OK,Stress Test 1-13,text,true,,231,158,237,237,http://localhost:8080/?token=494370254&user=-1356109124&config=2,9909,0,1
1781062336103,9909,Config 2,200,OK,Stress Test 1-7,text,true,,231,158,237,237,http://localhost:8080/?token=494370254&user=-1356109124&config=2,9909,0,1
1781062336108,9905,Config 2,200,OK,Stress Test 1-76,text,true,,231,158,237,237,http://localhost:8080/?token=494370254&user=-1356109124&config=2,9905,0,1
1781062336108,9905,Config 2,200,OK,Stress Test 1-75,text,true,,231,158,237,237,http://localhost:8080/?token=494370254&user=-1356109124&config=2,9905,0,1
1781062336110,9903,Config 2,200,OK,Stress Test 1-73,text,true,,231,158,237,237,http://localhost:8080/?token=494370254&user=-1356109124&config=2,9903,0,1
1781062336113,9902,Config 2,200,OK,Stress Test 1-99,text,true,,231,158,237,237,http://localhost:8080/?token=494370254&user=-1356109124&config=2,9902,0,1
1781062336116,9899,Config 2,200,OK,Stress Test 1-125,text,true,,231,158,237,237,http://localhost:8080/?token=494370254&user=-1356109124&config=2,9899,0,1
1781062336113,9902,Config 2,200,OK,Stress Test 1-57,text,true,,231,158,237,237,http://localhost:8080/?token=494370254&user=-1356109124&config=2,9902,0,1
1781062336119,9897,Config 2,200,OK,Stress Test 1-61,text,true,,231,158,237,237,http://localhost:8080/?token=494370254&user=-1356109124&config=2,9897,0,1
1781062336119,9897,Config 2,200,OK,Stress Test 1-69,text,true,,231,158,237,237,http://localhost:8080/?token=494370254&user=-1356109124&config=2,9897,0,1
1781062336122,9894,Config 2,200,OK,Stress Test 1-38,text,true,,231,158,237,237,http://localhost:8080/?token=494370254&user=-1356109124&config=2,9894,0,1
1781062336120,9896,Config 2,200,OK,Stress Test 1-33,text,true,,231,158,237,237,http://localhost:8080/?token=494370254&user=-1356109124&config=2,9896,0,1
1781062336126,9891,Config 2,200,OK,Stress Test 1-123,text,true,,231,158,237,237,http://localhost:8080/?token=494370254&user=-1356109124&config=2,9891,0,1
1781062336125,9892,Config 2,200,OK,Stress Test 1-56,text,true,,231,158,237,237,http://localhost:8080/?token=494370254&user=-1356109124&config=2,9892,0,1
1781062337279,8739,Config 2,200,OK,Stress Test 1-77,text,true,,231,158,237,237,http://localhost:8080/?token=494370254&user=-1356109124&config=2,8739,0,0
1781062336127,9891,Config 2,200,OK,Stress Test 1-102,text,true,,231,158,237,237,http://localhost:8080/?token=494370254&user=-1356109124&config=2,9891,0,1
1781062336126,9892,Config 2,200,OK,Stress Test 1-79,text,true,,231,158,237,237,http://localhost:8080/?token=494370254&user=-1356109124&config=2,9892,0,1
1781062337288,8730,Config 2,200,OK,Stress Test 1-44,text,true,,231,158,237,237,http://localhost:8080/?token=494370254&user=-1356109124&config=2,8730,0,0
1781062336103,9915,Config 2,200,OK,Stress Test 1-8,text,true,,231,158,238,238,http://localhost:8080/?token=494370254&user=-1356109124&config=2,9915,0,2
1781062336105,9914,Config 2,200,OK,Stress Test 1-12,text,true,,231,158,238,238,http://localhost:8080/?token=494370254&user=-1356109124&config=2,9914,0,1
1781062336106,9914,Config 2,200,OK,Stress Test 1-15,text,true,,231,158,238,238,http://localhost:8080/?token=494370254&user=-1356109124&config=2,9914,0,1
1781062336105,9914,Config 2,200,OK,Stress Test 1-17,text,true,,231,158,238,238,http://localhost:8080/?token=494370254&user=-1356109124&config=2,9914,0,1
1781062336108,9912,Config 2,200,OK,Stress Test 1-159,text,true,,231,158,238,238,http://localhost:8080/?token=494370254&user=-1356109124&config=2,9912,0,1
1781062336110,9910,Config 2,200,OK,Stress Test 1-71,text,true,,231,158,238,238,http://localhost:8080/?token=494370254&user=-1356109124&config=2,9910,0,1
1781062336113,9908,Config 2,200,OK,Stress Test 1-84,text,true,,231,158,238,238,http://localhost:8080/?token=494370254&user=-1356109124&config=2,9908,0,1
1781062336116,9907,Config 2,200,OK,Stress Test 1-130,text,true,,231,158,238,238,http://localhost:8080/?token=494370254&user=-1356109124&config=2,9906,0,1
1781062336124,9899,Config 2,200,OK,Stress Test 1-74,text,true,,231,158,238,238,http://localhost:8080/?token=494370254&user=-1356109124&config=2,9899,0,1
1781062336124,9899,Config 2,200,OK,Stress Test 1-6,text,true,,231,158,238,238,http://localhost:8080/?token=494370254&user=-1356109124&config=2,9899,0,1
1781062336122,9901,Config 2,200,OK,Stress Test 1-148,text,true,,231,158,238,238,http://localhost:8080/?token=494370254&user=-1356109124&config=2,9901,0,1
1781062337280,8744,Config 2,200,OK,Stress Test 1-93,text,true,,231,158,238,238,http://localhost:8080/?token=494370254&user=-1356109124&config=2,8744,0,0
1781062336421,9603,Config 2,200,OK,Stress Test 1-222,text,true,,231,158,238,238,http://localhost:8080/?token=494370254&user=-1356109124&config=2,9603,0,1
1781062337018,9007,Config 2,200,OK,Stress Test 1-223,text,true,,231,158,238,238,http://localhost:8080/?token=494370254&user=-1356109124&config=2,9007,0,2
1781062337284,8741,Config 2,200,OK,Stress Test 1-91,text,true,,231,158,238,238,http://localhost:8080/?token=494370254&user=-1356109124&config=2,8741,0,0
1781062337305,8721,Config 2,200,OK,Stress Test 1-182,text,true,,231,158,238,238,http://localhost:8080/?token=494370254&user=-1356109124&config=2,8721,0,0
1781062337278,8759,Config 2,200,OK,Stress Test 1-207,text,true,,231,158,238,238,http://localhost:8080/?token=494370254&user=-1356109124&config=2,8759,0,0
1781062337277,8760,Config 2,200,OK,Stress Test 1-208,text,true,,231,158,238,238,http://localhost:8080/?token=494370254&user=-1356109124&config=2,8760,0,0
1781062336127,9910,Config 2,200,OK,Stress Test 1-139,text,true,,231,158,238,238,http://localhost:8080/?token=494370254&user=-1356109124&config=2,9910,0,1
1781062337278,8759,Config 2,200,OK,Stress Test 1-171,text,true,,231,158,238,238,http://localhost:8080/?token=494370254&user=-1356109124&config=2,8759,0,0
1781062337279,8758,Config 2,200,OK,Stress Test 1-68,text,true,,231,158,238,238,http://localhost:8080/?token=494370254&user=-1356109124&config=2,8758,0,0
1781062337279,8759,Config 2,200,OK,Stress Test 1-5,text,true,,231,158,238,238,http://localhost:8080/?token=494370254&user=-1356109124&config=2,8759,0,0
1781062337280,8758,Config 2,200,OK,Stress Test 1-86,text,true,,231,158,238,238,http://localhost:8080/?token=494370254&user=-1356109124&config=2,8758,0,0
1781062337280,8758,Config 2,200,OK,Stress Test 1-83,text,true,,231,158,238,238,http://localhost:8080/?token=494370254&user=-1356109124&config=2,8758,0,0
1781062337281,8757,Config 2,200,OK,Stress Test 1-95,text,true,,231,158,238,238,http://localhost:8080/?token=494370254&user=-1356109124&config=2,8757,0,0
1781062337281,8757,Config 2,200,OK,Stress Test 1-96,text,true,,231,158,238,238,http://localhost:8080/?token=494370254&user=-1356109124&config=2,8757,0,0
1781062337281,8757,Config 2,200,OK,Stress Test 1-2,text,true,,231,158,238,238,http://localhost:8080/?token=494370254&user=-1356109124&config=2,8757,0,0
1781062336132,9906,Config 2,200,OK,Stress Test 1-24,text,true,,231,158,238,238,http://localhost:8080/?token=494370254&user=-1356109124&config=2,9906,0,1
1781062337282,8756,Config 2,200,OK,Stress Test 1-31,text,true,,231,158,238,238,http://localhost:8080/?token=494370254&user=-1356109124&config=2,8756,0,0
1781062337283,8755,Config 2,200,OK,Stress Test 1-14,text,true,,231,158,238,238,http://localhost:8080/?token=494370254&user=-1356109124&config=2,8755,0,0
1781062337283,8755,Config 2,200,OK,Stress Test 1-112,text,true,,231,158,238,238,http://localhost:8080/?token=494370254&user=-1356109124&config=2,8755,0,0
1781062337284,8754,Config 2,200,OK,Stress Test 1-206,text,true,,231,158,238,238,http://localhost:8080/?token=494370254&user=-1356109124&config=2,8754,0,0
1781062337284,8754,Config 2,200,OK,Stress Test 1-65,text,true,,231,158,238,238,http://localhost:8080/?token=494370254&user=-1356109124&config=2,8754,0,0
1781062337285,8754,Config 2,200,OK,Stress Test 1-149,text,true,,231,158,238,238,http://localhost:8080/?token=494370254&user=-1356109124&config=2,8754,0,0
1781062337285,8754,Config 2,200,OK,Stress Test 1-194,text,true,,231,158,238,238,http://localhost:8080/?token=494370254&user=-1356109124&config=2,8754,0,0
1781062337287,8752,Config 2,200,OK,Stress Test 1-41,text,true,,231,158,238,238,http://localhost:8080/?token=494370254&user=-1356109124&config=2,8752,0,0
1781062337286,8753,Config 2,200,OK,Stress Test 1-101,text,true,,231,158,238,238,http://localhost:8080/?token=494370254&user=-1356109124&config=2,8753,0,0
1781062337288,8751,Config 2,200,OK,Stress Test 1-146,text,true,,231,158,238,238,http://localhost:8080/?token=494370254&user=-1356109124&config=2,8751,0,0
1781062337289,8750,Config 2,200,OK,Stress Test 1-81,text,true,,231,158,238,238,http://localhost:8080/?token=494370254&user=-1356109124&config=2,8750,0,0
1781062337288,8751,Config 2,200,OK,Stress Test 1-43,text,true,,231,158,238,238,http://localhost:8080/?token=494370254&user=-1356109124&config=2,8751,0,0
1781062337289,8750,Config 2,200,OK,Stress Test 1-110,text,true,,231,158,238,238,http://localhost:8080/?token=494370254&user=-1356109124&config=2,8750,0,0
1781062337290,8750,Config 2,200,OK,Stress Test 1-42,text,true,,231,158,238,238,http://localhost:8080/?token=494370254&user=-1356109124&config=2,8750,0,0
1781062337290,8750,Config 2,200,OK,Stress Test 1-28,text,true,,231,158,238,238,http://localhost:8080/?token=494370254&user=-1356109124&config=2,8750,0,0
1781062337289,8751,Config 2,200,OK,Stress Test 1-160,text,true,,231,158,238,238,http://localhost:8080/?token=494370254&user=-1356109124&config=2,8751,0,0
1781062337291,8749,Config 2,200,OK,Stress Test 1-46,text,true,,231,158,238,238,http://localhost:8080/?token=494370254&user=-1356109124&config=2,8749,0,0
1781062337293,8747,Config 2,200,OK,Stress Test 1-54,text,true,,231,158,238,238,http://localhost:8080/?token=494370254&user=-1356109124&config=2,8747,0,0
1781062337292,8748,Config 2,200,OK,Stress Test 1-161,text,true,,231,158,238,238,http://localhost:8080/?token=494370254&user=-1356109124&config=2,8748,0,0
1781062337292,8748,Config 2,200,OK,Stress Test 1-45,text,true,,231,158,238,238,http://localhost:8080/?token=494370254&user=-1356109124&config=2,8748,0,0
1781062337291,8749,Config 2,200,OK,Stress Test 1-35,text,true,,231,158,238,238,http://localhost:8080/?token=494370254&user=-1356109124&config=2,8749,0,0
1781062337294,8746,Config 2,200,OK,Stress Test 1-53,text,true,,231,158,238,238,http://localhost:8080/?token=494370254&user=-1356109124&config=2,8746,0,0
1781062337293,8747,Config 2,200,OK,Stress Test 1-88,text,true,,231,158,238,238,http://localhost:8080/?token=494370254&user=-1356109124&config=2,8747,0,0
1781062337295,8745,Config 2,200,OK,Stress Test 1-34,text,true,,231,158,238,238,http://localhost:8080/?token=494370254&user=-1356109124&config=2,8745,0,0
1781062337298,8742,Config 2,200,OK,Stress Test 1-39,text,true,,231,158,238,238,http://localhost:8080/?token=494370254&user=-1356109124&config=2,8742,0,0
1781062337298,8742,Config 2,200,OK,Stress Test 1-157,text,true,,231,158,238,238,http://localhost:8080/?token=494370254&user=-1356109124&config=2,8742,0,0
1781062337298,8746,Config 2,200,OK,Stress Test 1-158,text,true,,231,158,238,238,http://localhost:8080/?token=494370254&user=-1356109124&config=2,8746,0,0
1781062337299,8745,Config 2,200,OK,Stress Test 1-47,text,true,,231,158,238,238,http://localhost:8080/?token=494370254&user=-1356109124&config=2,8745,0,0
1781062337298,8747,Config 2,200,OK,Stress Test 1-172,text,true,,231,158,238,238,http://localhost:8080/?token=494370254&user=-1356109124&config=2,8747,0,0
1781062337301,8744,Config 2,200,OK,Stress Test 1-26,text,true,,231,158,238,238,http://localhost:8080/?token=494370254&user=-1356109124&config=2,8744,0,0
1781062337301,8744,Config 2,200,OK,Stress Test 1-133,text,true,,231,158,238,238,http://localhost:8080/?token=494370254&user=-1356109124&config=2,8744,0,0
1781062337302,8744,Config 2,200,OK,Stress Test 1-30,text,true,,231,158,238,238,http://localhost:8080/?token=494370254&user=-1356109124&config=2,8744,0,0
1781062337303,8743,Config 2,200,OK,Stress Test 1-50,text,true,,231,158,238,238,http://localhost:8080/?token=494370254&user=-1356109124&config=2,8743,0,0
1781062337302,8744,Config 2,200,OK,Stress Test 1-36,text,true,,231,158,238,238,http://localhost:8080/?token=494370254&user=-1356109124&config=2,8744,0,0
1781062337302,8744,Config 2,200,OK,Stress Test 1-104,text,true,,231,158,238,238,http://localhost:8080/?token=494370254&user=-1356109124&config=2,8744,0,0
1781062337306,8741,Config 2,200,OK,Stress Test 1-48,text,true,,231,158,238,238,http://localhost:8080/?token=494370254&user=-1356109124&config=2,8741,0,0
1781062337303,8744,Config 2,200,OK,Stress Test 1-111,text,true,,231,158,238,238,http://localhost:8080/?token=494370254&user=-1356109124&config=2,8744,0,0
1781062337305,8742,Config 2,200,OK,Stress Test 1-193,text,true,,231,158,238,238,http://localhost:8080/?token=494370254&user=-1356109124&config=2,8742,0,0
1781062337309,8739,Config 2,200,OK,Stress Test 1-19,text,true,,231,158,238,238,http://localhost:8080/?token=494370254&user=-1356109124&config=2,8739,0,0
1781062337308,8740,Config 2,200,OK,Stress Test 1-181,text,true,,231,158,238,238,http://localhost:8080/?token=494370254&user=-1356109124&config=2,8740,0,0
1781062337425,9001,Config 2,200,OK,Stress Test 1-183,text,true,,231,158,238,238,http://localhost:8080/?token=494370254&user=-1356109124&config=2,9000,0,0
1781062337425,9004,Config 2,200,OK,Stress Test 1-173,text,true,,231,158,238,238,http://localhost:8080/?token=494370254&user=-1356109124&config=2,9004,0,0
1781062337425,16850,Config 2,200,OK,Stress Test 1-136,text,true,,231,158,251,251,http://localhost:8080/?token=494370254&user=-1356109124&config=2,16850,0,0
1781062337425,16850,Config 2,200,OK,Stress Test 1-64,text,true,,231,158,251,251,http://localhost:8080/?token=494370254&user=-1356109124&config=2,16850,0,0
1781062337426,16849,Config 2,200,OK,Stress Test 1-72,text,true,,231,158,251,251,http://localhost:8080/?token=494370254&user=-1356109124&config=2,16849,0,0
1781062337429,16847,Config 2,200,OK,Stress Test 1-192,text,true,,231,158,251,251,http://localhost:8080/?token=494370254&user=-1356109124&config=2,16847,0,0
1781062337624,16653,Config 2,200,OK,Stress Test 1-224,text,true,,231,158,251,251,http://localhost:8080/?token=494370254&user=-1356109124&config=2,16653,0,1
1781062338227,16050,Config 2,200,OK,Stress Test 1-225,text,true,,231,158,251,251,http://localhost:8080/?token=494370254&user=-1356109124&config=2,16050,0,1
1781062338808,15470,Config 2,200,OK,Stress Test 1-226,text,true,,231,158,251,251,http://localhost:8080/?token=494370254&user=-1356109124&config=2,15470,0,1
1781062339412,14866,Config 2,200,OK,Stress Test 1-227,text,true,,231,158,251,251,http://localhost:8080/?token=494370254&user=-1356109124&config=2,14866,0,1
1781062340017,14262,Config 2,200,OK,Stress Test 1-228,text,true,,231,158,251,251,http://localhost:8080/?token=494370254&user=-1356109124&config=2,14262,0,1
1781062345279,9000,Config 2,200,OK,Stress Test 1-184,text,true,,231,158,251,251,http://localhost:8080/?token=494370254&user=-1356109124&config=2,9000,0,0
1781062345277,9002,Config 2,200,OK,Stress Test 1-163,text,true,,231,158,251,251,http://localhost:8080/?token=494370254&user=-1356109124&config=2,9002,0,0
1781062345279,9001,Config 2,200,OK,Stress Test 1-209,text,true,,231,158,251,251,http://localhost:8080/?token=494370254&user=-1356109124&config=2,9001,0,0
1781062345275,9005,Config 2,200,OK,Stress Test 1-185,text,true,,231,158,251,251,http://localhost:8080/?token=494370254&user=-1356109124&config=2,9005,0,0
1781062345281,9000,Config 2,200,OK,Stress Test 1-211,text,true,,231,158,251,251,http://localhost:8080/?token=494370254&user=-1356109124&config=2,9000,0,0
1781062345280,9001,Config 2,200,OK,Stress Test 1-210,text,true,,231,158,251,251,http://localhost:8080/?token=494370254&user=-1356109124&config=2,9001,0,0
1781062345277,9004,Config 2,200,OK,Stress Test 1-177,text,true,,231,158,251,251,http://localhost:8080/?token=494370254&user=-1356109124&config=2,9004,0,0
1781062345275,9007,Config 2,200,OK,Stress Test 1-178,text,true,,231,158,251,251,http://localhost:8080/?token=494370254&user=-1356109124&config=2,9007,0,0
1781062345283,8999,Config 2,200,OK,Stress Test 1-212,text,true,,231,158,251,251,http://localhost:8080/?token=494370254&user=-1356109124&config=2,8999,0,0
1781062341214,13070,Config 2,200,OK,Stress Test 1-230,text,true,,231,158,251,251,http://localhost:8080/?token=494370254&user=-1356109124&config=2,13070,0,0
1781062340614,13670,Config 2,200,OK,Stress Test 1-229,text,true,,231,158,251,251,http://localhost:8080/?token=494370254&user=-1356109124&config=2,13670,0,1
1781062342419,11866,Config 2,200,OK,Stress Test 1-232,text,true,,231,158,251,251,http://localhost:8080/?token=494370254&user=-1356109124&config=2,11866,0,1
1781062341825,12460,Config 2,200,OK,Stress Test 1-231,text,true,,231,158,251,251,http://localhost:8080/?token=494370254&user=-1356109124&config=2,12460,0,1
1781062343024,11261,Config 2,200,OK,Stress Test 1-233,text,true,,231,158,251,251,http://localhost:8080/?token=494370254&user=-1356109124&config=2,11261,0,1
1781062343613,10673,Config 2,200,OK,Stress Test 1-234,text,true,,231,158,251,251,http://localhost:8080/?token=494370254&user=-1356109124&config=2,10673,0,2
1781062344222,10063,Config 2,200,OK,Stress Test 1-235,text,true,,231,158,251,251,http://localhost:8080/?token=494370254&user=-1356109124&config=2,10063,0,1
1781062344824,9461,Config 2,200,OK,Stress Test 1-236,text,true,,231,158,251,251,http://localhost:8080/?token=494370254&user=-1356109124&config=2,9461,0,1
1781062345286,9000,Config 2,200,OK,Stress Test 1-174,text,true,,231,158,251,251,http://localhost:8080/?token=494370254&user=-1356109124&config=2,9000,0,0
1781062345300,8986,Config 2,200,OK,Stress Test 1-137,text,true,,231,158,251,251,http://localhost:8080/?token=494370254&user=-1356109124&config=2,8986,0,0
1781062345287,9000,Config 2,200,OK,Stress Test 1-175,text,true,,231,158,251,251,http://localhost:8080/?token=494370254&user=-1356109124&config=2,9000,0,0
1781062345284,9003,Config 2,200,OK,Stress Test 1-213,text,true,,231,158,251,251,http://localhost:8080/?token=494370254&user=-1356109124&config=2,9003,0,0
1781062345283,9004,Config 2,200,OK,Stress Test 1-186,text,true,,231,158,251,251,http://localhost:8080/?token=494370254&user=-1356109124&config=2,9004,0,0
1781062345284,9005,Config 2,200,OK,Stress Test 1-188,text,true,,231,158,251,251,http://localhost:8080/?token=494370254&user=-1356109124&config=2,9005,0,0
1781062345287,9002,Config 2,200,OK,Stress Test 1-189,text,true,,231,158,251,251,http://localhost:8080/?token=494370254&user=-1356109124&config=2,9002,0,0
1781062345284,9005,Config 2,200,OK,Stress Test 1-190,text,true,,231,158,251,251,http://localhost:8080/?token=494370254&user=-1356109124&config=2,9005,0,0
1781062345285,9005,Config 2,200,OK,Stress Test 1-214,text,true,,231,158,251,251,http://localhost:8080/?token=494370254&user=-1356109124&config=2,9005,0,0
1781062345285,9005,Config 2,200,OK,Stress Test 1-215,text,true,,231,158,251,251,http://localhost:8080/?token=494370254&user=-1356109124&config=2,9005,0,0
1781062345285,9006,Config 2,200,OK,Stress Test 1-216,text,true,,231,158,251,251,http://localhost:8080/?token=494370254&user=-1356109124&config=2,9006,0,0
1781062345286,9005,Config 2,200,OK,Stress Test 1-217,text,true,,231,158,251,251,http://localhost:8080/?token=494370254&user=-1356109124&config=2,9005,0,0
1781062345288,9005,Config 2,200,OK,Stress Test 1-218,text,true,,231,158,251,251,http://localhost:8080/?token=494370254&user=-1356109124&config=2,9005,0,0
1781062345288,9005,Config 2,200,OK,Stress Test 1-219,text,true,,231,158,251,251,http://localhost:8080/?token=494370254&user=-1356109124&config=2,9005,0,0
1781062345290,9111,Config 2,200,OK,Stress Test 1-164,text,true,,231,158,251,251,http://localhost:8080/?token=494370254&user=-1356109124&config=2,9111,0,0
1781062345303,9302,Config 2,200,OK,Stress Test 1-145,text,true,,231,158,252,252,http://localhost:8080/?token=494370254&user=-1356109124&config=2,9302,0,0
1781062345310,9377,Config 2,200,OK,Stress Test 1-85,text,true,,231,158,252,252,http://localhost:8080/?token=494370254&user=-1356109124&config=2,9377,0,0
1781062345290,9456,Config 2,200,OK,Stress Test 1-55,text,true,,231,158,252,252,http://localhost:8080/?token=494370254&user=-1356109124&config=2,9456,0,0
1781062345306,9535,Config 2,200,OK,Stress Test 1-49,text,true,,231,158,252,252,http://localhost:8080/?token=494370254&user=-1356109124&config=2,9535,0,0
1781062345302,9605,Config 2,200,OK,Stress Test 1-142,text,true,,231,158,252,252,http://localhost:8080/?token=494370254&user=-1356109124&config=2,9605,0,0
1781062345309,9598,Config 2,200,OK,Stress Test 1-198,text,true,,231,158,252,252,http://localhost:8080/?token=494370254&user=-1356109124&config=2,9598,0,0
1781062345311,10147,Config 2,200,OK,Stress Test 1-200,text,true,,231,158,253,253,http://localhost:8080/?token=494370254&user=-1356109124&config=2,10147,0,0
1781062345311,10186,Config 2,200,OK,Stress Test 1-82,text,true,,231,158,253,253,http://localhost:8080/?token=494370254&user=-1356109124&config=2,10186,0,0
1781062345312,10185,Config 2,200,OK,Stress Test 1-89,text,true,,231,158,253,253,http://localhost:8080/?token=494370254&user=-1356109124&config=2,10185,0,0
1781062345311,10226,Config 2,200,OK,Stress Test 1-25,text,true,,231,158,253,253,http://localhost:8080/?token=494370254&user=-1356109124&config=2,10226,0,0
1781062345308,10361,Config 2,200,OK,Stress Test 1-191,text,true,,231,158,254,254,http://localhost:8080/?token=494370254&user=-1356109124&config=2,10361,0,0
1781062345306,10396,Config 2,200,OK,Stress Test 1-176,text,true,,231,158,254,254,http://localhost:8080/?token=494370254&user=-1356109124&config=2,10396,0,0
1781062345313,10398,Config 2,200,OK,Stress Test 1-205,text,true,,231,158,254,254,http://localhost:8080/?token=494370254&user=-1356109124&config=2,10398,0,0
1781062345312,10509,Config 2,200,OK,Stress Test 1-87,text,true,,231,158,254,254,http://localhost:8080/?token=494370254&user=-1356109124&config=2,10509,0,0
1781062345313,10550,Config 2,200,OK,Stress Test 1-204,text,true,,231,158,254,254,http://localhost:8080/?token=494370254&user=-1356109124&config=2,10550,0,0
1781062345294,10609,Config 2,200,OK,Stress Test 1-166,text,true,,231,158,254,254,http://localhost:8080/?token=494370254&user=-1356109124&config=2,10609,0,0
1781062346014,9923,Config 2,500,IGNORE,Stress Test 1-99,text,true,,233,158,254,254,http://localhost:8080/?token=494370254&user=-1356109124&config=2,9923,0,0
1781062346015,9922,Config 2,500,IGNORE,Stress Test 1-69,text,true,,233,158,254,254,http://localhost:8080/?token=494370254&user=-1356109124&config=2,9922,0,0
1781062346014,9924,Config 2,500,IGNORE,Stress Test 1-125,text,true,,233,158,254,254,http://localhost:8080/?token=494370254&user=-1356109124&config=2,9923,0,0
1781062345321,10619,Config 2,500,IGNORE,Stress Test 1-94,text,true,,233,158,254,254,http://localhost:8080/?token=494370254&user=-1356109124&config=2,10618,0,1
1781062345299,10640,Config 2,200,OK,Stress Test 1-167,text,true,,231,158,254,254,http://localhost:8080/?token=494370254&user=-1356109124&config=2,10640,0,0
1781062345302,10638,Config 2,200,OK,Stress Test 1-150,text,true,,231,158,254,254,http://localhost:8080/?token=494370254&user=-1356109124&config=2,10638,0,0
1781062345306,10635,Config 2,200,OK,Stress Test 1-179,text,true,,231,158,254,254,http://localhost:8080/?token=494370254&user=-1356109124&config=2,10635,0,0
1781062345306,10635,Config 2,200,OK,Stress Test 1-156,text,true,,231,158,254,254,http://localhost:8080/?token=494370254&user=-1356109124&config=2,10635,0,0
1781062345307,10635,Config 2,200,OK,Stress Test 1-187,text,true,,231,158,254,254,http://localhost:8080/?token=494370254&user=-1356109124&config=2,10635,0,0
1781062345308,10634,Config 2,200,OK,Stress Test 1-90,text,true,,231,158,254,254,http://localhost:8080/?token=494370254&user=-1356109124&config=2,10634,0,0
1781062345308,10634,Config 2,200,OK,Stress Test 1-67,text,true,,231,158,254,254,http://localhost:8080/?token=494370254&user=-1356109124&config=2,10634,0,0
1781062345311,10632,Config 2,200,OK,Stress Test 1-199,text,true,,231,158,254,254,http://localhost:8080/?token=494370254&user=-1356109124&config=2,10632,0,0
1781062345309,10634,Config 2,200,OK,Stress Test 1-197,text,true,,231,158,254,254,http://localhost:8080/?token=494370254&user=-1356109124&config=2,10634,0,0
1781062345311,10632,Config 2,200,OK,Stress Test 1-201,text,true,,231,158,254,254,http://localhost:8080/?token=494370254&user=-1356109124&config=2,10632,0,0
1781062345311,10633,Config 2,200,OK,Stress Test 1-202,text,true,,231,158,254,254,http://localhost:8080/?token=494370254&user=-1356109124&config=2,10633,0,0
1781062345318,10626,Config 2,200,OK,Stress Test 1-220,text,true,,231,158,254,254,http://localhost:8080/?token=494370254&user=-1356109124&config=2,10626,0,0
1781062345313,10631,Config 2,200,OK,Stress Test 1-92,text,true,,231,158,254,254,http://localhost:8080/?token=494370254&user=-1356109124&config=2,10631,0,0
1781062345320,10628,Config 2,200,OK,Stress Test 1-116,text,true,,231,158,254,254,http://localhost:8080/?token=494370254&user=-1356109124&config=2,10628,0,0
1781062345319,10629,Config 2,200,OK,Stress Test 1-147,text,true,,231,158,254,254,http://localhost:8080/?token=494370254&user=-1356109124&config=2,10629,0,0
1781062345320,10629,Config 2,200,OK,Stress Test 1-120,text,true,,231,158,254,254,http://localhost:8080/?token=494370254&user=-1356109124&config=2,10629,0,0
1781062346010,9940,Config 2,500,IGNORE,Stress Test 1-151,text,true,,233,158,254,254,http://localhost:8080/?token=494370254&user=-1356109124&config=2,9940,0,0
1781062346041,9909,Config 2,500,IGNORE,Stress Test 1-42,text,true,,233,158,254,254,http://localhost:8080/?token=494370254&user=-1356109124&config=2,9909,0,0
1781062345275,10677,Config 2,200,OK,Stress Test 1-126,text,true,,231,158,254,254,http://localhost:8080/?token=494370254&user=-1356109124&config=2,10677,0,2
1781062346043,9909,Config 2,500,IGNORE,Stress Test 1-39,text,true,,233,158,254,254,http://localhost:8080/?token=494370254&user=-1356109124&config=2,9909,0,0
1781062345329,10628,Config 2,500,IGNORE,Stress Test 1-106,text,true,,233,158,254,254,http://localhost:8080/?token=494370254&user=-1356109124&config=2,10628,0,1
1781062345331,10626,Config 2,500,IGNORE,Stress Test 1-63,text,true,,233,158,254,254,http://localhost:8080/?token=494370254&user=-1356109124&config=2,10626,0,1
1781062345316,10641,Config 2,500,IGNORE,Stress Test 1-129,text,true,,233,158,254,254,http://localhost:8080/?token=494370254&user=-1356109124&config=2,10641,0,1
1781062345331,10628,Config 2,500,IGNORE,Stress Test 1-16,text,true,,233,158,254,254,http://localhost:8080/?token=494370254&user=-1356109124&config=2,10628,0,1
1781062345331,10628,Config 2,500,IGNORE,Stress Test 1-22,text,true,,233,158,254,254,http://localhost:8080/?token=494370254&user=-1356109124&config=2,10628,0,1
1781062345333,10628,Config 2,500,IGNORE,Stress Test 1-29,text,true,,233,158,254,254,http://localhost:8080/?token=494370254&user=-1356109124&config=2,10626,0,1
1781062345333,10628,Config 2,500,IGNORE,Stress Test 1-109,text,true,,233,158,254,254,http://localhost:8080/?token=494370254&user=-1356109124&config=2,10628,0,1
1781062345335,10628,Config 2,500,IGNORE,Stress Test 1-162,text,true,,233,158,254,254,http://localhost:8080/?token=494370254&user=-1356109124&config=2,10627,0,1
1781062345335,10628,Config 2,500,IGNORE,Stress Test 1-196,text,true,,233,158,254,254,http://localhost:8080/?token=494370254&user=-1356109124&config=2,10628,0,1
1781062345336,10629,Config 2,500,IGNORE,Stress Test 1-37,text,true,,233,158,254,254,http://localhost:8080/?token=494370254&user=-1356109124&config=2,10629,0,0
1781062345337,10628,Config 2,500,IGNORE,Stress Test 1-97,text,true,,233,158,254,254,http://localhost:8080/?token=494370254&user=-1356109124&config=2,10628,0,1
1781062345337,10630,Config 2,500,IGNORE,Stress Test 1-103,text,true,,233,158,254,254,http://localhost:8080/?token=494370254&user=-1356109124&config=2,10630,0,1
1781062345337,10630,Config 2,500,IGNORE,Stress Test 1-152,text,true,,233,158,254,254,http://localhost:8080/?token=494370254&user=-1356109124&config=2,10630,0,2
1781062345339,10630,Config 2,500,IGNORE,Stress Test 1-143,text,true,,233,158,254,254,http://localhost:8080/?token=494370254&user=-1356109124&config=2,10630,0,1
1781062345339,10630,Config 2,500,IGNORE,Stress Test 1-59,text,true,,233,158,254,254,http://localhost:8080/?token=494370254&user=-1356109124&config=2,10630,0,1
1781062345341,10630,Config 2,500,IGNORE,Stress Test 1-144,text,true,,233,158,254,254,http://localhost:8080/?token=494370254&user=-1356109124&config=2,10630,0,1
1781062345340,10631,Config 2,500,IGNORE,Stress Test 1-4,text,true,,233,158,254,254,http://localhost:8080/?token=494370254&user=-1356109124&config=2,10631,0,1
1781062345342,10629,Config 2,500,IGNORE,Stress Test 1-52,text,true,,233,158,254,254,http://localhost:8080/?token=494370254&user=-1356109124&config=2,10629,0,1
1781062345344,10630,Config 2,500,IGNORE,Stress Test 1-153,text,true,,233,158,254,254,http://localhost:8080/?token=494370254&user=-1356109124&config=2,10629,0,1
1781062345415,10559,Config 2,500,IGNORE,Stress Test 1-237,text,true,,233,158,254,254,http://localhost:8080/?token=494370254&user=-1356109124&config=2,10559,0,1
1781062345341,10638,Config 2,500,IGNORE,Stress Test 1-58,text,true,,233,158,254,254,http://localhost:8080/?token=494370254&user=-1356109124&config=2,10638,0,1
1781062345333,10646,Config 2,500,IGNORE,Stress Test 1-195,text,true,,233,158,254,254,http://localhost:8080/?token=494370254&user=-1356109124&config=2,10646,0,1
1781062346018,9963,Config 2,500,IGNORE,Stress Test 1-238,text,true,,233,158,254,254,http://localhost:8080/?token=494370254&user=-1356109124&config=2,9963,0,1
1781062345301,10858,Config 2,200,OK,Stress Test 1-138,text,true,,231,158,254,254,http://localhost:8080/?token=494370254&user=-1356109124&config=2,10858,0,0
1781062345312,10847,Config 2,200,OK,Stress Test 1-203,text,true,,231,158,254,254,http://localhost:8080/?token=494370254&user=-1356109124&config=2,10847,0,0
1781062345304,10855,Config 2,200,OK,Stress Test 1-170,text,true,,231,158,254,254,http://localhost:8080/?token=494370254&user=-1356109124&config=2,10855,0,0
1781062345320,10839,Config 2,200,OK,Stress Test 1-221,text,true,,231,158,254,254,http://localhost:8080/?token=494370254&user=-1356109124&config=2,10839,0,0
1781062345305,10854,Config 2,200,OK,Stress Test 1-154,text,true,,231,158,254,254,http://localhost:8080/?token=494370254&user=-1356109124&config=2,10854,0,0
1781062345294,10866,Config 2,200,OK,Stress Test 1-165,text,true,,231,158,254,254,http://localhost:8080/?token=494370254&user=-1356109124&config=2,10866,0,0
1781062345301,10860,Config 2,200,OK,Stress Test 1-140,text,true,,231,158,254,254,http://localhost:8080/?token=494370254&user=-1356109124&config=2,10860,0,0
1781062345304,10857,Config 2,200,OK,Stress Test 1-169,text,true,,231,158,254,254,http://localhost:8080/?token=494370254&user=-1356109124&config=2,10857,0,0
1781062345303,10858,Config 2,200,OK,Stress Test 1-168,text,true,,231,158,254,254,http://localhost:8080/?token=494370254&user=-1356109124&config=2,10858,0,0
1781062345305,10857,Config 2,200,OK,Stress Test 1-155,text,true,,231,158,254,254,http://localhost:8080/?token=494370254&user=-1356109124&config=2,10857,0,0
1781062345307,10856,Config 2,200,OK,Stress Test 1-180,text,true,,231,158,254,254,http://localhost:8080/?token=494370254&user=-1356109124&config=2,10856,0,0
1781062345295,10868,Config 2,200,OK,Stress Test 1-135,text,true,,231,158,254,254,http://localhost:8080/?token=494370254&user=-1356109124&config=2,10868,0,1
1781062345297,10866,Config 2,200,OK,Stress Test 1-134,text,true,,231,158,254,254,http://localhost:8080/?token=494370254&user=-1356109124&config=2,10866,0,1
1781062345291,10872,Config 2,200,OK,Stress Test 1-23,text,true,,231,158,254,254,http://localhost:8080/?token=494370254&user=-1356109124&config=2,10872,0,1
1781062346007,10158,Config 2,200,OK,Stress Test 1-105,text,true,,231,158,254,254,http://localhost:8080/?token=494370254&user=-1356109124&config=2,10158,0,0
1781062346007,10158,Config 2,200,OK,Stress Test 1-9,text,true,,231,158,254,254,http://localhost:8080/?token=494370254&user=-1356109124&config=2,10158,0,0
1781062346007,10158,Config 2,200,OK,Stress Test 1-11,text,true,,231,158,254,254,http://localhost:8080/?token=494370254&user=-1356109124&config=2,10158,0,0
1781062346009,10157,Config 2,200,OK,Stress Test 1-10,text,true,,231,158,254,254,http://localhost:8080/?token=494370254&user=-1356109124&config=2,10157,0,0
1781062346008,10158,Config 2,200,OK,Stress Test 1-108,text,true,,231,158,254,254,http://localhost:8080/?token=494370254&user=-1356109124&config=2,10158,0,0
1781062345291,10875,Config 2,200,OK,Stress Test 1-122,text,true,,231,158,254,254,http://localhost:8080/?token=494370254&user=-1356109124&config=2,10875,0,1
1781062346008,10159,Config 2,200,OK,Stress Test 1-113,text,true,,231,158,254,254,http://localhost:8080/?token=494370254&user=-1356109124&config=2,10159,0,0
1781062346008,10159,Config 2,200,OK,Stress Test 1-115,text,true,,231,158,254,254,http://localhost:8080/?token=494370254&user=-1356109124&config=2,10159,0,0
1781062346009,10158,Config 2,200,OK,Stress Test 1-1,text,true,,231,158,254,254,http://localhost:8080/?token=494370254&user=-1356109124&config=2,10158,0,0
1781062346009,10158,Config 2,200,OK,Stress Test 1-100,text,true,,231,158,254,254,http://localhost:8080/?token=494370254&user=-1356109124&config=2,10158,0,0
1781062346009,10159,Config 2,200,OK,Stress Test 1-114,text,true,,231,158,254,254,http://localhost:8080/?token=494370254&user=-1356109124&config=2,10159,0,0
1781062346009,10159,Config 2,200,OK,Stress Test 1-119,text,true,,231,158,254,254,http://localhost:8080/?token=494370254&user=-1356109124&config=2,10159,0,0
1781062346009,10159,Config 2,200,OK,Stress Test 1-118,text,true,,231,158,254,254,http://localhost:8080/?token=494370254&user=-1356109124&config=2,10159,0,0
1781062346010,10158,Config 2,200,OK,Stress Test 1-121,text,true,,231,158,254,254,http://localhost:8080/?token=494370254&user=-1356109124&config=2,10158,0,0
1781062345291,10877,Config 2,200,OK,Stress Test 1-124,text,true,,231,158,254,254,http://localhost:8080/?token=494370254&user=-1356109124&config=2,10877,0,2
1781062345294,10875,Config 2,200,OK,Stress Test 1-127,text,true,,231,158,254,254,http://localhost:8080/?token=494370254&user=-1356109124&config=2,10875,0,1
1781062345297,10872,Config 2,200,OK,Stress Test 1-128,text,true,,231,158,254,254,http://localhost:8080/?token=494370254&user=-1356109124&config=2,10872,0,1
1781062345299,10870,Config 2,200,OK,Stress Test 1-32,text,true,,231,158,254,254,http://localhost:8080/?token=494370254&user=-1356109124&config=2,10870,0,1
1781062345314,10856,Config 2,200,OK,Stress Test 1-21,text,true,,231,158,254,254,http://localhost:8080/?token=494370254&user=-1356109124&config=2,10856,0,1
1781062345316,10855,Config 2,200,OK,Stress Test 1-27,text,true,,231,158,254,254,http://localhost:8080/?token=494370254&user=-1356109124&config=2,10855,0,1
1781062345314,10857,Config 2,200,OK,Stress Test 1-20,text,true,,231,158,254,254,http://localhost:8080/?token=494370254&user=-1356109124&config=2,10857,0,1
1781062346018,10153,Config 2,200,OK,Stress Test 1-12,text,true,,231,158,254,254,http://localhost:8080/?token=494370254&user=-1356109124&config=2,10153,0,0
1781062346015,10157,Config 2,200,OK,Stress Test 1-38,text,true,,231,158,254,254,http://localhost:8080/?token=494370254&user=-1356109124&config=2,10157,0,0
1781062346023,10149,Config 2,200,OK,Stress Test 1-148,text,true,,231,158,254,254,http://localhost:8080/?token=494370254&user=-1356109124&config=2,10149,0,0
1781062346022,10150,Config 2,200,OK,Stress Test 1-130,text,true,,231,158,254,254,http://localhost:8080/?token=494370254&user=-1356109124&config=2,10150,0,0
1781062346022,10151,Config 2,200,OK,Stress Test 1-6,text,true,,231,158,254,254,http://localhost:8080/?token=494370254&user=-1356109124&config=2,10151,0,0
1781062346022,10151,Config 2,200,OK,Stress Test 1-74,text,true,,231,158,254,254,http://localhost:8080/?token=494370254&user=-1356109124&config=2,10151,0,0
1781062346016,10158,Config 2,200,OK,Stress Test 1-56,text,true,,231,158,254,254,http://localhost:8080/?token=494370254&user=-1356109124&config=2,10158,0,0
1781062346037,10138,Config 2,200,OK,Stress Test 1-139,text,true,,231,158,254,254,http://localhost:8080/?token=494370254&user=-1356109124&config=2,10138,0,0
1781062346038,10137,Config 2,200,OK,Stress Test 1-86,text,true,,231,158,254,254,http://localhost:8080/?token=494370254&user=-1356109124&config=2,10137,0,0
1781062346038,10138,Config 2,200,OK,Stress Test 1-83,text,true,,231,158,254,254,http://localhost:8080/?token=494370254&user=-1356109124&config=2,10138,0,0
1781062346008,10169,Config 2,200,OK,Stress Test 1-107,text,true,,231,158,254,254,http://localhost:8080/?token=494370254&user=-1356109124&config=2,10169,0,0
1781062346023,10155,Config 2,200,OK,Stress Test 1-93,text,true,,231,158,254,254,http://localhost:8080/?token=494370254&user=-1356109124&config=2,10155,0,0
1781062346039,10139,Config 2,200,OK,Stress Test 1-2,text,true,,231,158,254,254,http://localhost:8080/?token=494370254&user=-1356109124&config=2,10139,0,0
1781062346024,10155,Config 2,200,OK,Stress Test 1-223,text,true,,231,158,254,254,http://localhost:8080/?token=494370254&user=-1356109124&config=2,10155,0,0
1781062346024,10155,Config 2,200,OK,Stress Test 1-222,text,true,,231,158,254,254,http://localhost:8080/?token=494370254&user=-1356109124&config=2,10155,0,0
1781062346040,10139,Config 2,200,OK,Stress Test 1-112,text,true,,231,158,254,254,http://localhost:8080/?token=494370254&user=-1356109124&config=2,10139,0,0
1781062346025,10154,Config 2,200,OK,Stress Test 1-91,text,true,,231,158,254,254,http://localhost:8080/?token=494370254&user=-1356109124&config=2,10154,0,0
1781062346040,10140,Config 2,200,OK,Stress Test 1-65,text,true,,231,158,254,254,http://localhost:8080/?token=494370254&user=-1356109124&config=2,10140,0,0
1781062346040,10140,Config 2,200,OK,Stress Test 1-149,text,true,,231,158,254,254,http://localhost:8080/?token=494370254&user=-1356109124&config=2,10140,0,0
1781062346010,10170,Config 2,200,OK,Stress Test 1-62,text,true,,231,158,254,254,http://localhost:8080/?token=494370254&user=-1356109124&config=2,10170,0,0
1781062346044,10137,Config 2,200,OK,Stress Test 1-158,text,true,,231,158,254,254,http://localhost:8080/?token=494370254&user=-1356109124&config=2,10137,0,0
1781062346043,10138,Config 2,200,OK,Stress Test 1-157,text,true,,231,158,254,254,http://localhost:8080/?token=494370254&user=-1356109124&config=2,10138,0,0
1781062346011,10170,Config 2,200,OK,Stress Test 1-7,text,true,,231,158,254,254,http://localhost:8080/?token=494370254&user=-1356109124&config=2,10170,0,0
1781062346018,10164,Config 2,200,OK,Stress Test 1-8,text,true,,231,158,254,254,http://localhost:8080/?token=494370254&user=-1356109124&config=2,10164,0,0
1781062346025,10157,Config 2,200,OK,Stress Test 1-182,text,true,,231,158,254,254,http://localhost:8080/?token=494370254&user=-1356109124&config=2,10157,0,0
1781062346020,10162,Config 2,200,OK,Stress Test 1-159,text,true,,231,158,254,254,http://localhost:8080/?token=494370254&user=-1356109124&config=2,10162,0,0
1781062346020,10163,Config 2,200,OK,Stress Test 1-84,text,true,,231,158,254,254,http://localhost:8080/?token=494370254&user=-1356109124&config=2,10163,0,0
1781062346015,10169,Config 2,200,OK,Stress Test 1-61,text,true,,231,158,254,254,http://localhost:8080/?token=494370254&user=-1356109124&config=2,10169,0,0
1781062346016,10168,Config 2,200,OK,Stress Test 1-33,text,true,,231,158,254,254,http://localhost:8080/?token=494370254&user=-1356109124&config=2,10168,0,0
1781062346037,10147,Config 2,200,OK,Stress Test 1-207,text,true,,231,158,254,254,http://localhost:8080/?token=494370254&user=-1356109124&config=2,10147,0,0
1781062346017,10167,Config 2,200,OK,Stress Test 1-79,text,true,,231,158,254,254,http://localhost:8080/?token=494370254&user=-1356109124&config=2,10167,0,0
1781062346017,10168,Config 2,200,OK,Stress Test 1-77,text,true,,231,158,254,254,http://localhost:8080/?token=494370254&user=-1356109124&config=2,10168,0,0
1781062346038,10147,Config 2,200,OK,Stress Test 1-68,text,true,,231,158,254,254,http://localhost:8080/?token=494370254&user=-1356109124&config=2,10147,0,0
1781062346038,10147,Config 2,200,OK,Stress Test 1-5,text,true,,231,158,254,254,http://localhost:8080/?token=494370254&user=-1356109124&config=2,10147,0,0
1781062346039,10147,Config 2,200,OK,Stress Test 1-95,text,true,,231,158,254,254,http://localhost:8080/?token=494370254&user=-1356109124&config=2,10147,0,0
1781062346039,10147,Config 2,200,OK,Stress Test 1-31,text,true,,231,158,254,254,http://localhost:8080/?token=494370254&user=-1356109124&config=2,10147,0,0
1781062346040,10146,Config 2,200,OK,Stress Test 1-14,text,true,,231,158,254,254,http://localhost:8080/?token=494370254&user=-1356109124&config=2,10146,0,0
1781062346040,10146,Config 2,200,OK,Stress Test 1-101,text,true,,231,158,254,254,http://localhost:8080/?token=494370254&user=-1356109124&config=2,10146,0,0
1781062346040,10146,Config 2,200,OK,Stress Test 1-206,text,true,,231,158,254,254,http://localhost:8080/?token=494370254&user=-1356109124&config=2,10146,0,0
1781062346041,10145,Config 2,200,OK,Stress Test 1-146,text,true,,231,158,254,254,http://localhost:8080/?token=494370254&user=-1356109124&config=2,10145,0,0
1781062346041,10146,Config 2,200,OK,Stress Test 1-43,text,true,,231,158,254,254,http://localhost:8080/?token=494370254&user=-1356109124&config=2,10146,0,0
1781062346017,10170,Config 2,200,OK,Stress Test 1-44,text,true,,231,158,254,254,http://localhost:8080/?token=494370254&user=-1356109124&config=2,10170,0,0
1781062346041,10148,Config 2,200,OK,Stress Test 1-81,text,true,,231,158,254,254,http://localhost:8080/?token=494370254&user=-1356109124&config=2,10148,0,0
1781062346041,10149,Config 2,200,OK,Stress Test 1-110,text,true,,231,158,254,254,http://localhost:8080/?token=494370254&user=-1356109124&config=2,10149,0,0
1781062346041,10149,Config 2,200,OK,Stress Test 1-28,text,true,,231,158,254,254,http://localhost:8080/?token=494370254&user=-1356109124&config=2,10149,0,0
1781062346041,10149,Config 2,200,OK,Stress Test 1-46,text,true,,231,158,254,254,http://localhost:8080/?token=494370254&user=-1356109124&config=2,10149,0,0
1781062346042,10148,Config 2,200,OK,Stress Test 1-35,text,true,,231,158,254,254,http://localhost:8080/?token=494370254&user=-1356109124&config=2,10148,0,0
1781062346042,10149,Config 2,200,OK,Stress Test 1-161,text,true,,231,158,254,254,http://localhost:8080/?token=494370254&user=-1356109124&config=2,10149,0,0
1781062346042,10149,Config 2,200,OK,Stress Test 1-34,text,true,,231,158,254,254,http://localhost:8080/?token=494370254&user=-1356109124&config=2,10149,0,0
1781062346044,10147,Config 2,200,OK,Stress Test 1-172,text,true,,231,158,254,254,http://localhost:8080/?token=494370254&user=-1356109124&config=2,10147,0,0
1781062346045,10147,Config 2,200,OK,Stress Test 1-26,text,true,,231,158,254,254,http://localhost:8080/?token=494370254&user=-1356109124&config=2,10147,0,0
1781062346011,10180,Config 2,200,OK,Stress Test 1-13,text,true,,231,158,254,254,http://localhost:8080/?token=494370254&user=-1356109124&config=2,10180,0,0
1781062346046,10146,Config 2,200,OK,Stress Test 1-193,text,true,,231,158,254,254,http://localhost:8080/?token=494370254&user=-1356109124&config=2,10146,0,0
1781062346045,10147,Config 2,200,OK,Stress Test 1-30,text,true,,231,158,254,254,http://localhost:8080/?token=494370254&user=-1356109124&config=2,10147,0,0
1781062346046,10146,Config 2,200,OK,Stress Test 1-36,text,true,,231,158,254,254,http://localhost:8080/?token=494370254&user=-1356109124&config=2,10146,0,0
1781062346047,10146,Config 2,200,OK,Stress Test 1-181,text,true,,231,158,254,254,http://localhost:8080/?token=494370254&user=-1356109124&config=2,10146,0,0
1781062346047,10146,Config 2,200,OK,Stress Test 1-19,text,true,,231,158,254,254,http://localhost:8080/?token=494370254&user=-1356109124&config=2,10146,0,0
1781062346046,10147,Config 2,200,OK,Stress Test 1-48,text,true,,231,158,254,254,http://localhost:8080/?token=494370254&user=-1356109124&config=2,10147,0,0
1781062346012,10182,Config 2,200,OK,Stress Test 1-75,text,true,,231,158,254,254,http://localhost:8080/?token=494370254&user=-1356109124&config=2,10182,0,0
1781062346019,10175,Config 2,200,OK,Stress Test 1-17,text,true,,231,158,254,254,http://localhost:8080/?token=494370254&user=-1356109124&config=2,10175,0,0
1781062346012,10182,Config 2,200,OK,Stress Test 1-73,text,true,,231,158,254,254,http://localhost:8080/?token=494370254&user=-1356109124&config=2,10182,0,0
1781062346014,10181,Config 2,200,OK,Stress Test 1-57,text,true,,231,158,254,254,http://localhost:8080/?token=494370254&user=-1356109124&config=2,10181,0,0
1781062346016,10179,Config 2,200,OK,Stress Test 1-123,text,true,,231,158,254,254,http://localhost:8080/?token=494370254&user=-1356109124&config=2,10179,0,0
1781062346037,10158,Config 2,200,OK,Stress Test 1-208,text,true,,231,158,254,254,http://localhost:8080/?token=494370254&user=-1356109124&config=2,10158,0,0
1781062346038,10158,Config 2,200,OK,Stress Test 1-171,text,true,,231,158,254,254,http://localhost:8080/?token=494370254&user=-1356109124&config=2,10158,0,0
1781062346039,10157,Config 2,200,OK,Stress Test 1-96,text,true,,231,158,254,254,http://localhost:8080/?token=494370254&user=-1356109124&config=2,10157,0,0
1781062346017,10179,Config 2,200,OK,Stress Test 1-102,text,true,,231,158,254,254,http://localhost:8080/?token=494370254&user=-1356109124&config=2,10179,0,0
1781062346039,10158,Config 2,200,OK,Stress Test 1-24,text,true,,231,158,254,254,http://localhost:8080/?token=494370254&user=-1356109124&config=2,10158,0,0
1781062346040,10157,Config 2,200,OK,Stress Test 1-194,text,true,,231,158,254,254,http://localhost:8080/?token=494370254&user=-1356109124&config=2,10157,0,0
1781062346040,10157,Config 2,200,OK,Stress Test 1-41,text,true,,231,158,254,254,http://localhost:8080/?token=494370254&user=-1356109124&config=2,10157,0,0
1781062346042,10156,Config 2,200,OK,Stress Test 1-45,text,true,,231,158,254,254,http://localhost:8080/?token=494370254&user=-1356109124&config=2,10156,0,0
1781062346041,10157,Config 2,200,OK,Stress Test 1-160,text,true,,231,158,254,254,http://localhost:8080/?token=494370254&user=-1356109124&config=2,10157,0,0
1781062346042,10157,Config 2,200,OK,Stress Test 1-88,text,true,,231,158,254,254,http://localhost:8080/?token=494370254&user=-1356109124&config=2,10157,0,0
1781062346042,10157,Config 2,200,OK,Stress Test 1-54,text,true,,231,158,254,254,http://localhost:8080/?token=494370254&user=-1356109124&config=2,10157,0,0
1781062346010,10189,Config 2,200,OK,Stress Test 1-98,text,true,,231,158,254,254,http://localhost:8080/?token=494370254&user=-1356109124&config=2,10189,0,0
1781062346011,10189,Config 2,200,OK,Stress Test 1-66,text,true,,231,158,254,254,http://localhost:8080/?token=494370254&user=-1356109124&config=2,10189,0,0
1781062346010,10190,Config 2,200,OK,Stress Test 1-51,text,true,,231,158,254,254,http://localhost:8080/?token=494370254&user=-1356109124&config=2,10190,0,0
1781062346042,10158,Config 2,200,OK,Stress Test 1-53,text,true,,231,158,254,254,http://localhost:8080/?token=494370254&user=-1356109124&config=2,10158,0,0
1781062346044,10156,Config 2,200,OK,Stress Test 1-47,text,true,,231,158,254,254,http://localhost:8080/?token=494370254&user=-1356109124&config=2,10156,0,0
1781062346046,10155,Config 2,200,OK,Stress Test 1-104,text,true,,231,158,254,254,http://localhost:8080/?token=494370254&user=-1356109124&config=2,10155,0,0
1781062346045,10156,Config 2,200,OK,Stress Test 1-133,text,true,,231,158,254,254,http://localhost:8080/?token=494370254&user=-1356109124&config=2,10156,0,0
1781062346046,10155,Config 2,200,OK,Stress Test 1-50,text,true,,231,158,254,254,http://localhost:8080/?token=494370254&user=-1356109124&config=2,10155,0,0
1781062346019,10182,Config 2,200,OK,Stress Test 1-15,text,true,,231,158,254,254,http://localhost:8080/?token=494370254&user=-1356109124&config=2,10182,0,0
1781062346046,10155,Config 2,200,OK,Stress Test 1-111,text,true,,231,158,254,254,http://localhost:8080/?token=494370254&user=-1356109124&config=2,10155,0,0
1781062346012,10190,Config 2,200,OK,Stress Test 1-76,text,true,,231,158,254,254,http://localhost:8080/?token=494370254&user=-1356109124&config=2,10190,0,0
1781062346020,10182,Config 2,200,OK,Stress Test 1-71,text,true,,231,158,254,254,http://localhost:8080/?token=494370254&user=-1356109124&config=2,10182,0,0
1781062345316,10951,Config 2,200,OK,Stress Test 1-18,text,true,,231,158,255,255,http://localhost:8080/?token=494370254&user=-1356109124&config=2,10951,0,1
1781062345318,10949,Config 2,200,OK,Stress Test 1-131,text,true,,231,158,255,255,http://localhost:8080/?token=494370254&user=-1356109124&config=2,10949,0,1
1781062345321,10946,Config 2,200,OK,Stress Test 1-78,text,true,,231,158,255,255,http://localhost:8080/?token=494370254&user=-1356109124&config=2,10946,0,1
1781062345321,10946,Config 2,200,OK,Stress Test 1-80,text,true,,231,158,255,255,http://localhost:8080/?token=494370254&user=-1356109124&config=2,10946,0,1
1781062345324,10944,Config 2,200,OK,Stress Test 1-40,text,true,,231,158,255,255,http://localhost:8080/?token=494370254&user=-1356109124&config=2,10944,0,1
1781062345324,10944,Config 2,200,OK,Stress Test 1-141,text,true,,231,158,255,255,http://localhost:8080/?token=494370254&user=-1356109124&config=2,10944,0,1
1781062345327,10941,Config 2,200,OK,Stress Test 1-132,text,true,,231,158,255,255,http://localhost:8080/?token=494370254&user=-1356109124&config=2,10941,0,1
1781062345327,10941,Config 2,200,OK,Stress Test 1-3,text,true,,231,158,255,255,http://localhost:8080/?token=494370254&user=-1356109124&config=2,10941,0,1
1781062345327,10941,Config 2,200,OK,Stress Test 1-60,text,true,,231,158,255,255,http://localhost:8080/?token=494370254&user=-1356109124&config=2,10941,0,1
1781062345329,10939,Config 2,200,OK,Stress Test 1-70,text,true,,231,158,255,255,http://localhost:8080/?token=494370254&user=-1356109124&config=2,10939,0,1
1781062345329,10939,Config 2,200,OK,Stress Test 1-117,text,true,,231,158,255,255,http://localhost:8080/?token=494370254&user=-1356109124&config=2,10939,0,1
1781062354276,4631,Config 2,200,OK,Stress Test 1-64,text,true,,231,158,259,259,http://localhost:8080/?token=494370254&user=-1356109124&config=2,4631,0,0
1781062346425,12481,Config 2,200,OK,Stress Test 1-183,text,true,,231,158,259,259,http://localhost:8080/?token=494370254&user=-1356109124&config=2,12481,0,0
1781062354276,4631,Config 2,200,OK,Stress Test 1-72,text,true,,231,158,259,259,http://localhost:8080/?token=494370254&user=-1356109124&config=2,4631,0,0
1781062346428,12478,Config 2,200,OK,Stress Test 1-173,text,true,,231,158,259,259,http://localhost:8080/?token=494370254&user=-1356109124&config=2,12478,0,0
1781062354276,4631,Config 2,200,OK,Stress Test 1-192,text,true,,231,158,259,259,http://localhost:8080/?token=494370254&user=-1356109124&config=2,4631,0,0
1781062354278,4629,Config 2,200,OK,Stress Test 1-225,text,true,,231,158,259,259,http://localhost:8080/?token=494370254&user=-1356109124&config=2,4629,0,0
1781062346610,12296,Config 2,200,OK,Stress Test 1-239,text,true,,231,158,259,259,http://localhost:8080/?token=494370254&user=-1356109124&config=2,12296,0,1
1781062349006,9901,Config 2,200,OK,Stress Test 1-243,text,true,,231,158,259,259,http://localhost:8080/?token=494370254&user=-1356109124&config=2,9901,0,1
1781062347818,11089,Config 2,200,OK,Stress Test 1-241,text,true,,231,158,259,259,http://localhost:8080/?token=494370254&user=-1356109124&config=2,11089,0,1
1781062347215,11691,Config 2,200,OK,Stress Test 1-240,text,true,,231,158,259,259,http://localhost:8080/?token=494370254&user=-1356109124&config=2,11691,0,1
1781062349621,9286,Config 2,200,OK,Stress Test 1-244,text,true,,231,158,259,259,http://localhost:8080/?token=494370254&user=-1356109124&config=2,9286,0,2
1781062350817,8090,Config 2,200,OK,Stress Test 1-246,text,true,,231,158,259,259,http://localhost:8080/?token=494370254&user=-1356109124&config=2,8090,0,1
1781062348409,10498,Config 2,200,OK,Stress Test 1-242,text,true,,231,158,259,259,http://localhost:8080/?token=494370254&user=-1356109124&config=2,10498,0,1
1781062350217,8690,Config 2,200,OK,Stress Test 1-245,text,true,,231,158,259,259,http://localhost:8080/?token=494370254&user=-1356109124&config=2,8690,0,2
1781062351411,7496,Config 2,200,OK,Stress Test 1-247,text,true,,231,158,259,259,http://localhost:8080/?token=494370254&user=-1356109124&config=2,7496,0,1
1781062354281,4631,Config 2,200,OK,Stress Test 1-209,text,true,,231,158,259,259,http://localhost:8080/?token=494370254&user=-1356109124&config=2,4631,0,0
1781062354281,4631,Config 2,200,OK,Stress Test 1-184,text,true,,231,158,259,259,http://localhost:8080/?token=494370254&user=-1356109124&config=2,4631,0,0
1781062354282,4630,Config 2,200,OK,Stress Test 1-177,text,true,,231,158,259,259,http://localhost:8080/?token=494370254&user=-1356109124&config=2,4630,0,0
1781062354283,4629,Config 2,200,OK,Stress Test 1-212,text,true,,231,158,259,259,http://localhost:8080/?token=494370254&user=-1356109124&config=2,4629,0,0
1781062354279,4634,Config 2,200,OK,Stress Test 1-226,text,true,,231,158,259,259,http://localhost:8080/?token=494370254&user=-1356109124&config=2,4634,0,0
1781062354278,4634,Config 2,200,OK,Stress Test 1-224,text,true,,231,158,259,259,http://localhost:8080/?token=494370254&user=-1356109124&config=2,4634,0,0
1781062354279,4634,Config 2,200,OK,Stress Test 1-227,text,true,,231,158,259,259,http://localhost:8080/?token=494370254&user=-1356109124&config=2,4634,0,0
1781062354281,5047,Config 2,200,OK,Stress Test 1-163,text,true,,231,158,260,260,http://localhost:8080/?token=494370254&user=-1356109124&config=2,5047,0,0
1781062354281,5047,Config 2,200,OK,Stress Test 1-185,text,true,,231,158,260,260,http://localhost:8080/?token=494370254&user=-1356109124&config=2,5047,0,0
1781062354282,5046,Config 2,200,OK,Stress Test 1-210,text,true,,231,158,260,260,http://localhost:8080/?token=494370254&user=-1356109124&config=2,5046,0,0
1781062354282,5046,Config 2,200,OK,Stress Test 1-211,text,true,,231,158,260,260,http://localhost:8080/?token=494370254&user=-1356109124&config=2,5046,0,0
1781062354283,5046,Config 2,200,OK,Stress Test 1-178,text,true,,231,158,260,260,http://localhost:8080/?token=494370254&user=-1356109124&config=2,5045,0,0
1781062354280,5049,Config 2,200,OK,Stress Test 1-228,text,true,,231,158,260,260,http://localhost:8080/?token=494370254&user=-1356109124&config=2,5049,0,0
1781062354286,5043,Config 2,200,OK,Stress Test 1-231,text,true,,231,158,260,260,http://localhost:8080/?token=494370254&user=-1356109124&config=2,5043,0,0
1781062354286,5043,Config 2,200,OK,Stress Test 1-232,text,true,,231,158,260,260,http://localhost:8080/?token=494370254&user=-1356109124&config=2,5043,0,0
1781062354286,5043,Config 2,200,OK,Stress Test 1-233,text,true,,231,158,260,260,http://localhost:8080/?token=494370254&user=-1356109124&config=2,5043,0,0
1781062354285,5044,Config 2,200,OK,Stress Test 1-230,text,true,,231,158,260,260,http://localhost:8080/?token=494370254&user=-1356109124&config=2,5044,0,0
1781062354285,5044,Config 2,200,OK,Stress Test 1-229,text,true,,231,158,260,260,http://localhost:8080/?token=494370254&user=-1356109124&config=2,5044,0,0
1781062354287,5042,Config 2,200,OK,Stress Test 1-236,text,true,,231,158,260,260,http://localhost:8080/?token=494370254&user=-1356109124&config=2,5042,0,0
1781062354287,5042,Config 2,200,OK,Stress Test 1-235,text,true,,231,158,260,260,http://localhost:8080/?token=494370254&user=-1356109124&config=2,5042,0,0
1781062354287,5042,Config 2,200,OK,Stress Test 1-234,text,true,,231,158,260,260,http://localhost:8080/?token=494370254&user=-1356109124&config=2,5042,0,0
1781062354289,8720,Config 2,200,OK,Stress Test 1-213,text,true,,231,158,266,266,http://localhost:8080/?token=494370254&user=-1356109124&config=2,8720,0,0
1781062354402,8612,Config 2,200,OK,Stress Test 1-164,text,true,,231,158,266,266,http://localhost:8080/?token=494370254&user=-1356109124&config=2,8612,0,0
1781062354288,8726,Config 2,200,OK,Stress Test 1-174,text,true,,231,158,266,266,http://localhost:8080/?token=494370254&user=-1356109124&config=2,8726,0,0
1781062354748,8266,Config 2,200,OK,Stress Test 1-55,text,true,,231,158,266,266,http://localhost:8080/?token=494370254&user=-1356109124&config=2,8266,0,0
1781062354289,8725,Config 2,200,OK,Stress Test 1-186,text,true,,231,158,266,266,http://localhost:8080/?token=494370254&user=-1356109124&config=2,8725,0,0
1781062354288,8726,Config 2,200,OK,Stress Test 1-175,text,true,,231,158,266,266,http://localhost:8080/?token=494370254&user=-1356109124&config=2,8726,0,0
1781062354290,8724,Config 2,200,OK,Stress Test 1-188,text,true,,231,158,266,266,http://localhost:8080/?token=494370254&user=-1356109124&config=2,8724,0,0
1781062354290,8724,Config 2,200,OK,Stress Test 1-189,text,true,,231,158,266,266,http://localhost:8080/?token=494370254&user=-1356109124&config=2,8724,0,0
1781062354290,8725,Config 2,200,OK,Stress Test 1-190,text,true,,231,158,266,266,http://localhost:8080/?token=494370254&user=-1356109124&config=2,8725,0,0
1781062354292,8723,Config 2,200,OK,Stress Test 1-214,text,true,,231,158,266,266,http://localhost:8080/?token=494370254&user=-1356109124&config=2,8723,0,0
1781062354293,8722,Config 2,200,OK,Stress Test 1-217,text,true,,231,158,266,266,http://localhost:8080/?token=494370254&user=-1356109124&config=2,8722,0,0
1781062354292,8723,Config 2,200,OK,Stress Test 1-216,text,true,,231,158,266,266,http://localhost:8080/?token=494370254&user=-1356109124&config=2,8723,0,0
1781062354292,8723,Config 2,200,OK,Stress Test 1-215,text,true,,231,158,266,266,http://localhost:8080/?token=494370254&user=-1356109124&config=2,8723,0,0
1781062354689,8326,Config 2,200,OK,Stress Test 1-85,text,true,,231,158,266,266,http://localhost:8080/?token=494370254&user=-1356109124&config=2,8326,0,0
1781062354294,8721,Config 2,200,OK,Stress Test 1-218,text,true,,231,158,266,266,http://localhost:8080/?token=494370254&user=-1356109124&config=2,8721,0,0
1781062354295,8720,Config 2,200,OK,Stress Test 1-219,text,true,,231,158,266,266,http://localhost:8080/?token=494370254&user=-1356109124&config=2,8720,0,0
1781062352612,11441,Config 2,200,OK,Stress Test 1-249,text,true,,231,158,268,268,http://localhost:8080/?token=494370254&user=-1356109124&config=2,11441,0,1
1781062354843,9211,Config 2,200,OK,Stress Test 1-49,text,true,,231,158,268,268,http://localhost:8080/?token=494370254&user=-1356109124&config=2,9211,0,0
1781062352007,12046,Config 2,200,OK,Stress Test 1-248,text,true,,231,158,268,268,http://localhost:8080/?token=494370254&user=-1356109124&config=2,12046,0,1
1781062353222,10831,Config 2,200,OK,Stress Test 1-250,text,true,,231,158,268,268,http://localhost:8080/?token=494370254&user=-1356109124&config=2,10831,0,1
1781062354909,9146,Config 2,200,OK,Stress Test 1-198,text,true,,231,158,268,268,http://localhost:8080/?token=494370254&user=-1356109124&config=2,9146,0,0
1781062353814,10241,Config 2,200,OK,Stress Test 1-251,text,true,,231,158,268,268,http://localhost:8080/?token=494370254&user=-1356109124&config=2,10241,0,1
1781062354606,9451,Config 2,200,OK,Stress Test 1-145,text,true,,231,158,268,268,http://localhost:8080/?token=494370254&user=-1356109124&config=2,9451,0,2
1781062354421,9636,Config 2,200,OK,Stress Test 1-252,text,true,,231,158,268,268,http://localhost:8080/?token=494370254&user=-1356109124&config=2,9636,0,0
1781062355939,8119,Config 2,200,OK,Stress Test 1-69,text,true,,231,158,268,268,http://localhost:8080/?token=494370254&user=-1356109124&config=2,8119,0,1
1781062355622,8436,Config 2,200,OK,Stress Test 1-254,text,true,,231,158,268,268,http://localhost:8080/?token=494370254&user=-1356109124&config=2,8436,0,1
1781062354281,9778,Config 2,200,OK,Stress Test 1-136,text,true,,231,158,268,268,http://localhost:8080/?token=494370254&user=-1356109124&config=2,9778,0,2
1781062356166,7893,Config 2,200,OK,Stress Test 1-11,text,true,,231,158,268,268,http://localhost:8080/?token=494370254&user=-1356109124&config=2,7893,0,0
1781062354288,9771,Config 2,200,OK,Stress Test 1-137,text,true,,231,158,268,268,http://localhost:8080/?token=494370254&user=-1356109124&config=2,9771,0,1
1781062356167,7893,Config 2,200,OK,Stress Test 1-122,text,true,,231,158,268,268,http://localhost:8080/?token=494370254&user=-1356109124&config=2,7893,0,0
1781062356163,7897,Config 2,200,OK,Stress Test 1-168,text,true,,231,158,268,268,http://localhost:8080/?token=494370254&user=-1356109124&config=2,7897,0,0
1781062356162,7898,Config 2,200,OK,Stress Test 1-165,text,true,,231,158,268,268,http://localhost:8080/?token=494370254&user=-1356109124&config=2,7898,0,0
1781062356163,7898,Config 2,200,OK,Stress Test 1-169,text,true,,231,158,268,268,http://localhost:8080/?token=494370254&user=-1356109124&config=2,7898,0,0
1781062356161,7901,Config 2,200,OK,Stress Test 1-170,text,true,,231,158,268,268,http://localhost:8080/?token=494370254&user=-1356109124&config=2,7901,0,0
1781062356164,7898,Config 2,200,OK,Stress Test 1-155,text,true,,231,158,268,268,http://localhost:8080/?token=494370254&user=-1356109124&config=2,7898,0,0
1781062356164,7898,Config 2,200,OK,Stress Test 1-180,text,true,,231,158,268,268,http://localhost:8080/?token=494370254&user=-1356109124&config=2,7898,0,0
1781062356167,7896,Config 2,200,OK,Stress Test 1-108,text,true,,231,158,268,268,http://localhost:8080/?token=494370254&user=-1356109124&config=2,7896,0,0
1781062356160,7903,Config 2,200,OK,Stress Test 1-203,text,true,,231,158,268,268,http://localhost:8080/?token=494370254&user=-1356109124&config=2,7903,0,0
1781062356167,7897,Config 2,200,OK,Stress Test 1-10,text,true,,231,158,268,268,http://localhost:8080/?token=494370254&user=-1356109124&config=2,7897,0,0
1781062355939,8125,Config 2,200,OK,Stress Test 1-99,text,true,,231,158,268,268,http://localhost:8080/?token=494370254&user=-1356109124&config=2,8125,0,1
1781062356168,7896,Config 2,200,OK,Stress Test 1-113,text,true,,231,158,268,268,http://localhost:8080/?token=494370254&user=-1356109124&config=2,7896,0,0
1781062356161,7903,Config 2,200,OK,Stress Test 1-221,text,true,,231,158,268,268,http://localhost:8080/?token=494370254&user=-1356109124&config=2,7903,0,0
1781062356169,7896,Config 2,200,OK,Stress Test 1-100,text,true,,231,158,268,268,http://localhost:8080/?token=494370254&user=-1356109124&config=2,7896,0,0
1781062354909,9156,Config 2,200,OK,Stress Test 1-142,text,true,,231,158,268,268,http://localhost:8080/?token=494370254&user=-1356109124&config=2,9156,0,1
1781062356169,7896,Config 2,200,OK,Stress Test 1-114,text,true,,231,158,268,268,http://localhost:8080/?token=494370254&user=-1356109124&config=2,7896,0,0
1781062356170,7896,Config 2,200,OK,Stress Test 1-118,text,true,,231,158,268,268,http://localhost:8080/?token=494370254&user=-1356109124&config=2,7896,0,0
1781062355023,9043,Config 2,200,OK,Stress Test 1-253,text,true,,231,158,268,268,http://localhost:8080/?token=494370254&user=-1356109124&config=2,9043,0,2
1781062356165,7901,Config 2,200,OK,Stress Test 1-23,text,true,,231,158,268,268,http://localhost:8080/?token=494370254&user=-1356109124&config=2,7901,0,0
1781062356171,7896,Config 2,200,OK,Stress Test 1-127,text,true,,231,158,268,268,http://localhost:8080/?token=494370254&user=-1356109124&config=2,7896,0,0
1781062356170,7897,Config 2,200,OK,Stress Test 1-124,text,true,,231,158,268,268,http://localhost:8080/?token=494370254&user=-1356109124&config=2,7897,0,0
1781062356165,7903,Config 2,200,OK,Stress Test 1-135,text,true,,231,158,268,268,http://localhost:8080/?token=494370254&user=-1356109124&config=2,7903,0,0
1781062356165,7903,Config 2,200,OK,Stress Test 1-134,text,true,,231,158,268,268,http://localhost:8080/?token=494370254&user=-1356109124&config=2,7903,0,0
1781062356171,7897,Config 2,200,OK,Stress Test 1-32,text,true,,231,158,268,268,http://localhost:8080/?token=494370254&user=-1356109124&config=2,7897,0,0
1781062356172,7897,Config 2,200,OK,Stress Test 1-20,text,true,,231,158,268,268,http://localhost:8080/?token=494370254&user=-1356109124&config=2,7897,0,0
1781062356166,7903,Config 2,200,OK,Stress Test 1-9,text,true,,231,158,268,268,http://localhost:8080/?token=494370254&user=-1356109124&config=2,7903,0,0
1781062356166,7904,Config 2,200,OK,Stress Test 1-105,text,true,,231,158,268,268,http://localhost:8080/?token=494370254&user=-1356109124&config=2,7904,0,0
1781062356178,7893,Config 2,200,OK,Stress Test 1-107,text,true,,231,158,268,268,http://localhost:8080/?token=494370254&user=-1356109124&config=2,7893,0,0
1781062356176,7895,Config 2,200,OK,Stress Test 1-56,text,true,,231,158,268,268,http://localhost:8080/?token=494370254&user=-1356109124&config=2,7895,0,0
1781062356180,7892,Config 2,200,OK,Stress Test 1-112,text,true,,231,158,268,268,http://localhost:8080/?token=494370254&user=-1356109124&config=2,7892,0,0
1781062356182,7890,Config 2,200,OK,Stress Test 1-149,text,true,,231,158,268,268,http://localhost:8080/?token=494370254&user=-1356109124&config=2,7890,0,0
1781062356168,7905,Config 2,200,OK,Stress Test 1-1,text,true,,231,158,268,268,http://localhost:8080/?token=494370254&user=-1356109124&config=2,7905,0,0
1781062356168,7905,Config 2,200,OK,Stress Test 1-115,text,true,,231,158,268,268,http://localhost:8080/?token=494370254&user=-1356109124&config=2,7905,0,0
1781062356170,7903,Config 2,200,OK,Stress Test 1-121,text,true,,231,158,268,268,http://localhost:8080/?token=494370254&user=-1356109124&config=2,7903,0,0
1781062356169,7904,Config 2,200,OK,Stress Test 1-119,text,true,,231,158,268,268,http://localhost:8080/?token=494370254&user=-1356109124&config=2,7904,0,0
1781062356183,7890,Config 2,200,OK,Stress Test 1-157,text,true,,231,158,268,268,http://localhost:8080/?token=494370254&user=-1356109124&config=2,7890,0,0
1781062356183,7891,Config 2,200,OK,Stress Test 1-158,text,true,,231,158,268,268,http://localhost:8080/?token=494370254&user=-1356109124&config=2,7891,0,0
1781062356172,7902,Config 2,200,OK,Stress Test 1-21,text,true,,231,158,268,268,http://localhost:8080/?token=494370254&user=-1356109124&config=2,7902,0,0
1781062356171,7903,Config 2,200,OK,Stress Test 1-128,text,true,,231,158,268,268,http://localhost:8080/?token=494370254&user=-1356109124&config=2,7903,0,0
1781062356172,7903,Config 2,200,OK,Stress Test 1-27,text,true,,231,158,268,268,http://localhost:8080/?token=494370254&user=-1356109124&config=2,7903,0,0
1781062356173,7906,Config 2,200,OK,Stress Test 1-38,text,true,,231,158,268,268,http://localhost:8080/?token=494370254&user=-1356109124&config=2,7906,0,0
1781062356270,7809,Config 2,500,IGNORE,Stress Test 1-80,text,true,,233,158,268,268,http://localhost:8080/?token=494370254&user=-1356109124&config=2,7809,0,0
1781062356269,7810,Config 2,500,IGNORE,Stress Test 1-18,text,true,,233,158,268,268,http://localhost:8080/?token=494370254&user=-1356109124&config=2,7810,0,0
1781062355941,8139,Config 2,500,IGNORE,Stress Test 1-94,text,true,,233,158,268,268,http://localhost:8080/?token=494370254&user=-1356109124&config=2,8139,0,1
1781062355942,8139,Config 2,500,IGNORE,Stress Test 1-150,text,true,,233,158,268,268,http://localhost:8080/?token=494370254&user=-1356109124&config=2,8139,0,1
1781062355951,8130,Config 2,500,IGNORE,Stress Test 1-42,text,true,,233,158,268,268,http://localhost:8080/?token=494370254&user=-1356109124&config=2,8130,0,1
1781062356180,7902,Config 2,200,OK,Stress Test 1-222,text,true,,231,158,268,268,http://localhost:8080/?token=494370254&user=-1356109124&config=2,7902,0,0
1781062356182,7901,Config 2,200,OK,Stress Test 1-65,text,true,,231,158,268,268,http://localhost:8080/?token=494370254&user=-1356109124&config=2,7901,0,0
1781062355949,8134,Config 2,500,IGNORE,Stress Test 1-147,text,true,,233,158,268,268,http://localhost:8080/?token=494370254&user=-1356109124&config=2,8132,0,1
1781062355962,8122,Config 2,500,IGNORE,Stress Test 1-29,text,true,,233,158,268,268,http://localhost:8080/?token=494370254&user=-1356109124&config=2,8121,0,1
1781062355961,8123,Config 2,500,IGNORE,Stress Test 1-16,text,true,,233,158,268,268,http://localhost:8080/?token=494370254&user=-1356109124&config=2,8122,0,0
1781062355958,8126,Config 2,500,IGNORE,Stress Test 1-63,text,true,,233,158,268,268,http://localhost:8080/?token=494370254&user=-1356109124&config=2,8125,0,1
1781062355961,8123,Config 2,500,IGNORE,Stress Test 1-22,text,true,,233,158,268,268,http://localhost:8080/?token=494370254&user=-1356109124&config=2,8122,0,0
1781062355959,8125,Config 2,500,IGNORE,Stress Test 1-129,text,true,,233,158,268,268,http://localhost:8080/?token=494370254&user=-1356109124&config=2,8124,0,0
1781062355958,8126,Config 2,500,IGNORE,Stress Test 1-106,text,true,,233,158,268,268,http://localhost:8080/?token=494370254&user=-1356109124&config=2,8125,0,1
1781062355953,8131,Config 2,500,IGNORE,Stress Test 1-39,text,true,,233,158,268,268,http://localhost:8080/?token=494370254&user=-1356109124&config=2,8130,0,2
1781062355951,8133,Config 2,500,IGNORE,Stress Test 1-151,text,true,,233,158,268,268,http://localhost:8080/?token=494370254&user=-1356109124&config=2,8131,0,1
1781062355963,8121,Config 2,500,IGNORE,Stress Test 1-109,text,true,,233,158,268,268,http://localhost:8080/?token=494370254&user=-1356109124&config=2,8120,0,1
1781062355964,8120,Config 2,500,IGNORE,Stress Test 1-162,text,true,,233,158,268,268,http://localhost:8080/?token=494370254&user=-1356109124&config=2,8119,0,1
1781062355965,8124,Config 2,500,IGNORE,Stress Test 1-196,text,true,,233,158,268,268,http://localhost:8080/?token=494370254&user=-1356109124&config=2,8124,0,1
1781062355967,8123,Config 2,500,IGNORE,Stress Test 1-97,text,true,,233,158,268,268,http://localhost:8080/?token=494370254&user=-1356109124&config=2,8123,0,1
1781062355966,8124,Config 2,500,IGNORE,Stress Test 1-37,text,true,,233,158,268,268,http://localhost:8080/?token=494370254&user=-1356109124&config=2,8124,0,1
1781062355968,8124,Config 2,500,IGNORE,Stress Test 1-103,text,true,,233,158,268,268,http://localhost:8080/?token=494370254&user=-1356109124&config=2,8124,0,1
1781062355968,8125,Config 2,500,IGNORE,Stress Test 1-152,text,true,,233,158,268,268,http://localhost:8080/?token=494370254&user=-1356109124&config=2,8124,0,1
1781062355970,8123,Config 2,500,IGNORE,Stress Test 1-143,text,true,,233,158,268,268,http://localhost:8080/?token=494370254&user=-1356109124&config=2,8123,0,1
1781062355970,8124,Config 2,500,IGNORE,Stress Test 1-59,text,true,,233,158,268,268,http://localhost:8080/?token=494370254&user=-1356109124&config=2,8124,0,1
1781062355973,8122,Config 2,500,IGNORE,Stress Test 1-144,text,true,,233,158,268,268,http://localhost:8080/?token=494370254&user=-1356109124&config=2,8122,0,1
1781062355973,8122,Config 2,500,IGNORE,Stress Test 1-4,text,true,,233,158,268,268,http://localhost:8080/?token=494370254&user=-1356109124&config=2,8122,0,1
1781062355974,8122,Config 2,500,IGNORE,Stress Test 1-52,text,true,,233,158,268,268,http://localhost:8080/?token=494370254&user=-1356109124&config=2,8121,0,1
1781062355975,8122,Config 2,500,IGNORE,Stress Test 1-153,text,true,,233,158,268,268,http://localhost:8080/?token=494370254&user=-1356109124&config=2,8122,0,1
1781062355976,8123,Config 2,500,IGNORE,Stress Test 1-237,text,true,,233,158,268,268,http://localhost:8080/?token=494370254&user=-1356109124&config=2,8123,0,1
1781062355981,8121,Config 2,500,IGNORE,Stress Test 1-58,text,true,,233,158,268,268,http://localhost:8080/?token=494370254&user=-1356109124&config=2,8121,0,1
1781062355981,8121,Config 2,500,IGNORE,Stress Test 1-195,text,true,,233,158,268,268,http://localhost:8080/?token=494370254&user=-1356109124&config=2,8121,0,1
1781062355983,8121,Config 2,500,IGNORE,Stress Test 1-238,text,true,,233,158,268,268,http://localhost:8080/?token=494370254&user=-1356109124&config=2,8121,0,1
1781062355670,9194,Config 2,200,OK,Stress Test 1-191,text,true,,231,158,269,269,http://localhost:8080/?token=494370254&user=-1356109124&config=2,9194,0,0
1781062355704,9160,Config 2,200,OK,Stress Test 1-176,text,true,,231,158,269,269,http://localhost:8080/?token=494370254&user=-1356109124&config=2,9160,0,0
1781062355822,9042,Config 2,200,OK,Stress Test 1-87,text,true,,231,158,269,269,http://localhost:8080/?token=494370254&user=-1356109124&config=2,9042,0,0
1781062355538,9326,Config 2,200,OK,Stress Test 1-25,text,true,,231,158,269,269,http://localhost:8080/?token=494370254&user=-1356109124&config=2,9326,0,0
1781062355498,9366,Config 2,200,OK,Stress Test 1-89,text,true,,231,158,269,269,http://localhost:8080/?token=494370254&user=-1356109124&config=2,9366,0,0
1781062355713,9151,Config 2,200,OK,Stress Test 1-205,text,true,,231,158,269,269,http://localhost:8080/?token=494370254&user=-1356109124&config=2,9151,0,0
1781062355459,9406,Config 2,200,OK,Stress Test 1-200,text,true,,231,158,269,269,http://localhost:8080/?token=494370254&user=-1356109124&config=2,9406,0,0
1781062355865,9001,Config 2,200,OK,Stress Test 1-204,text,true,,231,158,269,269,http://localhost:8080/?token=494370254&user=-1356109124&config=2,9001,0,0
1781062355498,9368,Config 2,200,OK,Stress Test 1-82,text,true,,231,158,269,269,http://localhost:8080/?token=494370254&user=-1356109124&config=2,9368,0,0
1781062356186,9203,Config 2,200,OK,Stress Test 1-207,text,true,,231,158,270,270,http://localhost:8080/?token=494370254&user=-1356109124&config=2,9203,0,0
1781062356197,9192,Config 2,200,OK,Stress Test 1-57,text,true,,231,158,270,270,http://localhost:8080/?token=494370254&user=-1356109124&config=2,9192,0,0
1781062356173,9216,Config 2,200,OK,Stress Test 1-130,text,true,,231,158,270,270,http://localhost:8080/?token=494370254&user=-1356109124&config=2,9216,0,0
1781062356185,9204,Config 2,200,OK,Stress Test 1-61,text,true,,231,158,270,270,http://localhost:8080/?token=494370254&user=-1356109124&config=2,9204,0,0
1781062356185,9205,Config 2,200,OK,Stress Test 1-33,text,true,,231,158,270,270,http://localhost:8080/?token=494370254&user=-1356109124&config=2,9205,0,0
1781062355940,9450,Config 2,200,OK,Stress Test 1-125,text,true,,231,158,270,270,http://localhost:8080/?token=494370254&user=-1356109124&config=2,9450,0,4
1781062356173,9217,Config 2,200,OK,Stress Test 1-148,text,true,,231,158,270,270,http://localhost:8080/?token=494370254&user=-1356109124&config=2,9217,0,0
1781062356269,9122,Config 2,200,OK,Stress Test 1-131,text,true,,231,158,270,270,http://localhost:8080/?token=494370254&user=-1356109124&config=2,9122,0,0
1781062356270,9121,Config 2,200,OK,Stress Test 1-78,text,true,,231,158,270,270,http://localhost:8080/?token=494370254&user=-1356109124&config=2,9121,0,0
1781062356270,9121,Config 2,200,OK,Stress Test 1-40,text,true,,231,158,270,270,http://localhost:8080/?token=494370254&user=-1356109124&config=2,9121,0,0
1781062356197,9195,Config 2,200,OK,Stress Test 1-208,text,true,,231,158,270,270,http://localhost:8080/?token=494370254&user=-1356109124&config=2,9195,0,0
1781062356270,9122,Config 2,200,OK,Stress Test 1-3,text,true,,231,158,270,270,http://localhost:8080/?token=494370254&user=-1356109124&config=2,9122,0,0
1781062356270,9122,Config 2,200,OK,Stress Test 1-132,text,true,,231,158,270,270,http://localhost:8080/?token=494370254&user=-1356109124&config=2,9122,0,0
1781062356270,9122,Config 2,200,OK,Stress Test 1-141,text,true,,231,158,270,270,http://localhost:8080/?token=494370254&user=-1356109124&config=2,9122,0,0
1781062355944,9449,Config 2,200,OK,Stress Test 1-187,text,true,,231,158,270,270,http://localhost:8080/?token=494370254&user=-1356109124&config=2,9449,0,0
1781062356186,9207,Config 2,200,OK,Stress Test 1-68,text,true,,231,158,270,270,http://localhost:8080/?token=494370254&user=-1356109124&config=2,9207,0,0
1781062355943,9450,Config 2,200,OK,Stress Test 1-156,text,true,,231,158,270,270,http://localhost:8080/?token=494370254&user=-1356109124&config=2,9450,0,0
1781062355944,9450,Config 2,200,OK,Stress Test 1-67,text,true,,231,158,270,270,http://localhost:8080/?token=494370254&user=-1356109124&config=2,9450,0,0
1781062355944,9450,Config 2,200,OK,Stress Test 1-90,text,true,,231,158,270,270,http://localhost:8080/?token=494370254&user=-1356109124&config=2,9450,0,0
1781062355945,9449,Config 2,200,OK,Stress Test 1-197,text,true,,231,158,270,270,http://localhost:8080/?token=494370254&user=-1356109124&config=2,9449,0,0
1781062355945,9450,Config 2,200,OK,Stress Test 1-199,text,true,,231,158,270,270,http://localhost:8080/?token=494370254&user=-1356109124&config=2,9450,0,0
1781062355946,9449,Config 2,200,OK,Stress Test 1-202,text,true,,231,158,270,270,http://localhost:8080/?token=494370254&user=-1356109124&config=2,9449,0,0
1781062355945,9450,Config 2,200,OK,Stress Test 1-201,text,true,,231,158,270,270,http://localhost:8080/?token=494370254&user=-1356109124&config=2,9450,0,0
1781062356271,9124,Config 2,200,OK,Stress Test 1-60,text,true,,231,158,270,270,http://localhost:8080/?token=494370254&user=-1356109124&config=2,9124,0,0
1781062356186,9209,Config 2,200,OK,Stress Test 1-5,text,true,,231,158,270,270,http://localhost:8080/?token=494370254&user=-1356109124&config=2,9209,0,0
1781062356179,9217,Config 2,200,OK,Stress Test 1-93,text,true,,231,158,270,270,http://localhost:8080/?token=494370254&user=-1356109124&config=2,9217,0,0
1781062356271,9125,Config 2,200,OK,Stress Test 1-117,text,true,,231,158,270,270,http://localhost:8080/?token=494370254&user=-1356109124&config=2,9125,0,0
1781062356187,9209,Config 2,200,OK,Stress Test 1-95,text,true,,231,158,270,270,http://localhost:8080/?token=494370254&user=-1356109124&config=2,9209,0,0
1781062356271,9125,Config 2,200,OK,Stress Test 1-70,text,true,,231,158,270,270,http://localhost:8080/?token=494370254&user=-1356109124&config=2,9125,0,0
1781062356188,9209,Config 2,200,OK,Stress Test 1-206,text,true,,231,158,270,270,http://localhost:8080/?token=494370254&user=-1356109124&config=2,9209,0,0
1781062356179,9218,Config 2,200,OK,Stress Test 1-2,text,true,,231,158,270,270,http://localhost:8080/?token=494370254&user=-1356109124&config=2,9218,0,0
1781062356187,9210,Config 2,200,OK,Stress Test 1-31,text,true,,231,158,270,270,http://localhost:8080/?token=494370254&user=-1356109124&config=2,9210,0,0
1781062356181,9217,Config 2,200,OK,Stress Test 1-91,text,true,,231,158,270,270,http://localhost:8080/?token=494370254&user=-1356109124&config=2,9217,0,0
1781062356184,9214,Config 2,200,OK,Stress Test 1-182,text,true,,231,158,270,270,http://localhost:8080/?token=494370254&user=-1356109124&config=2,9214,0,0
1781062356194,9204,Config 2,200,OK,Stress Test 1-193,text,true,,231,158,270,270,http://localhost:8080/?token=494370254&user=-1356109124&config=2,9204,0,0
1781062356195,9204,Config 2,200,OK,Stress Test 1-17,text,true,,231,158,270,270,http://localhost:8080/?token=494370254&user=-1356109124&config=2,9204,0,0
1781062356173,9226,Config 2,200,OK,Stress Test 1-12,text,true,,231,158,270,270,http://localhost:8080/?token=494370254&user=-1356109124&config=2,9226,0,0
1781062356184,9215,Config 2,200,OK,Stress Test 1-8,text,true,,231,158,270,270,http://localhost:8080/?token=494370254&user=-1356109124&config=2,9215,0,0
1781062356203,9196,Config 2,200,OK,Stress Test 1-15,text,true,,231,158,270,270,http://localhost:8080/?token=494370254&user=-1356109124&config=2,9196,0,0
1781062356195,9205,Config 2,200,OK,Stress Test 1-75,text,true,,231,158,270,270,http://localhost:8080/?token=494370254&user=-1356109124&config=2,9205,0,0
1781062356184,9216,Config 2,200,OK,Stress Test 1-159,text,true,,231,158,270,270,http://localhost:8080/?token=494370254&user=-1356109124&config=2,9216,0,0
1781062356203,9197,Config 2,200,OK,Stress Test 1-76,text,true,,231,158,270,270,http://localhost:8080/?token=494370254&user=-1356109124&config=2,9197,0,0
1781062356174,9237,Config 2,200,OK,Stress Test 1-74,text,true,,231,158,270,270,http://localhost:8080/?token=494370254&user=-1356109124&config=2,9237,0,0
1781062355941,9470,Config 2,200,OK,Stress Test 1-167,text,true,,231,158,270,270,http://localhost:8080/?token=494370254&user=-1356109124&config=2,9470,0,0
1781062355904,9507,Config 2,200,OK,Stress Test 1-166,text,true,,231,158,270,270,http://localhost:8080/?token=494370254&user=-1356109124&config=2,9507,0,0
1781062356197,9214,Config 2,200,OK,Stress Test 1-123,text,true,,231,158,270,270,http://localhost:8080/?token=494370254&user=-1356109124&config=2,9214,0,0
1781062356174,9237,Config 2,200,OK,Stress Test 1-6,text,true,,231,158,270,270,http://localhost:8080/?token=494370254&user=-1356109124&config=2,9237,0,0
1781062356198,9214,Config 2,200,OK,Stress Test 1-102,text,true,,231,158,270,270,http://localhost:8080/?token=494370254&user=-1356109124&config=2,9214,0,0
1781062356177,9235,Config 2,200,OK,Stress Test 1-139,text,true,,231,158,270,270,http://localhost:8080/?token=494370254&user=-1356109124&config=2,9235,0,0
1781062355943,9469,Config 2,200,OK,Stress Test 1-179,text,true,,231,158,270,270,http://localhost:8080/?token=494370254&user=-1356109124&config=2,9469,0,0
1781062356198,9214,Config 2,200,OK,Stress Test 1-171,text,true,,231,158,270,270,http://localhost:8080/?token=494370254&user=-1356109124&config=2,9214,0,0
1781062356186,9226,Config 2,200,OK,Stress Test 1-79,text,true,,231,158,270,270,http://localhost:8080/?token=494370254&user=-1356109124&config=2,9226,0,0
1781062356186,9226,Config 2,200,OK,Stress Test 1-77,text,true,,231,158,270,270,http://localhost:8080/?token=494370254&user=-1356109124&config=2,9226,0,0
1781062356177,9235,Config 2,200,OK,Stress Test 1-86,text,true,,231,158,270,270,http://localhost:8080/?token=494370254&user=-1356109124&config=2,9235,0,0
1781062356178,9234,Config 2,200,OK,Stress Test 1-83,text,true,,231,158,270,270,http://localhost:8080/?token=494370254&user=-1356109124&config=2,9234,0,0
1781062355946,9466,Config 2,200,OK,Stress Test 1-92,text,true,,231,158,270,270,http://localhost:8080/?token=494370254&user=-1356109124&config=2,9466,0,0
1781062356198,9214,Config 2,200,OK,Stress Test 1-24,text,true,,231,158,270,270,http://localhost:8080/?token=494370254&user=-1356109124&config=2,9214,0,0
1781062356198,9214,Config 2,200,OK,Stress Test 1-96,text,true,,231,158,270,270,http://localhost:8080/?token=494370254&user=-1356109124&config=2,9214,0,0
1781062356180,9232,Config 2,200,OK,Stress Test 1-223,text,true,,231,158,270,270,http://localhost:8080/?token=494370254&user=-1356109124&config=2,9232,0,0
1781062356198,9217,Config 2,200,OK,Stress Test 1-194,text,true,,231,158,270,270,http://localhost:8080/?token=494370254&user=-1356109124&config=2,9217,0,0
1781062355946,9469,Config 2,200,OK,Stress Test 1-220,text,true,,231,158,270,270,http://localhost:8080/?token=494370254&user=-1356109124&config=2,9469,0,0
1781062356187,9228,Config 2,200,OK,Stress Test 1-14,text,true,,231,158,270,270,http://localhost:8080/?token=494370254&user=-1356109124&config=2,9228,0,0
1781062356188,9227,Config 2,200,OK,Stress Test 1-101,text,true,,231,158,270,270,http://localhost:8080/?token=494370254&user=-1356109124&config=2,9227,0,0
1781062356191,9225,Config 2,200,OK,Stress Test 1-110,text,true,,231,158,270,270,http://localhost:8080/?token=494370254&user=-1356109124&config=2,9225,0,0
1781062355949,9467,Config 2,200,OK,Stress Test 1-116,text,true,,231,158,270,270,http://localhost:8080/?token=494370254&user=-1356109124&config=2,9467,0,0
1781062356190,9226,Config 2,200,OK,Stress Test 1-81,text,true,,231,158,270,270,http://localhost:8080/?token=494370254&user=-1356109124&config=2,9226,0,0
1781062355950,9467,Config 2,200,OK,Stress Test 1-120,text,true,,231,158,270,270,http://localhost:8080/?token=494370254&user=-1356109124&config=2,9467,0,0
1781062356199,9218,Config 2,200,OK,Stress Test 1-160,text,true,,231,158,270,270,http://localhost:8080/?token=494370254&user=-1356109124&config=2,9218,0,0
1781062356191,9226,Config 2,200,OK,Stress Test 1-28,text,true,,231,158,270,270,http://localhost:8080/?token=494370254&user=-1356109124&config=2,9226,0,0
1781062356191,9226,Config 2,200,OK,Stress Test 1-46,text,true,,231,158,270,270,http://localhost:8080/?token=494370254&user=-1356109124&config=2,9226,0,0
1781062356192,9225,Config 2,200,OK,Stress Test 1-161,text,true,,231,158,270,270,http://localhost:8080/?token=494370254&user=-1356109124&config=2,9225,0,0
1781062356192,9225,Config 2,200,OK,Stress Test 1-35,text,true,,231,158,270,270,http://localhost:8080/?token=494370254&user=-1356109124&config=2,9225,0,0
1781062356199,9219,Config 2,200,OK,Stress Test 1-45,text,true,,231,158,270,270,http://localhost:8080/?token=494370254&user=-1356109124&config=2,9219,0,0
1781062356200,9218,Config 2,200,OK,Stress Test 1-88,text,true,,231,158,270,270,http://localhost:8080/?token=494370254&user=-1356109124&config=2,9218,0,0
1781062356200,9218,Config 2,200,OK,Stress Test 1-54,text,true,,231,158,270,270,http://localhost:8080/?token=494370254&user=-1356109124&config=2,9218,0,0
1781062356200,9218,Config 2,200,OK,Stress Test 1-98,text,true,,231,158,270,270,http://localhost:8080/?token=494370254&user=-1356109124&config=2,9218,0,0
1781062356182,9236,Config 2,200,OK,Stress Test 1-62,text,true,,231,158,270,270,http://localhost:8080/?token=494370254&user=-1356109124&config=2,9236,0,0
1781062355953,9466,Config 2,200,OK,Stress Test 1-126,text,true,,231,158,270,270,http://localhost:8080/?token=494370254&user=-1356109124&config=2,9466,0,0
1781062356201,9218,Config 2,200,OK,Stress Test 1-51,text,true,,231,158,270,270,http://localhost:8080/?token=494370254&user=-1356109124&config=2,9218,0,0
1781062356201,9218,Config 2,200,OK,Stress Test 1-66,text,true,,231,158,270,270,http://localhost:8080/?token=494370254&user=-1356109124&config=2,9218,0,0
1781062356192,9228,Config 2,200,OK,Stress Test 1-34,text,true,,231,158,270,270,http://localhost:8080/?token=494370254&user=-1356109124&config=2,9228,0,0
1781062356201,9219,Config 2,200,OK,Stress Test 1-53,text,true,,231,158,270,270,http://localhost:8080/?token=494370254&user=-1356109124&config=2,9219,0,0
1781062356202,9219,Config 2,200,OK,Stress Test 1-47,text,true,,231,158,270,270,http://localhost:8080/?token=494370254&user=-1356109124&config=2,9219,0,0
1781062356193,9228,Config 2,200,OK,Stress Test 1-172,text,true,,231,158,270,270,http://localhost:8080/?token=494370254&user=-1356109124&config=2,9228,0,0
1781062356193,9229,Config 2,200,OK,Stress Test 1-13,text,true,,231,158,270,270,http://localhost:8080/?token=494370254&user=-1356109124&config=2,9229,0,0
1781062356183,9239,Config 2,200,OK,Stress Test 1-7,text,true,,231,158,270,270,http://localhost:8080/?token=494370254&user=-1356109124&config=2,9239,0,0
1781062356193,9229,Config 2,200,OK,Stress Test 1-26,text,true,,231,158,270,270,http://localhost:8080/?token=494370254&user=-1356109124&config=2,9229,0,0
1781062356194,9229,Config 2,200,OK,Stress Test 1-30,text,true,,231,158,270,270,http://localhost:8080/?token=494370254&user=-1356109124&config=2,9229,0,0
1781062356202,9221,Config 2,200,OK,Stress Test 1-133,text,true,,231,158,270,270,http://localhost:8080/?token=494370254&user=-1356109124&config=2,9221,0,0
1781062356202,9221,Config 2,200,OK,Stress Test 1-104,text,true,,231,158,270,270,http://localhost:8080/?token=494370254&user=-1356109124&config=2,9221,0,0
1781062356203,9220,Config 2,200,OK,Stress Test 1-50,text,true,,231,158,270,270,http://localhost:8080/?token=494370254&user=-1356109124&config=2,9220,0,0
1781062356203,9221,Config 2,200,OK,Stress Test 1-111,text,true,,231,158,270,270,http://localhost:8080/?token=494370254&user=-1356109124&config=2,9221,0,0
1781062356194,9229,Config 2,200,OK,Stress Test 1-36,text,true,,231,158,270,270,http://localhost:8080/?token=494370254&user=-1356109124&config=2,9229,0,0
1781062356194,9230,Config 2,200,OK,Stress Test 1-48,text,true,,231,158,270,270,http://localhost:8080/?token=494370254&user=-1356109124&config=2,9230,0,0
1781062356194,9230,Config 2,200,OK,Stress Test 1-181,text,true,,231,158,270,270,http://localhost:8080/?token=494370254&user=-1356109124&config=2,9230,0,0
1781062356195,9230,Config 2,200,OK,Stress Test 1-73,text,true,,231,158,270,270,http://localhost:8080/?token=494370254&user=-1356109124&config=2,9230,0,0
1781062356194,9231,Config 2,200,OK,Stress Test 1-19,text,true,,231,158,270,270,http://localhost:8080/?token=494370254&user=-1356109124&config=2,9231,0,0
1781062356204,9221,Config 2,200,OK,Stress Test 1-71,text,true,,231,158,270,270,http://localhost:8080/?token=494370254&user=-1356109124&config=2,9221,0,0
1781062356185,9241,Config 2,200,OK,Stress Test 1-84,text,true,,231,158,270,270,http://localhost:8080/?token=494370254&user=-1356109124&config=2,9241,0,0
1781062358908,7017,Config 2,200,OK,Stress Test 1-225,text,true,,231,158,271,271,http://localhost:8080/?token=494370254&user=-1356109124&config=2,7017,0,0
1781062358908,7017,Config 2,200,OK,Stress Test 1-192,text,true,,231,158,271,271,http://localhost:8080/?token=494370254&user=-1356109124&config=2,7017,0,0
1781062358913,7012,Config 2,200,OK,Stress Test 1-177,text,true,,231,158,271,271,http://localhost:8080/?token=494370254&user=-1356109124&config=2,7012,0,0
1781062358909,7017,Config 2,200,OK,Stress Test 1-239,text,true,,231,158,271,271,http://localhost:8080/?token=494370254&user=-1356109124&config=2,7017,0,0
1781062358913,7013,Config 2,200,OK,Stress Test 1-224,text,true,,231,158,271,271,http://localhost:8080/?token=494370254&user=-1356109124&config=2,7013,0,0
1781062358909,7017,Config 2,200,OK,Stress Test 1-243,text,true,,231,158,271,271,http://localhost:8080/?token=494370254&user=-1356109124&config=2,7017,0,0
1781062358913,7013,Config 2,200,OK,Stress Test 1-209,text,true,,231,158,271,271,http://localhost:8080/?token=494370254&user=-1356109124&config=2,7013,0,0
1781062358908,7018,Config 2,200,OK,Stress Test 1-183,text,true,,231,158,271,271,http://localhost:8080/?token=494370254&user=-1356109124&config=2,7018,0,0
1781062358909,7017,Config 2,200,OK,Stress Test 1-244,text,true,,231,158,271,271,http://localhost:8080/?token=494370254&user=-1356109124&config=2,7017,0,0
1781062365417,514,Config 2,503,Service Unavailable,Stress Test 1-45,text,false,,237,158,271,271,http://localhost:8080/?token=494370254&user=-1356109124&config=2,514,0,0
1781062365421,510,Config 2,503,Service Unavailable,Stress Test 1-26,text,false,,237,158,271,271,http://localhost:8080/?token=494370254&user=-1356109124&config=2,510,0,0
1781062365423,509,Config 2,503,Service Unavailable,Stress Test 1-36,text,false,,237,158,271,271,http://localhost:8080/?token=494370254&user=-1356109124&config=2,509,0,0
1781062365423,509,Config 2,503,Service Unavailable,Stress Test 1-111,text,false,,237,158,271,271,http://localhost:8080/?token=494370254&user=-1356109124&config=2,509,0,0
1781062365424,509,Config 2,503,Service Unavailable,Stress Test 1-19,text,false,,237,158,271,271,http://localhost:8080/?token=494370254&user=-1356109124&config=2,509,0,0
1781062365424,510,Config 2,503,Service Unavailable,Stress Test 1-73,text,false,,237,158,271,271,http://localhost:8080/?token=494370254&user=-1356109124&config=2,510,0,0
1781062365424,510,Config 2,503,Service Unavailable,Stress Test 1-71,text,false,,237,158,271,271,http://localhost:8080/?token=494370254&user=-1356109124&config=2,510,0,0
1781062358908,7032,Config 2,200,OK,Stress Test 1-173,text,true,,231,158,264,264,http://localhost:8080/?token=494370254&user=-1356109124&config=2,7032,0,0
1781062365421,519,Config 2,503,Service Unavailable,Stress Test 1-172,text,false,,237,158,264,264,http://localhost:8080/?token=494370254&user=-1356109124&config=2,519,0,0
1781062365421,521,Config 2,503,Service Unavailable,Stress Test 1-47,text,false,,237,158,263,263,http://localhost:8080/?token=494370254&user=-1356109124&config=2,521,0,0
1781062365422,523,Config 2,503,Service Unavailable,Stress Test 1-133,text,false,,237,158,262,262,http://localhost:8080/?token=494370254&user=-1356109124&config=2,523,0,0
1781062365421,524,Config 2,503,Service Unavailable,Stress Test 1-7,text,false,,237,158,262,262,http://localhost:8080/?token=494370254&user=-1356109124&config=2,524,0,0
1781062365422,525,Config 2,503,Service Unavailable,Stress Test 1-30,text,false,,237,158,260,260,http://localhost:8080/?token=494370254&user=-1356109124&config=2,525,0,0
1781062365422,527,Config 2,503,Service Unavailable,Stress Test 1-104,text,false,,237,158,259,259,http://localhost:8080/?token=494370254&user=-1356109124&config=2,527,0,0
1781062365423,528,Config 2,503,Service Unavailable,Stress Test 1-50,text,false,,237,158,258,258,http://localhost:8080/?token=494370254&user=-1356109124&config=2,528,0,0
1781062365424,528,Config 2,503,Service Unavailable,Stress Test 1-48,text,false,,237,158,257,257,http://localhost:8080/?token=494370254&user=-1356109124&config=2,528,0,0
1781062365424,529,Config 2,503,Service Unavailable,Stress Test 1-181,text,false,,237,158,257,257,http://localhost:8080/?token=494370254&user=-1356109124&config=2,529,0,0
1781062358910,7052,Config 2,200,OK,Stress Test 1-247,text,true,,231,158,255,255,http://localhost:8080/?token=494370254&user=-1356109124&config=2,7052,0,0
1781062365425,536,Config 2,503,Service Unavailable,Stress Test 1-84,text,false,,237,158,255,255,http://localhost:8080/?token=494370254&user=-1356109124&config=2,536,0,0
1781062358913,7064,Config 2,200,OK,Stress Test 1-184,text,true,,231,158,254,254,http://localhost:8080/?token=494370254&user=-1356109124&config=2,7064,0,0
1781062358908,7069,Config 2,200,OK,Stress Test 1-64,text,true,,231,158,254,254,http://localhost:8080/?token=494370254&user=-1356109124&config=2,7069,0,0
1781062358908,7073,Config 2,200,OK,Stress Test 1-72,text,true,,231,158,254,254,http://localhost:8080/?token=494370254&user=-1356109124&config=2,7073,0,0
1781062358913,7069,Config 2,200,OK,Stress Test 1-226,text,true,,231,158,254,254,http://localhost:8080/?token=494370254&user=-1356109124&config=2,7069,0,0
1781062358909,7074,Config 2,200,OK,Stress Test 1-240,text,true,,231,158,254,254,http://localhost:8080/?token=494370254&user=-1356109124&config=2,7074,0,0
1781062358909,7075,Config 2,200,OK,Stress Test 1-242,text,true,,231,158,254,254,http://localhost:8080/?token=494370254&user=-1356109124&config=2,7075,0,0
1781062358909,7077,Config 2,200,OK,Stress Test 1-245,text,true,,231,158,254,254,http://localhost:8080/?token=494370254&user=-1356109124&config=2,7077,0,0
1781062358909,7078,Config 2,200,OK,Stress Test 1-246,text,true,,231,158,254,254,http://localhost:8080/?token=494370254&user=-1356109124&config=2,7078,0,0
1781062358913,17607,Config 2,200,OK,Stress Test 1-227,text,true,,231,158,254,254,http://localhost:8080/?token=494370254&user=-1356109124&config=2,17607,0,0
1781062359328,17192,Config 2,200,OK,Stress Test 1-185,text,true,,231,158,254,254,http://localhost:8080/?token=494370254&user=-1356109124&config=2,17192,0,0
1781062359329,17192,Config 2,200,OK,Stress Test 1-211,text,true,,231,158,252,252,http://localhost:8080/?token=494370254&user=-1356109124&config=2,17192,0,0
1781062358913,17610,Config 2,200,OK,Stress Test 1-212,text,true,,231,158,252,252,http://localhost:8080/?token=494370254&user=-1356109124&config=2,17610,0,0
1781062358909,17615,Config 2,200,OK,Stress Test 1-241,text,true,,231,158,250,250,http://localhost:8080/?token=494370254&user=-1356109124&config=2,17615,0,0
1781062359328,17199,Config 2,200,OK,Stress Test 1-163,text,true,,231,158,249,249,http://localhost:8080/?token=494370254&user=-1356109124&config=2,17199,0,0
1781062359328,17200,Config 2,200,OK,Stress Test 1-210,text,true,,231,158,248,248,http://localhost:8080/?token=494370254&user=-1356109124&config=2,17200,0,0
1781062359329,17200,Config 2,200,OK,Stress Test 1-178,text,true,,231,158,247,247,http://localhost:8080/?token=494370254&user=-1356109124&config=2,17200,0,0
1781062363009,13522,Config 2,200,OK,Stress Test 1-213,text,true,,231,158,246,246,http://localhost:8080/?token=494370254&user=-1356109124&config=2,13522,0,0
1781062359329,17203,Config 2,200,OK,Stress Test 1-228,text,true,,231,158,245,245,http://localhost:8080/?token=494370254&user=-1356109124&config=2,17203,0,0
1781062359329,17204,Config 2,200,OK,Stress Test 1-229,text,true,,231,158,244,244,http://localhost:8080/?token=494370254&user=-1356109124&config=2,17204,0,0
1781062359329,17205,Config 2,200,OK,Stress Test 1-230,text,true,,231,158,243,243,http://localhost:8080/?token=494370254&user=-1356109124&config=2,17205,0,0
1781062359329,17206,Config 2,200,OK,Stress Test 1-231,text,true,,231,158,242,242,http://localhost:8080/?token=494370254&user=-1356109124&config=2,17206,0,0
1781062359329,17206,Config 2,200,OK,Stress Test 1-232,text,true,,231,158,242,242,http://localhost:8080/?token=494370254&user=-1356109124&config=2,17206,0,0
1781062359329,17208,Config 2,200,OK,Stress Test 1-233,text,true,,231,158,240,240,http://localhost:8080/?token=494370254&user=-1356109124&config=2,17208,0,0
1781062359330,17207,Config 2,200,OK,Stress Test 1-234,text,true,,231,158,240,240,http://localhost:8080/?token=494370254&user=-1356109124&config=2,17207,0,0
1781062359330,17208,Config 2,200,OK,Stress Test 1-235,text,true,,231,158,238,238,http://localhost:8080/?token=494370254&user=-1356109124&config=2,17208,0,0
1781062359330,17208,Config 2,200,OK,Stress Test 1-236,text,true,,231,158,238,238,http://localhost:8080/?token=494370254&user=-1356109124&config=2,17208,0,0
1781062356161,20379,Config 2,200,OK,Stress Test 1-154,text,true,,231,158,236,236,http://localhost:8080/?token=494370254&user=-1356109124&config=2,20379,0,1
1781062364058,12481,Config 2,200,OK,Stress Test 1-137,text,true,,231,158,236,236,http://localhost:8080/?token=494370254&user=-1356109124&config=2,12481,0,0
1781062364056,12484,Config 2,200,OK,Stress Test 1-252,text,true,,231,158,236,236,http://localhost:8080/?token=494370254&user=-1356109124&config=2,12484,0,0
1781062356160,20382,Config 2,200,OK,Stress Test 1-138,text,true,,231,158,233,233,http://localhost:8080/?token=494370254&user=-1356109124&config=2,20382,0,2
1781062364059,12482,Config 2,200,OK,Stress Test 1-122,text,true,,231,158,233,233,http://localhost:8080/?token=494370254&user=-1356109124&config=2,12482,0,0
1781062364054,12487,Config 2,200,OK,Stress Test 1-248,text,true,,231,158,233,233,http://localhost:8080/?token=494370254&user=-1356109124&config=2,12487,0,0
1781062364054,12488,Config 2,200,OK,Stress Test 1-249,text,true,,231,158,230,230,http://localhost:8080/?token=494370254&user=-1356109124&config=2,12488,0,0
1781062364055,12488,Config 2,200,OK,Stress Test 1-250,text,true,,231,158,229,229,http://localhost:8080/?token=494370254&user=-1356109124&config=2,12488,0,0
1781062364057,12487,Config 2,200,OK,Stress Test 1-69,text,true,,231,158,228,228,http://localhost:8080/?token=494370254&user=-1356109124&config=2,12487,0,0
1781062364056,12488,Config 2,200,OK,Stress Test 1-251,text,true,,231,158,228,228,http://localhost:8080/?token=494370254&user=-1356109124&config=2,12488,0,0
1781062363013,13532,Config 2,200,OK,Stress Test 1-174,text,true,,231,158,226,226,http://localhost:8080/?token=494370254&user=-1356109124&config=2,13532,0,0
1781062363014,13531,Config 2,200,OK,Stress Test 1-175,text,true,,231,158,226,226,http://localhost:8080/?token=494370254&user=-1356109124&config=2,13531,0,0
1781062363014,13532,Config 2,200,OK,Stress Test 1-186,text,true,,231,158,224,224,http://localhost:8080/?token=494370254&user=-1356109124&config=2,13532,0,0
1781062363015,13531,Config 2,200,OK,Stress Test 1-189,text,true,,231,158,224,224,http://localhost:8080/?token=494370254&user=-1356109124&config=2,13531,0,0
1781062363015,13532,Config 2,200,OK,Stress Test 1-214,text,true,,231,158,222,222,http://localhost:8080/?token=494370254&user=-1356109124&config=2,13532,0,0
1781062363015,13532,Config 2,200,OK,Stress Test 1-190,text,true,,231,158,222,222,http://localhost:8080/?token=494370254&user=-1356109124&config=2,13532,0,0
1781062363015,13533,Config 2,200,OK,Stress Test 1-215,text,true,,231,158,221,221,http://localhost:8080/?token=494370254&user=-1356109124&config=2,13533,0,0
1781062364055,12493,Config 2,200,OK,Stress Test 1-198,text,true,,231,158,219,219,http://localhost:8080/?token=494370254&user=-1356109124&config=2,12493,0,0
1781062363015,13534,Config 2,200,OK,Stress Test 1-85,text,true,,231,158,219,219,http://localhost:8080/?token=494370254&user=-1356109124&config=2,13534,0,0
1781062363015,13535,Config 2,200,OK,Stress Test 1-217,text,true,,231,158,217,217,http://localhost:8080/?token=494370254&user=-1356109124&config=2,13535,0,0
1781062364062,12489,Config 2,200,OK,Stress Test 1-108,text,true,,231,158,217,217,http://localhost:8080/?token=494370254&user=-1356109124&config=2,12489,0,0
1781062364063,12488,Config 2,200,OK,Stress Test 1-10,text,true,,231,158,215,215,http://localhost:8080/?token=494370254&user=-1356109124&config=2,12488,0,0
1781062363016,13535,Config 2,200,OK,Stress Test 1-218,text,true,,231,158,215,215,http://localhost:8080/?token=494370254&user=-1356109124&config=2,13535,0,0
1781062364064,12488,Config 2,200,OK,Stress Test 1-113,text,true,,231,158,215,215,http://localhost:8080/?token=494370254&user=-1356109124&config=2,12488,0,0
1781062363016,13537,Config 2,200,OK,Stress Test 1-219,text,true,,231,158,212,212,http://localhost:8080/?token=494370254&user=-1356109124&config=2,13537,0,0
1781062364064,12489,Config 2,200,OK,Stress Test 1-99,text,true,,231,158,212,212,http://localhost:8080/?token=494370254&user=-1356109124&config=2,12489,0,0
1781062364064,12490,Config 2,200,OK,Stress Test 1-221,text,true,,231,158,210,210,http://localhost:8080/?token=494370254&user=-1356109124&config=2,12490,0,0
1781062364065,12489,Config 2,200,OK,Stress Test 1-114,text,true,,231,158,210,210,http://localhost:8080/?token=494370254&user=-1356109124&config=2,12489,0,0
1781062364066,12489,Config 2,200,OK,Stress Test 1-124,text,true,,231,158,208,208,http://localhost:8080/?token=494370254&user=-1356109124&config=2,12489,0,0
1781062364065,12490,Config 2,200,OK,Stress Test 1-118,text,true,,231,158,208,208,http://localhost:8080/?token=494370254&user=-1356109124&config=2,12490,0,0
1781062364066,12490,Config 2,200,OK,Stress Test 1-127,text,true,,231,158,206,206,http://localhost:8080/?token=494370254&user=-1356109124&config=2,12490,0,0
1781062364057,12499,Config 2,200,OK,Stress Test 1-254,text,true,,231,158,205,205,http://localhost:8080/?token=494370254&user=-1356109124&config=2,12499,0,0
1781062364073,12484,Config 2,200,OK,Stress Test 1-157,text,true,,231,158,205,205,http://localhost:8080/?token=494370254&user=-1356109124&config=2,12484,0,0
1781062364067,12491,Config 2,200,OK,Stress Test 1-32,text,true,,231,158,203,203,http://localhost:8080/?token=494370254&user=-1356109124&config=2,12491,0,0
1781062364058,12503,Config 2,200,OK,Stress Test 1-136,text,true,,231,158,202,202,http://localhost:8080/?token=494370254&user=-1356109124&config=2,12503,0,0
1781062364058,12503,Config 2,200,OK,Stress Test 1-11,text,true,,231,158,202,202,http://localhost:8080/?token=494370254&user=-1356109124&config=2,12503,0,0
1781062364056,12506,Config 2,200,OK,Stress Test 1-145,text,true,,231,158,202,202,http://localhost:8080/?token=494370254&user=-1356109124&config=2,12506,0,0
1781062365410,11153,Config 2,500,IGNORE,Stress Test 1-74,text,true,,233,158,199,199,http://localhost:8080/?token=494370254&user=-1356109124&config=2,11153,0,0
1781062364060,12503,Config 2,200,OK,Stress Test 1-169,text,true,,231,158,199,199,http://localhost:8080/?token=494370254&user=-1356109124&config=2,12503,0,0
1781062364061,12503,Config 2,200,OK,Stress Test 1-170,text,true,,231,158,197,197,http://localhost:8080/?token=494370254&user=-1356109124&config=2,12503,0,0
1781062365412,11152,Config 2,500,IGNORE,Stress Test 1-179,text,true,,233,158,197,197,http://localhost:8080/?token=494370254&user=-1356109124&config=2,11152,0,0
1781062364062,12503,Config 2,200,OK,Stress Test 1-203,text,true,,231,158,195,195,http://localhost:8080/?token=494370254&user=-1356109124&config=2,12503,0,0
1781062364061,12504,Config 2,200,OK,Stress Test 1-180,text,true,,231,158,195,195,http://localhost:8080/?token=494370254&user=-1356109124&config=2,12504,0,0
1781062364070,12497,Config 2,200,OK,Stress Test 1-107,text,true,,231,158,193,193,http://localhost:8080/?token=494370254&user=-1356109124&config=2,12497,0,0
1781062365413,11154,Config 2,500,IGNORE,Stress Test 1-24,text,true,,233,158,193,193,http://localhost:8080/?token=494370254&user=-1356109124&config=2,11154,0,0
1781062365414,11154,Config 2,500,IGNORE,Stress Test 1-223,text,true,,233,158,191,191,http://localhost:8080/?token=494370254&user=-1356109124&config=2,11154,0,0
1781062365414,11154,Config 2,500,IGNORE,Stress Test 1-14,text,true,,233,158,191,191,http://localhost:8080/?token=494370254&user=-1356109124&config=2,11154,0,0
1781062365414,11154,Config 2,500,IGNORE,Stress Test 1-194,text,true,,233,158,191,191,http://localhost:8080/?token=494370254&user=-1356109124&config=2,11154,0,0
1781062365414,11155,Config 2,500,IGNORE,Stress Test 1-220,text,true,,233,158,188,188,http://localhost:8080/?token=494370254&user=-1356109124&config=2,11155,0,0
1781062365414,11156,Config 2,500,IGNORE,Stress Test 1-101,text,true,,233,158,188,188,http://localhost:8080/?token=494370254&user=-1356109124&config=2,11155,0,0
1781062365415,11156,Config 2,500,IGNORE,Stress Test 1-110,text,true,,233,158,186,186,http://localhost:8080/?token=494370254&user=-1356109124&config=2,11155,0,0
1781062365415,11156,Config 2,500,IGNORE,Stress Test 1-116,text,true,,233,158,186,186,http://localhost:8080/?token=494370254&user=-1356109124&config=2,11156,0,0
1781062365415,11156,Config 2,500,IGNORE,Stress Test 1-81,text,true,,233,158,186,186,http://localhost:8080/?token=494370254&user=-1356109124&config=2,11155,0,0
1781062365416,11156,Config 2,500,IGNORE,Stress Test 1-120,text,true,,233,158,183,183,http://localhost:8080/?token=494370254&user=-1356109124&config=2,11156,0,0
1781062365416,11156,Config 2,500,IGNORE,Stress Test 1-28,text,true,,233,158,183,183,http://localhost:8080/?token=494370254&user=-1356109124&config=2,11156,0,0
1781062364064,12508,Config 2,200,OK,Stress Test 1-142,text,true,,231,158,183,183,http://localhost:8080/?token=494370254&user=-1356109124&config=2,12508,0,0
1781062365416,11158,Config 2,500,IGNORE,Stress Test 1-46,text,true,,233,158,180,180,http://localhost:8080/?token=494370254&user=-1356109124&config=2,11157,0,0
1781062365417,11157,Config 2,500,IGNORE,Stress Test 1-35,text,true,,233,158,180,180,http://localhost:8080/?token=494370254&user=-1356109124&config=2,11157,0,0
1781062364064,12511,Config 2,200,OK,Stress Test 1-100,text,true,,231,158,178,178,http://localhost:8080/?token=494370254&user=-1356109124&config=2,12511,0,0
1781062365417,11158,Config 2,500,IGNORE,Stress Test 1-161,text,true,,233,158,178,178,http://localhost:8080/?token=494370254&user=-1356109124&config=2,11158,0,0
1781062365418,11158,Config 2,500,IGNORE,Stress Test 1-88,text,true,,233,158,176,176,http://localhost:8080/?token=494370254&user=-1356109124&config=2,11158,0,0
1781062364073,12504,Config 2,200,OK,Stress Test 1-119,text,true,,231,158,175,175,http://localhost:8080/?token=494370254&user=-1356109124&config=2,12504,0,0
1781062364065,12512,Config 2,200,OK,Stress Test 1-253,text,true,,231,158,175,175,http://localhost:8080/?token=494370254&user=-1356109124&config=2,12512,0,0
1781062365418,11160,Config 2,500,IGNORE,Stress Test 1-54,text,true,,233,158,173,173,http://localhost:8080/?token=494370254&user=-1356109124&config=2,11160,0,0
1781062365418,11160,Config 2,500,IGNORE,Stress Test 1-62,text,true,,233,158,173,173,http://localhost:8080/?token=494370254&user=-1356109124&config=2,11160,0,0
1781062365418,11161,Config 2,500,IGNORE,Stress Test 1-98,text,true,,233,158,171,171,http://localhost:8080/?token=494370254&user=-1356109124&config=2,11160,0,0
1781062365419,11160,Config 2,500,IGNORE,Stress Test 1-51,text,true,,233,158,170,170,http://localhost:8080/?token=494370254&user=-1356109124&config=2,11160,0,0
1781062365419,11161,Config 2,500,IGNORE,Stress Test 1-126,text,true,,233,158,170,170,http://localhost:8080/?token=494370254&user=-1356109124&config=2,11161,0,0
1781062364066,12514,Config 2,200,OK,Stress Test 1-23,text,true,,231,158,168,168,http://localhost:8080/?token=494370254&user=-1356109124&config=2,12514,0,0
1781062365419,11162,Config 2,500,IGNORE,Stress Test 1-66,text,true,,233,158,168,168,http://localhost:8080/?token=494370254&user=-1356109124&config=2,11161,0,0
1781062365420,11162,Config 2,500,IGNORE,Stress Test 1-34,text,true,,233,158,166,166,http://localhost:8080/?token=494370254&user=-1356109124&config=2,11162,0,0
1781062365420,11162,Config 2,500,IGNORE,Stress Test 1-53,text,true,,233,158,166,166,http://localhost:8080/?token=494370254&user=-1356109124&config=2,11162,0,0
1781062364067,12516,Config 2,200,OK,Stress Test 1-134,text,true,,231,158,164,164,http://localhost:8080/?token=494370254&user=-1356109124&config=2,12516,0,0
1781062364074,12510,Config 2,200,OK,Stress Test 1-27,text,true,,231,158,164,164,http://localhost:8080/?token=494370254&user=-1356109124&config=2,12510,0,0
1781062365421,11164,Config 2,500,IGNORE,Stress Test 1-13,text,true,,233,158,162,162,http://localhost:8080/?token=494370254&user=-1356109124&config=2,11164,0,0
1781062363015,15004,Config 2,200,OK,Stress Test 1-188,text,true,,231,158,161,161,http://localhost:8080/?token=494370254&user=-1356109124&config=2,15004,0,0
1781062363015,15004,Config 2,200,OK,Stress Test 1-216,text,true,,231,158,161,161,http://localhost:8080/?token=494370254&user=-1356109124&config=2,15004,0,0
1781062364072,13947,Config 2,200,OK,Stress Test 1-149,text,true,,231,158,161,161,http://localhost:8080/?token=494370254&user=-1356109124&config=2,13947,0,0
1781062364074,13945,Config 2,200,OK,Stress Test 1-158,text,true,,231,158,161,161,http://localhost:8080/?token=494370254&user=-1356109124&config=2,13945,0,0
1781062364073,13946,Config 2,200,OK,Stress Test 1-121,text,true,,231,158,161,161,http://localhost:8080/?token=494370254&user=-1356109124&config=2,13946,0,0
1781062364070,13951,Config 2,200,OK,Stress Test 1-56,text,true,,231,158,156,156,http://localhost:8080/?token=494370254&user=-1356109124&config=2,13951,0,0
1781062364071,13950,Config 2,200,OK,Stress Test 1-112,text,true,,231,158,156,156,http://localhost:8080/?token=494370254&user=-1356109124&config=2,13950,0,0
1781062364072,13949,Config 2,200,OK,Stress Test 1-115,text,true,,231,158,155,155,http://localhost:8080/?token=494370254&user=-1356109124&config=2,13949,0,0
1781062364067,13955,Config 2,200,OK,Stress Test 1-135,text,true,,231,158,155,155,http://localhost:8080/?token=494370254&user=-1356109124&config=2,13955,0,0
1781062364074,13948,Config 2,200,OK,Stress Test 1-128,text,true,,231,158,155,155,http://localhost:8080/?token=494370254&user=-1356109124&config=2,13948,0,0
1781062364068,13954,Config 2,200,OK,Stress Test 1-20,text,true,,231,158,152,152,http://localhost:8080/?token=494370254&user=-1356109124&config=2,13954,0,0
1781062364079,13944,Config 2,200,OK,Stress Test 1-38,text,true,,231,158,150,150,http://localhost:8080/?token=494370254&user=-1356109124&config=2,13944,0,0
1781062364069,13954,Config 2,200,OK,Stress Test 1-9,text,true,,231,158,150,150,http://localhost:8080/?token=494370254&user=-1356109124&config=2,13954,0,0
1781062364069,13954,Config 2,200,OK,Stress Test 1-105,text,true,,231,158,150,150,http://localhost:8080/?token=494370254&user=-1356109124&config=2,13954,0,0
1781062365390,12634,Config 2,200,OK,Stress Test 1-125,text,true,,231,158,149,149,http://localhost:8080/?token=494370254&user=-1356109124&config=2,12634,0,0
1781062364864,13160,Config 2,200,OK,Stress Test 1-176,text,true,,231,158,146,146,http://localhost:8080/?token=494370254&user=-1356109124&config=2,13160,0,0
1781062356220,21805,Config 2,200,OK,Stress Test 1-255,text,true,,231,158,146,146,http://localhost:8080/?token=494370254&user=-1356109124&config=2,21805,0,1
1781062364864,13162,Config 2,200,OK,Stress Test 1-191,text,true,,231,158,144,144,http://localhost:8080/?token=494370254&user=-1356109124&config=2,13162,0,0
1781062364864,13162,Config 2,200,OK,Stress Test 1-25,text,true,,231,158,144,144,http://localhost:8080/?token=494370254&user=-1356109124&config=2,13162,0,0
1781062364865,13161,Config 2,200,OK,Stress Test 1-200,text,true,,231,158,143,143,http://localhost:8080/?token=494370254&user=-1356109124&config=2,13161,0,0
1781062364865,13162,Config 2,200,OK,Stress Test 1-82,text,true,,231,158,141,141,http://localhost:8080/?token=494370254&user=-1356109124&config=2,13162,0,0
1781062364864,13164,Config 2,200,OK,Stress Test 1-89,text,true,,231,158,140,140,http://localhost:8080/?token=494370254&user=-1356109124&config=2,13164,0,0
1781062364864,13164,Config 2,200,OK,Stress Test 1-87,text,true,,231,158,140,140,http://localhost:8080/?token=494370254&user=-1356109124&config=2,13164,0,0
1781062364865,13164,Config 2,200,OK,Stress Test 1-204,text,true,,231,158,138,138,http://localhost:8080/?token=494370254&user=-1356109124&config=2,13164,0,0
1781062364864,13166,Config 2,200,OK,Stress Test 1-205,text,true,,231,158,138,138,http://localhost:8080/?token=494370254&user=-1356109124&config=2,13166,0,0
1781062358621,19411,Config 2,200,OK,Stress Test 1-259,text,true,,231,158,136,136,http://localhost:8080/?token=494370254&user=-1356109124&config=2,19411,0,1
1781062364081,13950,Config 2,200,OK,Stress Test 1-222,text,true,,231,158,136,136,http://localhost:8080/?token=494370254&user=-1356109124&config=2,13950,0,0
1781062364082,13950,Config 2,200,OK,Stress Test 1-65,text,true,,231,158,134,134,http://localhost:8080/?token=494370254&user=-1356109124&config=2,13950,0,0
1781062362215,15817,Config 2,200,OK,Stress Test 1-265,text,true,,231,158,134,134,http://localhost:8080/?token=494370254&user=-1356109124&config=2,15817,0,1
1781062364059,13976,Config 2,200,OK,Stress Test 1-168,text,true,,231,158,132,132,http://localhost:8080/?token=494370254&user=-1356109124&config=2,13976,0,1
1781062364072,13963,Config 2,200,OK,Stress Test 1-1,text,true,,231,158,131,131,http://localhost:8080/?token=494370254&user=-1356109124&config=2,13963,0,0
1781062364074,13962,Config 2,200,OK,Stress Test 1-21,text,true,,231,158,131,131,http://localhost:8080/?token=494370254&user=-1356109124&config=2,13962,0,0
1781062356163,21874,Config 2,200,OK,Stress Test 1-140,text,true,,231,158,130,130,http://localhost:8080/?token=494370254&user=-1356109124&config=2,21874,0,1
1781062356188,21850,Config 2,200,OK,Stress Test 1-146,text,true,,231,158,129,129,http://localhost:8080/?token=494370254&user=-1356109124&config=2,21850,0,1
1781062356189,21849,Config 2,200,OK,Stress Test 1-43,text,true,,231,158,128,128,http://localhost:8080/?token=494370254&user=-1356109124&config=2,21849,0,1
1781062356824,21214,Config 2,200,OK,Stress Test 1-256,text,true,,231,158,126,126,http://localhost:8080/?token=494370254&user=-1356109124&config=2,21214,0,1
1781062358023,20016,Config 2,200,OK,Stress Test 1-258,text,true,,231,158,126,126,http://localhost:8080/?token=494370254&user=-1356109124&config=2,20016,0,2
1781062357419,20620,Config 2,200,OK,Stress Test 1-257,text,true,,231,158,126,126,http://localhost:8080/?token=494370254&user=-1356109124&config=2,20620,0,1
1781062359823,18216,Config 2,200,OK,Stress Test 1-261,text,true,,231,158,123,123,http://localhost:8080/?token=494370254&user=-1356109124&config=2,18216,0,1
1781062359215,18825,Config 2,200,OK,Stress Test 1-260,text,true,,231,158,123,123,http://localhost:8080/?token=494370254&user=-1356109124&config=2,18825,0,1
1781062360418,17623,Config 2,200,OK,Stress Test 1-262,text,true,,231,158,121,121,http://localhost:8080/?token=494370254&user=-1356109124&config=2,17623,0,1
1781062365389,12654,Config 2,200,OK,Stress Test 1-207,text,true,,231,158,120,120,http://localhost:8080/?token=494370254&user=-1356109124&config=2,12654,0,0
1781062365390,12653,Config 2,200,OK,Stress Test 1-78,text,true,,231,158,120,120,http://localhost:8080/?token=494370254&user=-1356109124&config=2,12653,0,0
1781062365390,12654,Config 2,200,OK,Stress Test 1-40,text,true,,231,158,118,118,http://localhost:8080/?token=494370254&user=-1356109124&config=2,12654,0,0
1781062365391,12654,Config 2,200,OK,Stress Test 1-141,text,true,,231,158,118,118,http://localhost:8080/?token=494370254&user=-1356109124&config=2,12654,0,0
1781062365393,12653,Config 2,200,OK,Stress Test 1-90,text,true,,231,158,116,116,http://localhost:8080/?token=494370254&user=-1356109124&config=2,12653,0,0
1781062365391,12655,Config 2,200,OK,Stress Test 1-132,text,true,,231,158,116,116,http://localhost:8080/?token=494370254&user=-1356109124&config=2,12655,0,0
1781062365394,12653,Config 2,200,OK,Stress Test 1-199,text,true,,231,158,114,114,http://localhost:8080/?token=494370254&user=-1356109124&config=2,12653,0,0
1781062362819,15228,Config 2,200,OK,Stress Test 1-266,text,true,,231,158,114,114,http://localhost:8080/?token=494370254&user=-1356109124&config=2,15228,0,1
1781062364059,13990,Config 2,200,OK,Stress Test 1-165,text,true,,231,158,112,112,http://localhost:8080/?token=494370254&user=-1356109124&config=2,13990,0,1
1781062364061,13989,Config 2,200,OK,Stress Test 1-155,text,true,,231,158,111,111,http://localhost:8080/?token=494370254&user=-1356109124&config=2,13989,0,2
1781062364080,13971,Config 2,200,OK,Stress Test 1-150,text,true,,231,158,111,111,http://localhost:8080/?token=494370254&user=-1356109124&config=2,13971,0,2
1781062364082,13970,Config 2,200,OK,Stress Test 1-147,text,true,,231,158,109,109,http://localhost:8080/?token=494370254&user=-1356109124&config=2,13970,0,2
1781062365389,12664,Config 2,200,OK,Stress Test 1-57,text,true,,231,158,108,108,http://localhost:8080/?token=494370254&user=-1356109124&config=2,12664,0,0
1781062365389,12666,Config 2,200,OK,Stress Test 1-130,text,true,,231,158,107,107,http://localhost:8080/?token=494370254&user=-1356109124&config=2,12666,0,0
1781062365926,12128,Config 2,200,OK,Stress Test 1-183,text,true,,231,158,107,107,http://localhost:8080/?token=494370254&user=-1356109124&config=2,12128,0,0
1781062365389,12666,Config 2,200,OK,Stress Test 1-61,text,true,,231,158,107,107,http://localhost:8080/?token=494370254&user=-1356109124&config=2,12666,0,0
1781062365389,12667,Config 2,200,OK,Stress Test 1-33,text,true,,231,158,104,104,http://localhost:8080/?token=494370254&user=-1356109124&config=2,12667,0,0
1781062365390,12666,Config 2,200,OK,Stress Test 1-148,text,true,,231,158,104,104,http://localhost:8080/?token=494370254&user=-1356109124&config=2,12666,0,0
1781062365977,12079,Config 2,200,OK,Stress Test 1-184,text,true,,231,158,104,104,http://localhost:8080/?token=494370254&user=-1356109124&config=2,12079,0,0
1781062356189,21869,Config 2,200,OK,Stress Test 1-44,text,true,,231,158,101,101,http://localhost:8080/?token=494370254&user=-1356109124&config=2,21869,0,1
1781062365390,12667,Config 2,200,OK,Stress Test 1-131,text,true,,231,158,101,101,http://localhost:8080/?token=494370254&user=-1356109124&config=2,12667,0,0
1781062356198,21861,Config 2,200,OK,Stress Test 1-41,text,true,,231,158,99,99,http://localhost:8080/?token=494370254&user=-1356109124&config=2,21861,0,2
1781062365391,12667,Config 2,200,OK,Stress Test 1-208,text,true,,231,158,99,99,http://localhost:8080/?token=494370254&user=-1356109124&config=2,12667,0,0
1781062365391,12668,Config 2,200,OK,Stress Test 1-3,text,true,,231,158,97,97,http://localhost:8080/?token=494370254&user=-1356109124&config=2,12668,0,0
1781062365412,12647,Config 2,200,OK,Stress Test 1-6,text,true,,231,158,97,97,http://localhost:8080/?token=494370254&user=-1356109124&config=2,12647,0,0
1781062365412,12648,Config 2,200,OK,Stress Test 1-123,text,true,,231,158,95,95,http://localhost:8080/?token=494370254&user=-1356109124&config=2,12648,0,0
1781062365977,12084,Config 2,200,OK,Stress Test 1-64,text,true,,231,158,94,94,http://localhost:8080/?token=494370254&user=-1356109124&config=2,12084,0,0
1781062364086,13975,Config 2,200,OK,Stress Test 1-106,text,true,,231,158,94,94,http://localhost:8080/?token=494370254&user=-1356109124&config=2,13975,0,1
1781062365926,12136,Config 2,200,OK,Stress Test 1-209,text,true,,231,158,92,92,http://localhost:8080/?token=494370254&user=-1356109124&config=2,12136,0,0
1781062365413,12650,Config 2,200,OK,Stress Test 1-79,text,true,,231,158,91,91,http://localhost:8080/?token=494370254&user=-1356109124&config=2,12650,0,0
1781062365981,12082,Config 2,200,OK,Stress Test 1-72,text,true,,231,158,91,91,http://localhost:8080/?token=494370254&user=-1356109124&config=2,12082,0,0
1781062365412,12652,Config 2,200,OK,Stress Test 1-102,text,true,,231,158,89,89,http://localhost:8080/?token=494370254&user=-1356109124&config=2,12652,0,0
1781062365940,12124,Config 2,200,OK,Stress Test 1-173,text,true,,231,158,89,89,http://localhost:8080/?token=494370254&user=-1356109124&config=2,12124,0,0
1781062365925,12141,Config 2,200,OK,Stress Test 1-177,text,true,,231,158,87,87,http://localhost:8080/?token=494370254&user=-1356109124&config=2,12141,0,0
1781062365412,12655,Config 2,200,OK,Stress Test 1-171,text,true,,231,158,86,86,http://localhost:8080/?token=494370254&user=-1356109124&config=2,12655,0,0
1781062365413,12654,Config 2,200,OK,Stress Test 1-139,text,true,,231,158,86,86,http://localhost:8080/?token=494370254&user=-1356109124&config=2,12654,0,0
1781062365392,12676,Config 2,200,OK,Stress Test 1-187,text,true,,231,158,85,85,http://localhost:8080/?token=494370254&user=-1356109124&config=2,12676,0,0
1781062365413,12656,Config 2,200,OK,Stress Test 1-77,text,true,,231,158,83,83,http://localhost:8080/?token=494370254&user=-1356109124&config=2,12656,0,0
1781062365925,12144,Config 2,200,OK,Stress Test 1-192,text,true,,231,158,83,83,http://localhost:8080/?token=494370254&user=-1356109124&config=2,12144,0,0
1781062365392,12678,Config 2,200,OK,Stress Test 1-68,text,true,,231,158,82,82,http://localhost:8080/?token=494370254&user=-1356109124&config=2,12678,0,0
1781062365393,12678,Config 2,200,OK,Stress Test 1-67,text,true,,231,158,80,80,http://localhost:8080/?token=494370254&user=-1356109124&config=2,12678,0,0
1781062365393,12678,Config 2,200,OK,Stress Test 1-197,text,true,,231,158,80,80,http://localhost:8080/?token=494370254&user=-1356109124&config=2,12678,0,0
1781062365394,12678,Config 2,200,OK,Stress Test 1-201,text,true,,231,158,78,78,http://localhost:8080/?token=494370254&user=-1356109124&config=2,12678,0,0
1781062365394,12678,Config 2,200,OK,Stress Test 1-202,text,true,,231,158,78,78,http://localhost:8080/?token=494370254&user=-1356109124&config=2,12678,0,0
1781062365395,12678,Config 2,200,OK,Stress Test 1-5,text,true,,231,158,76,76,http://localhost:8080/?token=494370254&user=-1356109124&config=2,12678,0,0
1781062365395,12678,Config 2,200,OK,Stress Test 1-60,text,true,,231,158,76,76,http://localhost:8080/?token=494370254&user=-1356109124&config=2,12678,0,0
1781062365413,12660,Config 2,200,OK,Stress Test 1-86,text,true,,231,158,76,76,http://localhost:8080/?token=494370254&user=-1356109124&config=2,12660,0,0
1781062365413,12661,Config 2,200,OK,Stress Test 1-92,text,true,,231,158,73,73,http://localhost:8080/?token=494370254&user=-1356109124&config=2,12661,0,0
1781062365413,12661,Config 2,200,OK,Stress Test 1-83,text,true,,231,158,73,73,http://localhost:8080/?token=494370254&user=-1356109124&config=2,12661,0,0
1781062365396,12679,Config 2,200,OK,Stress Test 1-95,text,true,,231,158,71,71,http://localhost:8080/?token=494370254&user=-1356109124&config=2,12679,0,0
1781062365395,12680,Config 2,200,OK,Stress Test 1-93,text,true,,231,158,71,71,http://localhost:8080/?token=494370254&user=-1356109124&config=2,12680,0,0
1781062365396,12680,Config 2,200,OK,Stress Test 1-117,text,true,,231,158,69,69,http://localhost:8080/?token=494370254&user=-1356109124&config=2,12680,0,0
1781062365413,12663,Config 2,200,OK,Stress Test 1-96,text,true,,231,158,69,69,http://localhost:8080/?token=494370254&user=-1356109124&config=2,12663,0,0
1781062365925,12152,Config 2,200,OK,Stress Test 1-224,text,true,,231,158,67,67,http://localhost:8080/?token=494370254&user=-1356109124&config=2,12152,0,0
1781062365396,12681,Config 2,200,OK,Stress Test 1-70,text,true,,231,158,67,67,http://localhost:8080/?token=494370254&user=-1356109124&config=2,12681,0,0
1781062365397,12681,Config 2,200,OK,Stress Test 1-2,text,true,,231,158,65,65,http://localhost:8080/?token=494370254&user=-1356109124&config=2,12681,0,0
1781062361015,17064,Config 2,200,OK,Stress Test 1-263,text,true,,231,158,65,65,http://localhost:8080/?token=494370254&user=-1356109124&config=2,17064,0,2
1781062365397,12684,Config 2,200,OK,Stress Test 1-31,text,true,,231,158,63,63,http://localhost:8080/?token=494370254&user=-1356109124&config=2,12684,0,0
1781062361614,16467,Config 2,200,OK,Stress Test 1-264,text,true,,231,158,63,63,http://localhost:8080/?token=494370254&user=-1356109124&config=2,16467,0,0
1781062363013,15070,Config 2,200,OK,Stress Test 1-55,text,true,,231,158,61,61,http://localhost:8080/?token=494370254&user=-1356109124&config=2,15070,0,1
1781062365397,12687,Config 2,200,OK,Stress Test 1-206,text,true,,231,158,60,60,http://localhost:8080/?token=494370254&user=-1356109124&config=2,12687,0,0
1781062365397,12688,Config 2,200,OK,Stress Test 1-91,text,true,,231,158,59,59,http://localhost:8080/?token=494370254&user=-1356109124&config=2,12688,0,0
1781062363013,15073,Config 2,200,OK,Stress Test 1-164,text,true,,231,158,58,58,http://localhost:8080/?token=494370254&user=-1356109124&config=2,15073,0,1
1781062363414,14674,Config 2,200,OK,Stress Test 1-267,text,true,,231,158,57,57,http://localhost:8080/?token=494370254&user=-1356109124&config=2,14674,0,1
1781062364054,14036,Config 2,200,OK,Stress Test 1-49,text,true,,231,158,56,56,http://localhost:8080/?token=494370254&user=-1356109124&config=2,14036,0,1
1781062364022,14068,Config 2,200,OK,Stress Test 1-268,text,true,,231,158,56,56,http://localhost:8080/?token=494370254&user=-1356109124&config=2,14068,0,2
1781062365925,12168,Config 2,200,OK,Stress Test 1-225,text,true,,231,158,54,54,http://localhost:8080/?token=494370254&user=-1356109124&config=2,12168,0,0
1781062365982,12112,Config 2,200,OK,Stress Test 1-226,text,true,,231,158,53,53,http://localhost:8080/?token=494370254&user=-1356109124&config=2,12112,0,0
1781062364079,14015,Config 2,200,OK,Stress Test 1-18,text,true,,231,158,53,53,http://localhost:8080/?token=494370254&user=-1356109124&config=2,14015,0,1
1781062364079,14017,Config 2,200,OK,Stress Test 1-80,text,true,,231,158,51,51,http://localhost:8080/?token=494370254&user=-1356109124&config=2,14017,0,1
1781062364080,14018,Config 2,200,OK,Stress Test 1-94,text,true,,231,158,50,50,http://localhost:8080/?token=494370254&user=-1356109124&config=2,14017,0,1
1781062364081,14018,Config 2,200,OK,Stress Test 1-42,text,true,,231,158,49,49,http://localhost:8080/?token=494370254&user=-1356109124&config=2,14018,0,3
1781062364084,14016,Config 2,200,OK,Stress Test 1-29,text,true,,231,158,48,48,http://localhost:8080/?token=494370254&user=-1356109124&config=2,14016,0,1
1781062364084,14017,Config 2,200,OK,Stress Test 1-63,text,true,,231,158,47,47,http://localhost:8080/?token=494370254&user=-1356109124&config=2,14017,0,1
1781062364084,14019,Config 2,200,OK,Stress Test 1-16,text,true,,231,158,46,46,http://localhost:8080/?token=494370254&user=-1356109124&config=2,14019,0,1
1781062364085,14018,Config 2,200,OK,Stress Test 1-22,text,true,,231,158,45,45,http://localhost:8080/?token=494370254&user=-1356109124&config=2,14018,0,1
1781062365925,12180,Config 2,200,OK,Stress Test 1-239,text,true,,231,158,44,44,http://localhost:8080/?token=494370254&user=-1356109124&config=2,12180,0,0
1781062365983,12122,Config 2,200,OK,Stress Test 1-240,text,true,,231,158,44,44,http://localhost:8080/?token=494370254&user=-1356109124&config=2,12122,0,0
1781062365984,12122,Config 2,200,OK,Stress Test 1-242,text,true,,231,158,42,42,http://localhost:8080/?token=494370254&user=-1356109124&config=2,12122,0,0
1781062365397,12710,Config 2,200,OK,Stress Test 1-182,text,true,,231,158,41,41,http://localhost:8080/?token=494370254&user=-1356109124&config=2,12710,0,0
1781062365397,12712,Config 2,200,OK,Stress Test 1-193,text,true,,231,158,40,40,http://localhost:8080/?token=494370254&user=-1356109124&config=2,12712,0,0
1781062365925,12185,Config 2,200,OK,Stress Test 1-243,text,true,,231,158,39,39,http://localhost:8080/?token=494370254&user=-1356109124&config=2,12185,0,0
1781062365926,12186,Config 2,200,OK,Stress Test 1-244,text,true,,231,158,38,38,http://localhost:8080/?token=494370254&user=-1356109124&config=2,12186,0,0
1781062365986,12126,Config 2,200,OK,Stress Test 1-245,text,true,,231,158,38,38,http://localhost:8080/?token=494370254&user=-1356109124&config=2,12126,0,0
1781062365987,12126,Config 2,200,OK,Stress Test 1-246,text,true,,231,158,36,36,http://localhost:8080/?token=494370254&user=-1356109124&config=2,12126,0,0
1781062365961,12153,Config 2,200,OK,Stress Test 1-247,text,true,,231,158,35,35,http://localhost:8080/?token=494370254&user=-1356109124&config=2,12153,0,0
1781062365398,12718,Config 2,200,OK,Stress Test 1-8,text,true,,231,158,34,34,http://localhost:8080/?token=494370254&user=-1356109124&config=2,12718,0,0
1781062365398,12720,Config 2,200,OK,Stress Test 1-12,text,true,,231,158,33,33,http://localhost:8080/?token=494370254&user=-1356109124&config=2,12720,0,0
1781062365398,12721,Config 2,200,OK,Stress Test 1-17,text,true,,231,158,32,32,http://localhost:8080/?token=494370254&user=-1356109124&config=2,12721,0,0
1781062365398,12723,Config 2,200,OK,Stress Test 1-15,text,true,,231,158,31,31,http://localhost:8080/?token=494370254&user=-1356109124&config=2,12723,0,0
1781062365399,12723,Config 2,200,OK,Stress Test 1-159,text,true,,231,158,30,30,http://localhost:8080/?token=494370254&user=-1356109124&config=2,12723,0,0
1781062365399,12724,Config 2,200,OK,Stress Test 1-75,text,true,,231,158,29,29,http://localhost:8080/?token=494370254&user=-1356109124&config=2,12724,0,0
1781062365399,12725,Config 2,200,OK,Stress Test 1-76,text,true,,231,158,29,29,http://localhost:8080/?token=494370254&user=-1356109124&config=2,12725,0,0
1781062364088,14138,Config 2,200,OK,Stress Test 1-162,text,true,,231,158,27,27,http://localhost:8080/?token=494370254&user=-1356109124&config=2,14138,0,1
1781062364095,14131,Config 2,200,OK,Stress Test 1-144,text,true,,231,158,27,27,http://localhost:8080/?token=494370254&user=-1356109124&config=2,14131,0,1
1781062364086,14140,Config 2,200,OK,Stress Test 1-151,text,true,,231,158,27,27,http://localhost:8080/?token=494370254&user=-1356109124&config=2,14140,0,1
1781062364086,14139,Config 2,200,OK,Stress Test 1-39,text,true,,231,158,27,27,http://localhost:8080/?token=494370254&user=-1356109124&config=2,14139,0,0
1781062364086,14139,Config 2,200,OK,Stress Test 1-129,text,true,,231,158,27,27,http://localhost:8080/?token=494370254&user=-1356109124&config=2,14139,0,1
1781062364092,14224,Config 2,200,OK,Stress Test 1-152,text,true,,231,158,22,22,http://localhost:8080/?token=494370254&user=-1356109124&config=2,14224,0,5
1781062364090,14255,Config 2,200,OK,Stress Test 1-97,text,true,,231,158,21,21,http://localhost:8080/?token=494370254&user=-1356109124&config=2,14255,0,7
1781062364093,14301,Config 2,200,OK,Stress Test 1-143,text,true,,231,158,20,20,http://localhost:8080/?token=494370254&user=-1356109124&config=2,14301,0,1
1781062364091,14376,Config 2,200,OK,Stress Test 1-103,text,true,,231,158,19,19,http://localhost:8080/?token=494370254&user=-1356109124&config=2,14376,0,6
1781062364097,14387,Config 2,200,OK,Stress Test 1-153,text,true,,231,158,18,18,http://localhost:8080/?token=494370254&user=-1356109124&config=2,14387,0,1
1781062364087,14481,Config 2,200,OK,Stress Test 1-109,text,true,,231,158,17,17,http://localhost:8080/?token=494370254&user=-1356109124&config=2,14481,0,1
1781062364095,14509,Config 2,200,OK,Stress Test 1-52,text,true,,231,158,16,16,http://localhost:8080/?token=494370254&user=-1356109124&config=2,14509,0,1
1781062364093,14576,Config 2,200,OK,Stress Test 1-59,text,true,,231,158,15,15,http://localhost:8080/?token=494370254&user=-1356109124&config=2,14576,0,1
1781062364099,14581,Config 2,200,OK,Stress Test 1-237,text,true,,231,158,14,14,http://localhost:8080/?token=494370254&user=-1356109124&config=2,14581,0,1
1781062364095,14585,Config 2,200,OK,Stress Test 1-4,text,true,,231,158,14,14,http://localhost:8080/?token=494370254&user=-1356109124&config=2,14585,0,1
1781062364090,14603,Config 2,200,OK,Stress Test 1-37,text,true,,231,158,12,12,http://localhost:8080/?token=494370254&user=-1356109124&config=2,14603,0,1
1781062364089,14616,Config 2,200,OK,Stress Test 1-196,text,true,,231,158,11,11,http://localhost:8080/?token=494370254&user=-1356109124&config=2,14616,0,7
1781062364101,14619,Config 2,200,OK,Stress Test 1-58,text,true,,231,158,10,10,http://localhost:8080/?token=494370254&user=-1356109124&config=2,14619,0,1
1781062364102,14621,Config 2,200,OK,Stress Test 1-195,text,true,,231,158,9,9,http://localhost:8080/?token=494370254&user=-1356109124&config=2,14621,0,0
1781062364104,14621,Config 2,200,OK,Stress Test 1-238,text,true,,231,158,8,8,http://localhost:8080/?token=494370254&user=-1356109124&config=2,14621,0,1
1781062365208,13553,Config 2,200,OK,Stress Test 1-270,text,true,,231,158,7,7,http://localhost:8080/?token=494370254&user=-1356109124&config=2,13553,0,1
1781062365817,12955,Config 2,200,OK,Stress Test 1-271,text,true,,231,158,6,6,http://localhost:8080/?token=494370254&user=-1356109124&config=2,12955,0,1
1781062365392,13396,Config 2,200,OK,Stress Test 1-156,text,true,,231,158,5,5,http://localhost:8080/?token=494370254&user=-1356109124&config=2,13396,0,1
1781062365410,13442,Config 2,200,OK,Stress Test 1-167,text,true,,231,158,4,4,http://localhost:8080/?token=494370254&user=-1356109124&config=2,13442,0,2
1781062364614,14260,Config 2,200,OK,Stress Test 1-269,text,true,,231,158,3,3,http://localhost:8080/?token=494370254&user=-1356109124&config=2,14260,0,1
1781062365410,13502,Config 2,200,OK,Stress Test 1-166,text,true,,231,158,2,2,http://localhost:8080/?token=494370254&user=-1356109124&config=2,13502,0,2
1781062365416,13521,Config 2,200,OK,Stress Test 1-160,text,true,,231,158,1,1,http://localhost:8080/?token=494370254&user=-1356109124&config=2,13521,0,1
